brand,variante,modelo,seg,concept,cn_raw
ABARTH,0AEB0000A0,500,UKL0,CABRIO,500
ABARTH,1AEB0000A0,500,UKL0,CABRIO,500
ABARTH,2AEB0000A0,600E,,,600E
ALFA ROMEO,0ADT416AA3,TONALE,UKL2,SAV,TONALE
ALFA ROMEO,0AGT415AA4,TONALE,UKL2,SAV,TONALE
ALFA ROMEO,0APA413BC6,TONALE,UKL2,SAV,TONALE
ALFA ROMEO,3AEA0000A0,JUNIOR,UKL1,SAV,ALFA ROMEO JUNIOR
ALFA ROMEO,3AEB0000A0,JUNIOR,UKL1,SAV,ALFA ROMEO JUNIOR
ALFA ROMEO,3AGT312AA3,JUNIOR,UKL1,SAV,ALFA ROMEO JUNIOR
ALFA ROMEO,3AGT312AB3,JUNIOR,UKL1,SAV,ALFA ROMEO JUNIOR
ALFA ROMEO,ACA4,GIULIA,KKL,SEDAN,GIULIA
ALFA ROMEO,AUA4,GIULIA,KKL,SEDAN,GIULIA
ALFA ROMEO,AWA2,GIULIA,KKL,SEDAN,GIULIA
ALFA ROMEO,AXA2,GIULIA,KKL,SEDAN,GIULIA QUADRIFOGLIO VERDE
ALFA ROMEO,AXA2A,STELVIO,KKL,SAV,STELVIO
ALFA ROMEO,AXS2A,STELVIO,KKL,SAV,STELVIO QUADRIFOGLIO
ALFA ROMEO,AXT2A,STELVIO,KKL,SAV,STELVIO
ALFA ROMEO,AXW1A,STELVIO,KKL,SAV,STELVIO
ALPINE,ABE,A290,UKL1,HATCH,A290
ALPINE,DF2,A110,KKL,COUPE,A110
ASTON MARTIN,A,DB12,,,DB12
ASTON MARTIN,B,DB12,,,DB12 VOLANTE
ASTON MARTIN,C,VANTAGE,,,VANTAGE
ASTON MARTIN,G,DBX707,,,DBX707
AUDI,A2DECAQ1,RS,,,RS 4 AVANT
AUDI,A2DECCQ1,RS,,,RS 4 AVANT
AUDI,A2DMKCQ1,S4 AVANT,,,S4 AVANT
AUDI,A2DMSAF1,A4,KKL,CABRIO,A4 AVANT
AUDI,A2DTNAF1,A4,KKL,CABRIO,A4 AVANT
AUDI,A2DTNBF1,A4,KKL,CABRIO,A4 AVANT
AUDI,A2DWVAQ1,S5 AVANT,,,S5 AVANT
AUDI,A2DWZAF1,A5,KKL,CABRIO,A5 AVANT
AUDI,A2DWZBF1,A5,KKL,CABRIO,A5 AVANT
AUDI,A2DYVAQ1,A5,KKL,CABRIO,A5 AVANT 220KW TFSI E
AUDI,A2DYYAF1,A5,KKL,CABRIO,A5 AVANT
AUDI,A2DYYAQ1,A5,KKL,CABRIO,A5 AVANT
AUDI,A3DYVAQ2,A6,MKL,SEDAN,A6 AVANT 220KW TFSI E
AUDI,A3DYYAF1,A6,MKL,SEDAN,AUDI A6 AVANT
AUDI,A3DYYAQ1,A6,MKL,SEDAN,AUDI A6 AVANT
AUDI,A3DYYAQ2,A6,MKL,SEDAN,AUDI A6 AVANT
AUDI,ABD7PCH1,A6,MKL,SEDAN,A6 AV E-TRON
AUDI,ABM19AQ1,A6,MKL,SEDAN,A6 AV E-TRON QUATTRO
AUDI,ABM21AH1,A6,MKL,SEDAN,A6 AV E-TRON PERFORMANCE
AUDI,ABMQ3BQ1,S6 AV E-TRON,,,S6 AV E-TRON
AUDI,ADMGHQ1,A6,MKL,SEDAN,A6 AVANT
AUDI,ADMKDQ1,S6 AVANT,,,S6 AVANT
AUDI,ADMKDQ2,S6 AVANT,,,S6 AVANT
AUDI,ADMTAQ1,A6,MKL,SEDAN,A6 AVANT
AUDI,ADRYAQ1,A6,MKL,SEDAN,A6 AVANT 50 TFSI E
AUDI,ADTPAF1,A6,MKL,SEDAN,A6 AVANT
AUDI,ADTPAQ1,A6,MKL,SEDAN,A6 AVANT
AUDI,ADYGAQ2,RS,,,RS 6 AVANT
AUDI,ADYGBQ1,RS,,,RS 6 AVANT
AUDI,ADYGBQ2,RS,,,RS 6 AVANT
AUDI,C2DTPAF1,A5,KKL,CABRIO,A5 COUPE
AUDI,CDMWAQ1,R8,GKL,COUPE,R8 COUPE
AUDI,GCZSEQ2,A8,GKL,SEDAN,A8
AUDI,GDMGKQ1,A8,GKL,SEDAN,A8
AUDI,H2DTPAQ1,A4 ALLROAD,,,A4 ALLROAD QUATTRO
AUDI,HDLZAQ1,A6 ALLROAD,,,A6 ALLROAD QUATTRO
AUDI,HDMGAQ1,A6 ALLROAD,,,A6 ALLROAD QUATTRO
AUDI,HDMGHQ1,A6 ALLROAD,,,A6 ALLROAD QUATTRO
AUDI,HDNNEQ1,A3,UKL2,HATCH,A3 ALLSTREET
AUDI,HDTPAQ1,A6 ALLROAD,,,A6 ALLROAD QUATTRO
AUDI,HDUCBF1,A3,UKL2,HATCH,A3 ALLSTREET PHEV 150
AUDI,HDUSAF1,A1,UKL1,HATCH,A1 ALLSTREET
AUDI,HDUSBF1,A1,UKL1,HATCH,A1 ALLSTREET
AUDI,HDXDBF1,A3,UKL2,HATCH,A3 ALLSTREET
AUDI,HDXPAF1,A3,UKL2,HATCH,A3 ALLSTREET
AUDI,K2DMSAF1,A5,KKL,CABRIO,A5 CABRIOLET
AUDI,K2DTNAF1,A5,KKL,CABRIO,A5 CABRIOLET
AUDI,L2DTNAF1,A4,KKL,CABRIO,A4 LIMOUSINE
AUDI,L2DTNBF1,A4,KKL,CABRIO,A4 LIMOUSINE
AUDI,L3DYVAQ2,A6,MKL,SEDAN,A6 LIM 220KW TFSI E
AUDI,L3DYYAF1,A6,MKL,SEDAN,AUDI A6 LIMOUSINE
AUDI,L3DYYAQ1,A6,MKL,SEDAN,AUDI A6 LIMOUSINE
AUDI,L3DYYAQ2,A6,MKL,SEDAN,AUDI A6 LIMOUSINE
AUDI,LCZSEQ1,A8,GKL,SEDAN,A8
AUDI,LCZSEQ2,A8,GKL,SEDAN,A8
AUDI,LDFYAF1,A3,UKL2,HATCH,A3 LIMOUSINE
AUDI,LDMGHQ1,A6,MKL,SEDAN,A6 LIMOUSINE
AUDI,LDMGKQ1,A8,GKL,SEDAN,A8
AUDI,LDMGKQ2,A8,GKL,SEDAN,A8
AUDI,LDMKDQ2,S6 LIMOUSINE,,,S6 LIMOUSINE
AUDI,LDMTAQ1,A6,MKL,SEDAN,A6 LIMOUSINE
AUDI,LDNFFQ1,S3 LIMOUSINE,,,S3 LIMOUSINE
AUDI,LDNWCQ1,RS,,,RS 3 LIMOUSINE
AUDI,LDRYAQ1,A6,MKL,SEDAN,A6 50 TFSI E
AUDI,LDTPAF1,A6,MKL,SEDAN,A6 LIMOUSINE
AUDI,LDTPAQ1,A6,MKL,SEDAN,A6 LIMOUSINE
AUDI,LDWKAQ2,S8,,,S8
AUDI,LDXDBF1,A3,UKL2,HATCH,A3 LIMOUSINE
AUDI,LDXDEF1,A3,UKL2,HATCH,A3 LIMOUSINE
AUDI,LDXPAF1,A3,UKL2,HATCH,A3 LIMOUSINE
AUDI,LDXRCF1,A3,UKL2,HATCH,A3 LIMOUSINE
AUDI,S2DECAQ1,RS,,,RS 5 SPORTBACK
AUDI,S2DECCQ1,RS,,,RS 5 SPORTBACK
AUDI,S2DMKCQ1,S5 SPORTBACK,,,S5 SPORTBACK
AUDI,S2DMTAQ1,A5,KKL,CABRIO,A5 SPORTBACK
AUDI,S2DTNAF1,A5,KKL,CABRIO,A5 SPORTBACK
AUDI,S2DTPAF1,A5,KKL,CABRIO,A5 SPORTBACK
AUDI,S2DTPAQ1,A5,KKL,CABRIO,A5 SPORTBACK
AUDI,S2DWVAQ1,SQ5 SB,,,AUDI SQ5 SB
AUDI,S2DWZAF1,A5,KKL,CABRIO,A5 LIMOUSINE
AUDI,S2DWZBF1,A5,KKL,CABRIO,A5 LIMOUSINE
AUDI,S2DWZBQ1,A5,KKL,CABRIO,A5 LIMOUSINE
AUDI,S2DXABF1,Q5,KKL,SAV,AUDI Q5 SB
AUDI,S2DXABQ1,Q5,KKL,SAV,AUDI Q5 SB
AUDI,S2DYVAQ1,Q5,KKL,SAV,Q5 SB 220KW TFSI E
AUDI,S2DYYAF1,A5,KKL,CABRIO,A5 LIMOUSINE
AUDI,S2DYYAQ1,Q5,KKL,SAV,AUDI Q5 SB
AUDI,SBD1XAQ2,RS E-TRON GT,,,RS E-TRON GT
AUDI,SBD2VQ1,E-TRON GT,GKL,SEDAN,E-TRON GT
AUDI,SBD2VQ2,E-TRON GT,GKL,SEDAN,E-TRON GT
AUDI,SBD6CAQ1,Q6 SB E-TRON,,,Q6 SB E-TRON QUATTRO
AUDI,SBD7PAH1,Q4 SPORTBACK,,,Q4 SPORTBACK 45 E-TRON
AUDI,SBD7PBQ1,Q4 SPORTBACK,,,Q4 SPORTBACK 45 E-TRON
AUDI,SBD7PCH1,A6,MKL,SEDAN,A6 SB E-TRON
AUDI,SBDU4AH1,Q6 SB E-TRON,,,Q6 SB E-TRON PERFORMANCE
AUDI,SBL1FAH1,Q4 SPORTBACK,,,Q4 SPORTBACK 40 E-TRON
AUDI,SBL1FH1,Q4 SPORTBACK,,,Q4 SPORTBACK 40 E-TRON
AUDI,SBL1IAQ1,Q8,MKL,SAV,Q8 SPORTBACK 50 E-TRON
AUDI,SBL1IBQ1,Q4 SPORTBACK,,,Q4 SPORTBACK 55 E-TRON
AUDI,SBL1NAQ1,SQ6 SB E-TRON,,,SQ6 SB E-TRON
AUDI,SBL1WQ1,RS E-TRON GT,,,RS E-TRON GT
AUDI,SBM0BAH1,Q6 SB E-TRON,,,Q6 SB E-TRON
AUDI,SBM0CAQ1,S E-TRON GT,,,S E-TRON GT
AUDI,SBM0CAQ2,S E-TRON GT,,,S E-TRON GT
AUDI,SBM19AQ1,A6,MKL,SEDAN,A6 SB E-TRON QUATTRO
AUDI,SBM1JAQ1,Q8,MKL,SAV,Q8 SPORTBACK 55 E-TRON
AUDI,SBM21AH1,A6,MKL,SEDAN,A6 SB E-TRON PERFORMANCE
AUDI,SBMD2AQ2,RS E-TRON GT,,,RS E-TRON GT PERFORMANCE
AUDI,SBMQ3AQ1,SQ8 SPORTBACK E-TRON,,,SQ8 SPORTBACK E-TRON
AUDI,SBMQ3BQ1,S6 SB E-TRON,,,S6 SB E-TRON
AUDI,SBMQ3CQ1,E-TRON GT,GKL,SEDAN,E-TRON GT
AUDI,SBMQ3CQ2,E-TRON GT,GKL,SEDAN,E-TRON GT
AUDI,SDCBDQ1,Q8,MKL,SAV,Q8 55 TFSI E
AUDI,SDCBDQ2,Q8,MKL,SAV,Q8 60 TFSI E
AUDI,SDGEAF1,A3,UKL2,HATCH,A3 40 TFSIE
AUDI,SDLAAF1,A3,UKL2,HATCH,A3 SPORTBACK
AUDI,SDMGAQ1,A7,MKL,SEDAN,A7 SPORTBACK
AUDI,SDMGHQ1,A7,MKL,SEDAN,A7 SPORTBACK
AUDI,SDMKCQ1,SQ5 SPORTBACK,,,SQ5 SPORTBACK
AUDI,SDMKDQ1,S7 SPORTBACK,,,S7 SPORTBACK
AUDI,SDMKDQ2,S7 SPORTBACK,,,S7 SPORTBACK
AUDI,SDNFFQ1,S3 SPORTBACK,,,S3 SPORTBACK
AUDI,SDNNAQ1,Q3 SPORTBACK,UKL2,SAV,Q3 SPORTBACK
AUDI,SDNNEQ1,Q3 SPORTBACK,UKL2,SAV,Q3 SPORTBACK
AUDI,SDNPAQ1,Q3 SPORTBACK,UKL2,SAV,Q3 SPORTBACK
AUDI,SDNPBQ1,Q3 SPORTBACK,UKL2,SAV,Q3 SPORTBACK
AUDI,SDNWCQ1,RS,,,RS 3 SPORTBACK
AUDI,SDPUAQ1,Q5 SPORTBACK,KKL,SAV,Q5 SPORTBACK
AUDI,SDPXAQ1,Q8,MKL,SAV,Q8
AUDI,SDPXAQ2,Q8,MKL,SAV,Q8
AUDI,SDPXBQ1,Q8,MKL,SAV,Q8
AUDI,SDPXBQ2,Q8,MKL,SAV,Q8
AUDI,SDRYAQ1,Q5 SPORTBACK,KKL,SAV,Q5 SPORTBACK 50 TFSI E
AUDI,SDTNAF1,Q5 SPORTBACK,KKL,SAV,Q5 SPORTBACK
AUDI,SDTPAF1,A7,MKL,SEDAN,A7 SPORTBACK
AUDI,SDTPAQ1,Q5 SPORTBACK,KKL,SAV,Q5 SPORTBACK
AUDI,SDTSBF1,A3,UKL2,HATCH,A3 SPORTBACK
AUDI,SDUCAF1,A3,UKL2,HATCH,A3 SPORTBACK PHEV 200
AUDI,SDUCBF1,A3,UKL2,HATCH,A3 SPORTBACK PHEV 150
AUDI,SDUSAF1,A1,UKL1,HATCH,A1 SPORTBACK
AUDI,SDUSBF1,A1,UKL1,HATCH,A1 SPORTBACK
AUDI,SDWNAQ2,RS Q8,,,RS Q8
AUDI,SDWNBQ2,RS Q8,,,RS Q8
AUDI,SDWRBQ2,SQ8,,,SQ8
AUDI,SDXDBF1,A3,UKL2,HATCH,A3 SPORTBACK
AUDI,SDXDEF1,A3,UKL2,HATCH,A3 SPORTBACK
AUDI,SDXNBQ1,Q3 SPORTBACK,UKL2,SAV,Q3 SPORTBACK
AUDI,SDXPAF1,Q3 SPORTBACK,UKL2,SAV,Q3 SPORTBACK
AUDI,SDXRCF1,A3,UKL2,HATCH,A3 SPORTBACK
AUDI,SDYGAQ2,RS,,,RS 7 SPORTBACK
AUDI,X2DWVAQ1,SQ5,,,AUDI SQ5
AUDI,X2DXABF1,Q5,KKL,SAV,AUDI Q5
AUDI,X2DXABQ1,Q5,KKL,SAV,AUDI Q5
AUDI,X2DYVAQ1,Q5,KKL,SAV,Q5 220KW TFSI E
AUDI,X2DYYAQ1,Q5,KKL,SAV,AUDI Q5
AUDI,XBD6CAQ1,Q6 SUV E-TRON,,,Q6 SUV E-TRON QUATTRO
AUDI,XBD7PAH1,Q4,,,Q4 45 E-TRON
AUDI,XBD7PBQ1,Q4,,,Q4 45 E-TRON
AUDI,XBDU4AH1,Q6 SUV E-TRON,,,Q6 SUV E-TRON PERFORMANCE
AUDI,XBL1EAH1,Q4,,,Q4 35 E-TRON
AUDI,XBL1EH1,Q4,,,Q4 35 E-TRON
AUDI,XBL1FAH1,Q4,,,Q4 40 E-TRON
AUDI,XBL1FH1,Q4,,,Q4 40 E-TRON
AUDI,XBL1IAQ1,Q8,MKL,SAV,Q8 50 E-TRON
AUDI,XBL1IBQ1,Q4,,,Q4 55 E-TRON
AUDI,XBL1NAQ1,SQ6 SUV E-TRON,,,SQ6 SUV E-TRON
AUDI,XBM0BAH1,Q6 SUV E-TRON,,,Q6 SUV E-TRON
AUDI,XBM1JAQ1,Q8,MKL,SAV,Q8 55 E-TRON
AUDI,XBM9TQ1,Q4,,,Q4 50 E-TRON
AUDI,XDCBDQ1,Q7,MKL,SAV,Q7 55 TFSI E
AUDI,XDCBDQ2,Q7,MKL,SAV,Q7 55 TFSI E
AUDI,XDCBEQ1,Q7,MKL,SAV,Q7 55 TFSI E
AUDI,XDGEAF1,Q3,UKL2,SAV,Q3 E-TRON
AUDI,XDMKCQ1,SQ5,,,SQ5
AUDI,XDNFCQ1,SQ2,,,SQ2
AUDI,XDNNAQ1,Q3,UKL2,SAV,Q3
AUDI,XDNNEQ1,Q3,UKL2,SAV,Q3
AUDI,XDNPAQ1,Q3,UKL2,SAV,Q3
AUDI,XDNPBQ1,Q3,UKL2,SAV,Q3
AUDI,XDPUAQ1,Q5,KKL,SAV,Q5
AUDI,XDPXAQ1,Q7,MKL,SAV,Q7
AUDI,XDPXAQ2,Q7,MKL,SAV,Q7
AUDI,XDPXBQ1,Q7,MKL,SAV,Q7
AUDI,XDPXBQ2,Q7,MKL,SAV,Q7
AUDI,XDRYAQ1,Q5,KKL,SAV,Q5 50 TFSI E
AUDI,XDTNAF1,Q5,KKL,SAV,Q5
AUDI,XDTPAQ1,Q5,KKL,SAV,Q5
AUDI,XDTRBF1,Q2,UKL2,SAV,Q2
AUDI,XDTSBF1,Q3,UKL2,SAV,Q3
AUDI,XDTTCF1,Q2,UKL2,SAV,Q2
AUDI,XDUCAF1,Q3,UKL2,SAV,Q3 200KW TFSI E
AUDI,XDUSAF1,Q2,UKL2,SAV,Q2
AUDI,XDWRBQ2,SQ7,,,SQ7
AUDI,XDXDBF1,Q2,UKL2,SAV,Q2
AUDI,XDXNBQ1,Q3,UKL2,SAV,Q3
AUDI,XDXPAF1,Q3,UKL2,SAV,Q3
AUDI,XDXRBF1,Q2,UKL2,SAV,Q2
AUDI,XDXRBQ1,Q2,UKL2,SAV,Q2
AUDI,XDXRCF1,Q2,UKL2,SAV,Q2
AUTOMOBILI LAMBORGHINI S.P.A.,A E A A,URUS,,,URUS
AUTOMOBILI LAMBORGHINI S.P.A.,A1,HURACAN,,,HURACAN
AUTOMOBILI LAMBORGHINI S.P.A.,AA22,REVUELTO,,,REVUELTO
AUTOMOBILI LAMBORGHINI S.P.A.,ACAA,URUS,,,URUS
AUTOMOBILI LAMBORGHINI S.P.A.,ADAA,URUS,,,URUS
AUTOMOBILI LAMBORGHINI S.P.A.,B E A A,URUS,,,URUS
AUTOMOBILI LAMBORGHINI S.P.A.,B1,HURACAN,,,HURACAN
AUTOMOBILI LAMBORGHINI S.P.A.,G2,HURACAN,,,HURACAN
BAIC,A3F1PA,X55,,,X55
BENTLEY,AD4VAF,BENTAYGA,GKL++1,SAV,BENTAYGA S V8
BENTLEY,AD5VAF,BENTAYGA,GKL++1,SAV,BENTAYGA AZURE V8
BENTLEY,AD5XAE,BENTAYGA,GKL++1,SAV,BENTAYGA S V8
BENTLEY,AG4WBF,BENTAYGA,GKL++1,SAV,BENTAYGA AZURE HYBRID
BENTLEY,AG5WBF,BENTAYGA,GKL++1,SAV,BENTAYGA HYBRID
BENTLEY,AG5WBG,BENTAYGA,GKL++1,SAV,BENTAYGA AZURE HYBRID
BENTLEY,B4CYDD,FLYING SPUR,GKL++1,SEDAN,FLYING SPUR MULLINER HYBRID
BENTLEY,B4DWEEC,FLYING SPUR,GKL++1,SEDAN,FLYING SPUR MULLINER
BENTLEY,B4DWFFB,FLYING SPUR,GKL++1,SEDAN,FLYING SPUR AZURE
BENTLEY,B5AZAD,FLYING SPUR,GKL++1,SEDAN,FLYING SPUR SPEED EDITION 12
BENTLEY,B5BXBD,FLYING SPUR,GKL++1,SEDAN,FLYING SPUR AZURE V8
BENTLEY,B5CYDD,FLYING SPUR,GKL++1,SEDAN,FLYING SPUR AZURE HYBRID
BENTLEY,B5DWEEC,FLYING SPUR,GKL++1,SEDAN,FLYING SPUR MULLINER
BENTLEY,B5DWEED,FLYING SPUR,GKL++1,SEDAN,FLYING SPUR SPEED
BENTLEY,C4BXBD,CONTINENTAL,GKL++2,CABRIO,CONTINENTAL GT S V8
BENTLEY,C4DWEED,CONTINENTAL,GKL++2,CABRIO,CONTINENTAL GT SPEED
BENTLEY,C4DWEFC,CONTINENTAL,GKL++2,CABRIO,CONTINENTAL GT MULLINER
BENTLEY,C4DWEFD,CONTINENTAL,GKL++2,CABRIO,CONTINENTAL GT SPEED
BENTLEY,C4DWFEA,CONTINENTAL,GKL++2,CABRIO,CONTINENTAL GT
BENTLEY,C4DWFFA,CONTINENTAL,GKL++2,CABRIO,CONTINENTAL GT
BENTLEY,C4DWFFB,CONTINENTAL,GKL++2,CABRIO,CONTINENTAL GT AZURE
BENTLEY,D4AZCD,CONTINENTAL,GKL++2,CABRIO,CONTINENTAL GTC SPEED EDITION 12
BENTLEY,D4BXBD,CONTINENTAL,GKL++2,CABRIO,CONTINENTAL GTC AZURE V8
BENTLEY,D4DWEEC,CONTINENTAL,GKL++2,CABRIO,CONTINENTAL GTC MULLINER
BENTLEY,D4DWEED,CONTINENTAL,GKL++2,CABRIO,CONTINENTAL GTC SPEED
BENTLEY,D4DWEFC,CONTINENTAL,GKL++2,CABRIO,CONTINENTAL GTC MULLINER
BENTLEY,D4DWFFA,CONTINENTAL,GKL++2,CABRIO,CONTINENTAL GTC
BENTLEY,D4DWFFB,CONTINENTAL,GKL++2,CABRIO,CONTINENTAL GTC AZURE
BMW,11AK,218I,,,218I
BMW,11AS,420D,,,420D
BMW,11AT,420I,,,420I
BMW,11AV,420I,,,420I
BMW,11AW,M440I XDRIVE,,,M440I XDRIVE
BMW,11CF,IX,MKL,SAV,IX XDRIVE40
BMW,11CM,220I,,,220I
BMW,11CN,220D,,,220D
BMW,11CS,XM,GKL,SAV,XM 50E
BMW,11DM,M2,,,M2
BMW,11DT,X4,KKL,SAV,X4 XDRIVE20I
BMW,11EC,X3,KKL,SAV,X3 M COMPETITION
BMW,11EE,X1,UKL2,SAV,X1 SDRIVE18I
BMW,11EF,X1,UKL2,SAV,X1 M35I XDRIVE
BMW,11EG,X1,UKL2,SAV,X1 SDRIVE18D
BMW,11ET,X5,MKL,SAV,X5 M COMPETITION
BMW,11EV,X5,MKL,SAV,X5 XDRIVE30D
BMW,11EY,X6,MKL,SAV,X6 XDRIVE30D M SPORT
BMW,11FJ,520I,,,520I
BMW,11FK,550E XDRIVE,,,550E XDRIVE
BMW,11FL,520D,,,520D
BMW,11FZ,318D,,,318D
BMW,11GB,M3 COMPETITION M,,,M3 COMPETITION M XDRIVE
BMW,11GF,118D,,,118D
BMW,11GH,218D,,,218D
BMW,11GR,X3,KKL,SAV,X3 20D XDRIVE
BMW,11GV,520I,,,520I
BMW,11GW,520D,,,520D
BMW,11HB,420I,,,420I
BMW,11HC,420I,,,420I
BMW,11HD,I4,KKL,SEDAN,I4 EDRIVE35
BMW,11HG,I5,MKL,SEDAN,I5 XDRIVE40
BMW,11HH,I5,MKL,SEDAN,I5 EDRIVE40
BMW,15BZ,X3,KKL,SAV,X3 XDRIVE20D
BMW,15GR,X3,KKL,SAV,X3 20D XDRIVE
BMW,18FS,320E,,,320E
BMW,21AX,420D,,,420D
BMW,21BX,218I ACTIVE TOURER,,,218I ACTIVE TOURER
BMW,21BY,218D ACTIVE TOURER,,,218D ACTIVE TOURER
BMW,21CF,IX,MKL,SAV,IX XDRIVE50
BMW,21CM,230I,,,230I
BMW,21CS,XM,GKL,SAV,XM
BMW,21DM,M2,,,M2
BMW,21EA,225E XDRIVE ACTIVE,,,225E XDRIVE ACTIVE TOURER
BMW,21EC,X4,KKL,SAV,X4 M COMPETITION
BMW,21EF,X1,UKL2,SAV,X1 XDRIVE25E
BMW,21EJ,740D XDRIVE,,,740D XDRIVE
BMW,21EM,X7,GKL,SAV,X7 XDRIVE40I
BMW,21EN,X7,GKL,SAV,X7 XDRIVE40D
BMW,21ET,X6,MKL,SAV,X6 M COMPETITION
BMW,21EU,X5,MKL,SAV,X5 XDRIVE40I
BMW,21EV,X5,MKL,SAV,X5 XDRIVE40D
BMW,21EY,X6,MKL,SAV,X6 XDRIVE40D M SPORT
BMW,21FL,520D XDRIVE,,,520D XDRIVE
BMW,21FY,320I,,,320I
BMW,21FZ,320D,,,320D
BMW,21GB,M3 COMPETITION M,,,M3 COMPETITION M XDRIVE
BMW,21GE,M135 XDRIVE,,,M135 XDRIVE
BMW,21GF,120D,,,120D
BMW,21GH,220D,,,220D
BMW,21GL,M340I XDRIVE,,,M340I XDRIVE
BMW,21GM,X2,UKL2,SAV,X2 SDRIVE20I
BMW,21GV,530E,,,530E
BMW,21GW,520D XDRIVE,,,520D XDRIVE
BMW,21HD,I4,KKL,SEDAN,I4 EDRIVE40
BMW,21HJ,M3 COMPETITION,,,M3 COMPETITION
BMW,21HK,M4 COMPETITION,,,M4 COMPETITION
BMW,25DN,X3,KKL,SAV,X3 M40D
BMW,25DP,X3,KKL,SAV,X3 XDRIVE20I
BMW,25GR,X3,KKL,SAV,X3 40D XDRIVE
BMW,28FS,330E,,,330E
BMW,28FU,318D,,,318D
BMW,31AK,220I,,,220I
BMW,31AM,218D,,,218D
BMW,31AW,I4,KKL,SEDAN,I4 M50
BMW,31AZ,M4 COMPETITION,,,M4 COMPETITION
BMW,31CA,X4,KKL,SAV,X4 XDRIVE20D
BMW,31CF,IX,MKL,SAV,IX M60
BMW,31CG,530E XDRIVE,,,530E XDRIVE
BMW,31CS,XM,GKL,SAV,XM LABEL
BMW,31DM,M2 CS,,,M2 CS
BMW,31EE,X1,UKL2,SAV,X1 SDRIVE20I
BMW,31EF,X1,UKL2,SAV,X1 XDRIVE30E
BMW,31EG,X1,UKL2,SAV,X1 SDRIVE20D
BMW,31EM,X7,GKL,SAV,X7 M60I XDRIVE
BMW,31EU,X5,MKL,SAV,X5 M60I XDRIVE
BMW,31EX,X6,MKL,SAV,X6 XDRIVE40I M SPORT
BMW,31FK,I5,MKL,SEDAN,I5 EDRIVE40
BMW,31FL,540D XDRIVE,,,540D XDRIVE
BMW,31FZ,320D XDRIVE,,,320D XDRIVE
BMW,31GB,M3 CS,,,M3 CS
BMW,31GE,116,,,116
BMW,31GG,M235 XDRIVE,,,M235 XDRIVE
BMW,31GH,220,,,220
BMW,31GN,X2,UKL2,SAV,X2 SDRIVE18D
BMW,31GP,X3,KKL,SAV,X3 20 XDRIVE
BMW,31GV,530E XDRIVE,,,530E XDRIVE
BMW,31GW,540D XDRIVE,,,540D XDRIVE
BMW,31HD,I4,KKL,SEDAN,I4 M50 XDRIVE
BMW,31HG,I5,MKL,SEDAN,I5 XDRIVE40
BMW,31HH,I5,MKL,SEDAN,I5 M60 XDRIVE
BMW,31HJ,M3 COMPETITION M,,,M3 COMPETITION M XDRIVE
BMW,31HK,M4 COMPETITION M,,,M4 COMPETITION M XDRIVE
BMW,31HR,IX3,KKL,SAV,IX3 50 XDRIVE
BMW,35GP,X3,KKL,SAV,X3 20 XDRIVE
BMW,38FU,320D,,,320D
BMW,41AY,M3 COMPETITION M,,,M3 COMPETITION M XDRIVE
BMW,41AZ,M4 COMPETITION M,,,M4 COMPETITION M XDRIVE
BMW,41BA,M4 COMPETITION M,,,M4 COMPETITION M XDRIVE
BMW,41CF,IX,MKL,SAV,IX XDRIVE45
BMW,41CM,M240I,,,M240I
BMW,41DT,X4,KKL,SAV,X4 M40I
BMW,41DU,IX3,KKL,SAV,IX3
BMW,41EG,X1,UKL2,SAV,X1 XDRIVE20D
BMW,41EH,750E XDRIVE,,,750E XDRIVE
BMW,41EJ,I7,GKL,SEDAN,I7 EDRIVE50
BMW,41EU,X5,MKL,SAV,X5 XDRIVE50E
BMW,41EX,X6,MKL,SAV,X6 M60I XDRIVE
BMW,41FF,M340I XDRIVE,,,M340I XDRIVE
BMW,41FK,I5,MKL,SEDAN,I5 M60 XDRIVE
BMW,41FN,420D,,,420D
BMW,41FP,430I XDRIVE,,,430I XDRIVE
BMW,41FR,420D,,,420D
BMW,41GG,216,,,216
BMW,41GN,X2,UKL2,SAV,X2 SDRIVE20D
BMW,41GV,550E XDRIVE,,,550E XDRIVE
BMW,41HC,430I XDRIVE,,,430I XDRIVE
BMW,41HG,I5,MKL,SEDAN,I5 M60 XDRIVE
BMW,41HK,M4 CS,,,M4 CS
BMW,48FF,M340I XDRIVE,,,M340I XDRIVE
BMW,48GK,330E,,,330E
BMW,51AP,430I,,,430I
BMW,51AU,420D,,,420D
BMW,51AX,430D XDRIVE,,,430D XDRIVE
BMW,51BX,230E XDRIVE ACTIVE,,,230E XDRIVE ACTIVE TOURER
BMW,51CF,IX,MKL,SAV,IX XDRIVE60
BMW,51CM,M240I XDRIVE,,,M240I XDRIVE
BMW,51EH,M760E XDRIVE,,,M760E XDRIVE
BMW,51EJ,I7,GKL,SEDAN,I7 XDRIVE60
BMW,51FY,320E XDRIVE,,,320E XDRIVE
BMW,51GL,330E XDRIVE,,,330E XDRIVE
BMW,51GM,IX2,UKL2,SAV,IX2 EDRIVE20
BMW,51GN,X2,UKL2,SAV,X2 XDRIVE20D
BMW,51HB,430I XDRIVE,,,430I XDRIVE
BMW,51HD,I4,KKL,SEDAN,I4 EDRIVE35
BMW,51HH,I5,MKL,SEDAN,I5 XDRIVE40
BMW,55BZ,X3,KKL,SAV,X3 SDRIVE18D
BMW,58FF,320I,,,320I
BMW,61AT,M440I XDRIVE,,,M440I XDRIVE
BMW,61AY,M3 CS,,,M3 CS
BMW,61CA,X4,KKL,SAV,X4 XDRIVE30D
BMW,61CF,IX,MKL,SAV,IX M70 XDRIVE
BMW,61CM,218I,,,218I
BMW,61DP,X3,KKL,SAV,X3 XDRIVE30E
BMW,61EF,IX1,UKL2,SAV,IX1 XDRIVE30
BMW,61FB,M440I XDRIVE,,,M440I XDRIVE
BMW,61FN,430D XDRIVE,,,430D XDRIVE
BMW,61FP,M440I XDRIVE,,,M440I XDRIVE
BMW,61FR,430D XDRIVE,,,430D XDRIVE
BMW,61FU,M340D XDRIVE,,,M340D XDRIVE
BMW,61FZ,M340D XDRIVE,,,M340D XDRIVE
BMW,61HC,M440I XDRIVE,,,M440I XDRIVE
BMW,61HD,I4,KKL,SEDAN,I4 EDRIVE40
BMW,61HG,I5,MKL,SEDAN,I5 EDRIVE40
BMW,61HH,I5,MKL,SEDAN,I5 M60 XDRIVE
BMW,65GP,X3,KKL,SAV,X3 30E XDRIVE
BMW,68FF,330I,,,330I
BMW,68FU,M340D XDRIVE,,,M340D XDRIVE
BMW,71AU,M440D XDRIVE,,,M440D XDRIVE
BMW,71AW,I4,KKL,SEDAN,I4 EDRIVE40
BMW,71BX,220I ACTIVE TOURER,,,220I ACTIVE TOURER
BMW,71BY,220D ACTIVE TOURER,,,220D ACTIVE TOURER
BMW,71CY,330E XDRIVE,,,330E XDRIVE
BMW,71DB,440I XDRIVE,,,440I XDRIVE
BMW,71EG,IX1,UKL2,SAV,IX1 EDRIVE20
BMW,71FJ,530E,,,530E
BMW,71FN,M440D XDRIVE,,,M440D XDRIVE
BMW,71FY,330I XDRIVE,,,330I XDRIVE
BMW,71GM,IX2,UKL2,SAV,IX2 XDRIVE30
BMW,71GP,X3,KKL,SAV,X3 M50 XDRIVE
BMW,71HB,M440I XDRIVE,,,M440I XDRIVE
BMW,71HD,I4,KKL,SEDAN,I4 M60 XDRIVE
BMW,71HH,I5,MKL,SEDAN,I5 EDRIVE40
BMW,7K31,118I,,,118I
BMW,7M71,116D,,,116D
BMW,7M91,118D,,,118D
BMW,81AZ,3.0,,,3.0 CSL
BMW,81CA,X4,KKL,SAV,X4 M40D
BMW,81DA,M440I XDRIVE,,,M440I XDRIVE
BMW,81DB,420I,,,420I
BMW,81EH,I7,GKL,SEDAN,I7 M70 XDRIVE
BMW,81FJ,530E XDRIVE,,,530E XDRIVE
BMW,81FK,M5,,,M5
BMW,81FY,M340I XDRIVE,,,M340I XDRIVE
BMW,81GE,120,,,120
BMW,81GM,X2,UKL2,SAV,X2 M35I XDRIVE
BMW,81GV,M5,,,M5
BMW,85BZ,X3,KKL,SAV,X3 XDRIVE30D
BMW,85DP,X3,KKL,SAV,X3 M40I
BMW,88FF,330I XDRIVE,,,330I XDRIVE
BMW,AE01,M8 COMPETITION,,,M8 COMPETITION
BMW,AE21,840I,,,840I
BMW,BC41,M850I XDRIVE,,,M850I XDRIVE
BMW,BC61,840D XDRIVE,,,840D XDRIVE
BMW,CY81,X6,MKL,SAV,X6 M50I
BMW,DZ01,M8 COMPETITION,,,M8 COMPETITION
BMW,DZ21,840I,,,840I
BMW,FY41,M850I XDRIVE,,,M850I XDRIVE
BMW,FY61,840D XDRIVE,,,840D XDRIVE
BMW,GV01,M8 COMPETITION,,,M8 COMPETITION
BMW,GV21,840I,,,840I
BMW,GW01,840D XDRIVE,,,840D XDRIVE
BMW,HF11,Z4,KKL,COUPE,Z4 SDRIVE20I
BMW,HF31,Z4,KKL,COUPE,Z4 SDRIVE30I
BMW,HF51,Z4,KKL,COUPE,Z4 M40I
BMW,YH11,X2,UKL2,SAV,X2 SDRIVE18I
BMW,YN91,X2,UKL2,SAV,X2 XDRIVE25E
BYD,H2F1C,DOLPHIN,UKL1,HATCH,BYD DOLPHIN
BYD,HE2F1C,DOLPHIN SURF,UKL0,HATCH,BYD DOLPHIN SURF
BYD,HH2F1C,SEAL 6,KKL,SEDAN,SEAL 6 DM-I TOURING
BYD,M2D1C,TANG,KKL,SAV,TANG EV
BYD,M2F1C,ATTO 2,UKL1,SAV,BYD ATTO 2
BYD,ME2D1C,SEALION 7,KKL,SAV,BYD SEALION 7
BYD,ME2F1C,SEAL U,KKL,SAV,BYD SEAL U
BYD,ME2R1C,SEALION 7,KKL,SAV,BYD SEALION 7
BYD,MH2D1C,SEAL U,KKL,SAV,BYD SEAL U DM-I
BYD,MH2F1C,SEAL U,KKL,SAV,BYD SEAL U DM-I
BYD,SE2D1C,SEAL,KKL,SEDAN,BYD SEAL
BYD,SE2R1C,SEAL,KKL,SEDAN,BYD SEAL
BYD,SH2F1C,SEAL 6,KKL,SEDAN,SEAL 6 DM-I
CITROEN,4,C5 AIRCROSS,UKL2,SAV,C5 AIRCROSS PLUG-IN HYBRID 225 E-EAT8 MAX
CITROEN,A,C4,UKL2,HATCH,NUEVO C4 HYBRID 145 E-DSC6 BUSINESS EDITION
CITROEN,B,BERLINGO,UKL1,MPV,BERLINGO TALLA M BLUEHDI 100 SS 6V PLUS
CITROEN,BE6FB,JUMPER,SKL,TRANSPORTER,JUMPER
CITROEN,C,C3,UKL1,CABRIO,NUEVO CITROEN C3 TURBO 100 SS 6V MAX
CITROEN,CF6FC,JUMPER,SKL,TRANSPORTER,JUMPER
CITROEN,D,C4X,,,NUEVO C4X HYBRID 136 E-DSC6 PLUS
CITROEN,DBHZ,C4,UKL2,HATCH,C4 PICASSO BLUEHDI 120 SS EAT6 POLICIA
CITROEN,DHNY,C4,UKL2,HATCH,C4 PICASSO PURETECH 130 SS EAT6 POLICIA
CITROEN,E,C4X,,,C4X BLUEHDI 130 SS EAT8 PLUS (SOLO STOCK)
CITROEN,EEHZ7C,SPACETOURER,SKL,TRANSPORTER,SPACETOURER JUMPY
CITROEN,EEHZ7P,SPACETOURER,SKL,TRANSPORTER,SPACETOURER JUMPY
CITROEN,F,E-C4X ELECTRICO,,,NUEVO E-C4X ELECTRICO 115 KW - 54KWH MAX
CITROEN,G,C3 AIRCROSS,UKL1,SAV,NUEVO CITROEN C3 AIRCROSS TURBO 100 SS 6V PLUS
CITROEN,J/YHVM,JUMPY,SKL,TRANSPORTER,JUMPY
CITROEN,K,JUMPY,SKL,TRANSPORTER,JUMPY COMBI TALLA M BLUEHDI 180 SS EAT8
CITROEN,M,E-BERLINGO TALLA M,,,E-BERLINGO TALLA M ELECTRICO 50 KWH PLUS
CITROEN,N,SPACETOURER,SKL,TRANSPORTER,SPACETOURER PLUS TALLA M BLUEHDI 180 SS EAT8
CITROEN,P,E-C3 AIRCROSS ELECTRICO,,,NUEVO CITROEN E-C3 AIRCROSS ELECTRICO 113CV MAX
CITROEN,R,C5 AIRCROSS,UKL2,SAV,C5 AIRCROSS HYBRID 136 E-DCS6 PLUS
CITROEN,S,E-JUMPY COMBI TALLA,,,NUEVO E-JUMPY COMBI TALLA M ELECTRICO 100 KW BATER
CITROEN,XHMR,C3,UKL1,CABRIO,C3 ORIGIN PURETECH 83 SS MAX
CITROEN,Z,E-BERLINGO ELECTRICO,,,E-BERLINGO ELECTRICO 50 KWH TALLA M SHINE
CUPRA,BEBJCL1FX2,BORN,UKL2,HATCH,BORN 150 KW 58 62 KWH
CUPRA,BECWAD8SX2,BORN,UKL2,HATCH,BORN 170 KW 77 82 KWH
CUPRA,BECWBD8SX2,BORN,UKL2,HATCH,BORN 170 KW 58 62 KWH
CUPRA,BEDCAD8SX2,BORN,UKL2,HATCH,BORN 170 KW 77 82 KWH
CUPRA,BEDCCD8SX2,BORN,UKL2,HATCH,BORN 170 KW 60 63 KWH
CUPRA,BEDCCM0AX2,BORN,UKL2,HATCH,BORN 150 KW 60 63 KWH
CUPRA,BEEWAL1AX2,BORN,UKL2,HATCH,BORN 240 KW 79 84 KWH
CUPRA,CBDFYAX0,CUPRA LEON,UKL2,HATCH,CUPRA LEON
CUPRA,CBDGEAX0,CUPRA LEON,UKL2,HATCH,CUPRA LEON E-HYBRID150
CUPRA,CBDNFCX0,CUPRA LEON,UKL2,HATCH,CUPRA LEON
CUPRA,CBDNNAX0,CUPRA LEON,UKL2,HATCH,CUPRA LEON
CUPRA,CBDUCAX0,CUPRA LEON,UKL2,HATCH,CUPRA LEON E-HYBRID200
CUPRA,CBDUCBX0,CUPRA LEON,UKL2,HATCH,CUPRA LEON E-HYBRID150
CUPRA,CBDXDBX0,CUPRA LEON,UKL2,HATCH,CUPRA LEON
CUPRA,CBDXRBX0,CUPRA LEON,UKL2,HATCH,CUPRA LEON
CUPRA,CFDGEAX0,CUPRA LEON,UKL2,HATCH,CUPRA LEON SP E-HYBRID180
CUPRA,CFDNFBX1,CUPRA LEON,UKL2,HATCH,CUPRA LEON SP
CUPRA,CFDNFFX1,CUPRA LEON,UKL2,HATCH,CUPRA LEON SP
CUPRA,CFDNNAX0,CUPRA LEON,UKL2,HATCH,CUPRA LEON SP
CUPRA,CFDNNEX1,CUPRA LEON,UKL2,HATCH,CUPRA LEON SP
CUPRA,CFDUCAX0,CUPRA LEON,UKL2,HATCH,CUPRA LEON SP E-HYBRID200
CUPRA,CFDUCBX0,CUPRA LEON,UKL2,HATCH,CUPRA LEON SP E-HYBRID150
CUPRA,CFDXDBX0,CUPRA LEON,UKL2,HATCH,CUPRA LEON SP
CUPRA,CFDXRBX0,CUPRA LEON,UKL2,HATCH,CUPRA LEON SP
CUPRA,CXDGEAX0,FORMENTOR,UKL2,SAV,FORMENTOR E-HYBRID
CUPRA,CXDNFCX1,CUPRA ATECA,UKL2,SAV,CUPRA ATECA
CUPRA,CXDNFFX1,FORMENTOR,UKL2,SAV,FORMENTOR
CUPRA,CXDNNAX1,CUPRA ATECA,UKL2,SAV,CUPRA ATECA
CUPRA,CXDNNEX1,FORMENTOR,UKL2,SAV,FORMENTOR
CUPRA,CXDNPAX0,FORMENTOR,UKL2,SAV,FORMENTOR
CUPRA,CXDNPDX0,FORMENTOR,UKL2,SAV,FORMENTOR
CUPRA,CXDPCAX0,FORMENTOR,UKL2,SAV,FORMENTOR
CUPRA,CXDTTCX1,FORMENTOR,UKL2,SAV,FORMENTOR
CUPRA,CXDUCAX0,FORMENTOR,UKL2,SAV,FORMENTOR E-HYBRID
CUPRA,CXDUCBX0,FORMENTOR,UKL2,SAV,FORMENTOR E-HYBRID
CUPRA,CXDXDBX0,FORMENTOR,UKL2,SAV,FORMENTOR
CUPRA,CXDXRBX0,FORMENTOR,UKL2,SAV,FORMENTOR
CUPRA,XDNNEX1,TERRAMAR,UKL2,SAV,TERRAMAR
CUPRA,XDNPBX1,TERRAMAR,UKL2,SAV,TERRAMAR
CUPRA,XDUCAX0,TERRAMAR,UKL2,SAV,TERRAMAR E-HYBRID
CUPRA,XDUCBX0,TERRAMAR,UKL2,SAV,TERRAMAR E-HYBRID
CUPRA,XDXDBX0,TERRAMAR,UKL2,SAV,TERRAMAR
CUPRA,XEDFAD7PX2,TAVASCAN,UKL2,SAV,TAVASCAN
CUPRA,XEDFAD7PX2L,TAVASCAN,UKL2,SAV,TAVASCAN
CUPRA,XEEBAD7PX2L,TAVASCAN,UKL2,SAV,TAVASCAN
CUPRA,XX1EDL1IX1,TAVASCAN,UKL2,SAV,TAVASCAN
CUPRA,XX1EDL1IX1L,TAVASCAN,UKL2,SAV,TAVASCAN
CUPRA,XX1EEL1IX1L,TAVASCAN,UKL2,SAV,TAVASCAN
DACIA,BES,SANDERO,UKL1,HATCH,SANDERO
DACIA,BEV,SANDERO,UKL1,HATCH,SANDERO
DACIA,BV2,SPRING,UKL0,SAV,SPRING
DACIA,DHD2,DUSTER,SKL,PICK-UP,DUSTER
DACIA,DHD4,DUSTER,SKL,PICK-UP,DUSTER
DACIA,DHE2,DUSTER,SKL,PICK-UP,DUSTER
DACIA,PE2,DUSTER,SKL,PICK-UP,DUSTER
DACIA,PG2,DUSTER,SKL,PICK-UP,DUSTER
DACIA,PG4,DUSTER,SKL,PICK-UP,DUSTER
DACIA,PH2,DUSTER,SKL,PICK-UP,DUSTER
DACIA,PL2,DUSTER,SKL,PICK-UP,DUSTER
DACIA,RES,JOGGER,UKL2,MPV,JOGGER
DACIA,RHS,JOGGER,UKL2,MPV,JOGGER
DACIA,SG2,BIGSTER,UKL2,SAV,BIGSTER
DACIA,SG4,BIGSTER,UKL2,SAV,BIGSTER
DACIA,SH2,BIGSTER,UKL2,SAV,BIGSTER
DACIA,SL2,BIGSTER,UKL2,SAV,BIGSTER
DFSK,----,IX5,,,IX5
DFSK,DXK6470AS2F,580,,,580
DFSK,DXK6470AS3H,FENGON,,,FENGON 600
DFSK,DXK6471AS3H,FENGON,,,FENGON 5
DFSK,DXK6481AS1PHEVH,E5,,,DFSK E5
DFSK,DXK7000KDBEV,SERES 3,,,SERES 3
DFSK,DXK7150KD1H,FENGON,,,FENGON 500
DONGFENG,ABEAA,BOX,,,BOX
DR,0010,EVO,,,EVO 3
DR,A,DR3.0,,,DR3.0
DR,DE00TL,4.0,,,DR 4.0
DR,J,EVO4,UKL1,SAV,EVO4
DR,S C 0 F L,EVO,,,EVO 5
DR,S0DFL,EVO7,KKL,SAV,EVO7
DR,SC0FL,EVO,,,EVO 5
DS,2,9 E-TENSE,,,DS 9 E-TENSE 250 RIVOLI +
DS,4,7 PLUG-IN,,,DS 7 PLUG-IN HYBRID 225 PALLAS
DS,C,7 BLUEHDI PALLAS,,,DS 7 BLUEHDI PALLAS
DS,J,3 E-TENSE ETOILE,,,DS 3 E-TENSE ETOILE
DS,R,4,,,DS 4 HYBRID ETOILE ALCANTARA
DS AUTOMOBILES,4,N,,,N 4 PLUG-IN HYBRID ETOILE ALCANTARA
DS AUTOMOBILES,D,N,,,N 8 AWD LONG RANGE ETOILE
DS AUTOMOBILES,J,DS,,,DS 3 E-TENSE ETOILE
DS AUTOMOBILES,N,N,,,N 4 E-TENSE ETOILE ALCANTARA
DS AUTOMOBILES,R,N,,,N 4 HYBRID ETOILE ALCANTARA
EBRO,DHL4BL,S400,UKL2,SAV,S400 HEV
EBRO,DPL4BL,S700,UKL2,SAV,S700
EBRO,FHL4BL,S800,KKL,SAV,S800 PHEV
EBRO,FHL4GL,S900,,,S900 PHEV
EBRO,FPL4BL,S800,KKL,SAV,S800
EVO,DE00TL,CUATRO,,,EVO CUATRO
EVO,S C 0 F L,EVO 5,,,EVO 5
EVO,S0DFL,EVO7,,,EVO7
EVO,S0FFS,EVO 6,,,EVO 6
EVO,SC0FL,EVO 5,,,EVO 5
FERRARI,AB,12CILINDRI,GKL++3,COUPE,FERRARI 12CILINDRI
FERRARI,AD,12CILINDRI,GKL++3,COUPE,FERRARI 12CILINDRI SPIDER
FERRARI,AH,PUROSANGUE,GKL++3,SAV,FERRARI PUROSANGUE
FERRARI,BC,ROMA,GKL++1,COUPE,FERRARI ROMA SPIDER
FERRARI,HF,SF90,,,SF90 XX STRADALE
FERRARI,HG,SF90,,,SF90 SPIDER
FERRARI,KA,296,GKL++2,COUPE,296 GTB
FERRARI,KC,296,GKL++2,COUPE,296 GTS
FIAT,0AEA0000A0,500,UKL0,CABRIO,500
FIAT,1AEA0000A0,500,UKL0,CABRIO,500
FIAT,2AEA0000A0,500,UKL0,CABRIO,500
FIAT,2AGT312AA3,600,UKL1,SAV,600
FIAT,AXN1B,500X,UKL1,SAV,500X
FIAT,AXW13,500X,UKL1,SAV,500X
FIAT,AYD1B,500,UKL0,CABRIO,FIAT 500
FIAT,B,DOBLO,UKL2,MPV,DOBLO
FIAT,DH6AU,DUCATO,SKL,TRANSPORTER,DUCATO
FIAT,G,DOBLO,UKL2,MPV,DOBLO
FIAT,G2TFE,BARON,,,BARON 22
FIAT,HXM1B,TIPO,UKL2,HATCH,FIAT TIPO
FIAT,HXN1A,TIPO,UKL2,HATCH,FIAT TIPO
FIAT,HXS12,TIPO,UKL2,HATCH,FIAT TIPO
FIAT,K,ULYSSE,SKL,TRANSPORTER,ULYSSE
FIAT,N,SCUDO,SKL,TRANSPORTER,SCUDO
FIAT,PYD1B,PANDA,UKL0,HATCH,PANDA
FIAT,R,PANDA,UKL0,HATCH,PANDA
FIAT,S,SCUDO,SKL,TRANSPORTER,SCUDO
FIAT,SXM1B,TIPO,UKL2,HATCH,FIAT TIPO
FIAT,T,PANDA,UKL0,HATCH,PANDA
FIAT,WXM1B,TIPO,UKL2,HATCH,FIAT TIPO
FIAT,WXN1A,TIPO,UKL2,HATCH,FIAT TIPO
FIAT,WXS12,TIPO,UKL2,HATCH,FIAT TIPO
FIAT,Z,E-DOBLO,,,E-DOBLO
FORD,ACDTRCX0,TOURNEO,SKL,TRANSPORTER,TOURNEO CONNECT
FORD,ACDTRCX1,TOURNEO,SKL,TRANSPORTER,TOURNEO CONNECT
FORD,ACDTREX0,TOURNEO,SKL,TRANSPORTER,TOURNEO CONNECT
FORD,ACDUCCX0,TOURNEO,SKL,TRANSPORTER,TOURNEO CONNECT
FORD,ACDXDEX0,TOURNEO,SKL,TRANSPORTER,TOURNEO CONNECT
FORD,ACDXRAX0,TOURNEO,SKL,TRANSPORTER,TOURNEO CONNECT
FORD,ACDXRAX1,TOURNEO,SKL,TRANSPORTER,TOURNEO CONNECT
FORD,ACDXRDX0,TOURNEO,SKL,TRANSPORTER,TOURNEO CONNECT
FORD,AFDTRCX0,TOURNEO,SKL,TRANSPORTER,TOURNEO CONNECT
FORD,AFDTREX0,TOURNEO,SKL,TRANSPORTER,TOURNEO CONNECT
FORD,AFDUCCX0,TOURNEO,SKL,TRANSPORTER,TOURNEO CONNECT
FORD,AFDXDEX0,TOURNEO,SKL,TRANSPORTER,TOURNEO CONNECT
FORD,AFDXRAX0,TOURNEO,SKL,TRANSPORTER,TOURNEO CONNECT
FORD,AFDXRAX1,TOURNEO,SKL,TRANSPORTER,TOURNEO CONNECT
FORD,AFDXRDX0,TOURNEO,SKL,TRANSPORTER,TOURNEO CONNECT
FORD,B7JB12X,PUMA,UKL1,SAV,PUMA
FORD,B7NB21BX,TOURNEO,SKL,TRANSPORTER,TOURNEO COURIER
FORD,B7NB21CX,TOURNEO,SKL,TRANSPORTER,TOURNEO COURIER
FORD,B7NB21MX,TOURNEO,SKL,TRANSPORTER,TOURNEO COURIER
FORD,B7NB21X,TOURNEO,SKL,TRANSPORTER,TOURNEO COURIER
FORD,BGDA1FBX,KUGA,UKL2,SAV,KUGA
FORD,BGDA1FDX,KUGA,UKL2,SAV,KUGA
FORD,BGDA1FEX,KUGA,UKL2,SAV,KUGA
FORD,BGDA1FSX,KUGA,UKL2,SAV,KUGA
FORD,BGDA1FX,KUGA,UKL2,SAV,KUGA
FORD,BGDC1FBX,KUGA,UKL2,SAV,KUGA
FORD,BGDC1FDX,KUGA,UKL2,SAV,KUGA
FORD,BGDC1FEX,KUGA,UKL2,SAV,KUGA
FORD,BGDC1FSX,KUGA,UKL2,SAV,KUGA
FORD,BGDC1FX,KUGA,UKL2,SAV,KUGA
FORD,BGDC4FBX,KUGA,UKL2,SAV,KUGA
FORD,BGDC4FDX,KUGA,UKL2,SAV,KUGA
FORD,BGDC4FEX,KUGA,UKL2,SAV,KUGA
FORD,BGDC4FSX,KUGA,UKL2,SAV,KUGA
FORD,BGDC4FX,KUGA,UKL2,SAV,KUGA
FORD,BGFA1KAX,TRANSIT CUSTOM,SKL,TRANSPORTER,TRANSIT CUSTOM
FORD,BGFA1KBX,TRANSIT CUSTOM,SKL,TRANSPORTER,TRANSIT CUSTOM
FORD,BGFA1TAX,TOURNEO,SKL,TRANSPORTER,TOURNEO CUSTOM
FORD,BGFA1TBX,TOURNEO,SKL,TRANSPORTER,TOURNEO CUSTOM
FORD,BGFA1TCX,TOURNEO,SKL,TRANSPORTER,TOURNEO CUSTOM
FORD,BGFA1TDX,TOURNEO,SKL,TRANSPORTER,TOURNEO CUSTOM
FORD,BGFA1TEX,TOURNEO,SKL,TRANSPORTER,TOURNEO CUSTOM
FORD,BJAA4KAX,TRANSIT CUSTOM,SKL,TRANSPORTER,TRANSIT CUSTOM
FORD,BJAA4KCX,TRANSIT CUSTOM,SKL,TRANSPORTER,TRANSIT CUSTOM
FORD,BJDA1FX,KUGA,UKL2,SAV,KUGA
FORD,BJFA1KAX,TRANSIT CUSTOM,SKL,TRANSPORTER,TRANSIT CUSTOM
FORD,BJFA1KBX,TRANSIT CUSTOM,SKL,TRANSPORTER,TRANSIT CUSTOM
FORD,BJFA1KCX,TRANSIT CUSTOM,SKL,TRANSPORTER,TRANSIT CUSTOM
FORD,BJFA1TAX,TOURNEO,SKL,TRANSPORTER,TOURNEO CUSTOM
FORD,BJFA1TBX,TOURNEO,SKL,TRANSPORTER,TOURNEO CUSTOM
FORD,BJFA1TDX,TOURNEO,SKL,TRANSPORTER,TOURNEO CUSTOM
FORD,BKAA4KAX,TRANSIT CUSTOM,SKL,TRANSPORTER,TRANSIT CUSTOM
FORD,BKAA4KBX,TRANSIT CUSTOM,SKL,TRANSPORTER,TRANSIT CUSTOM
FORD,BKAA4KCX,TRANSIT CUSTOM,SKL,TRANSPORTER,TRANSIT CUSTOM
FORD,BKAA4TAX,TOURNEO,SKL,TRANSPORTER,TOURNEO CUSTOM
FORD,BKAA4TBX,TOURNEO,SKL,TRANSPORTER,TOURNEO CUSTOM
FORD,BKAA4TCX,TOURNEO,SKL,TRANSPORTER,TOURNEO CUSTOM
FORD,BKAA4TDX,TOURNEO,SKL,TRANSPORTER,TOURNEO CUSTOM
FORD,BKAA4TEX,TOURNEO,SKL,TRANSPORTER,TOURNEO CUSTOM
FORD,BKFA1ECX,TRANSIT,SKL,TRANSPORTER,TRANSIT
FORD,BKFA1EDX,TRANSIT,SKL,TRANSPORTER,TRANSIT
FORD,BKFA1KAX,TRANSIT CUSTOM,SKL,TRANSPORTER,TRANSIT CUSTOM
FORD,BKFA1KBX,TRANSIT CUSTOM,SKL,TRANSPORTER,TRANSIT CUSTOM
FORD,BKFA1TAX,TOURNEO,SKL,TRANSPORTER,TOURNEO CUSTOM
FORD,BKFA1TAY,INDEPENDENCE RE,,,INDEPENDENCE RE
FORD,BKFA1TAYF,INDEPENDENCE RE,,,INDEPENDENCE RE
FORD,BKFA1TBX,TOURNEO,SKL,TRANSPORTER,TOURNEO CUSTOM
FORD,BKFA1TCX,TOURNEO,SKL,TRANSPORTER,TOURNEO CUSTOM
FORD,BKFA1TDX,TOURNEO,SKL,TRANSPORTER,TOURNEO CUSTOM
FORD,BKFA1TEX,TOURNEO,SKL,TRANSPORTER,TOURNEO CUSTOM
FORD,BKFB1KAX,TRANSIT CUSTOM,SKL,TRANSPORTER,TRANSIT CUSTOM
FORD,BKFB1KAY,TRANSIT CUSTOM,SKL,TRANSPORTER,TRANSIT CUSTOM
FORD,BKFB1KBX,TRANSIT CUSTOM,SKL,TRANSPORTER,TRANSIT CUSTOM
FORD,BKFB1KCX,TRANSIT CUSTOM,SKL,TRANSPORTER,TRANSIT CUSTOM
FORD,BKFB1TAX,TOURNEO,SKL,TRANSPORTER,TOURNEO CUSTOM
FORD,BKFB1TBX,TOURNEO,SKL,TRANSPORTER,TOURNEO CUSTOM
FORD,BKFB1TCX,TOURNEO,SKL,TRANSPORTER,TOURNEO CUSTOM
FORD,BKFB1TDX,TOURNEO,SKL,TRANSPORTER,TOURNEO CUSTOM
FORD,BKFB1TDY,TOURNEO,SKL,TRANSPORTER,TOURNEO CUSTOM
FORD,BKFB1TEX,TOURNEO,SKL,TRANSPORTER,TOURNEO CUSTOM
FORD,BKFC1ECX,TRANSIT,SKL,TRANSPORTER,TRANSIT
FORD,BLFE1ECX,TRANSIT,SKL,TRANSPORTER,TRANSIT
FORD,BLFE1EDX,TRANSIT,SKL,TRANSPORTER,TRANSIT
FORD,BQWA4YX,EXPLORER,SKL,PICK-UP,EXPLORER
FORD,BZJA12X,PUMA,UKL1,SAV,PUMA
FORD,C0DA1RX,EXPLORER,SKL,PICK-UP,EXPLORER
FORD,C0DA1SX,CAPRI,,,CAPRI
FORD,C0JA12X,PUMA,UKL1,SAV,PUMA
FORD,C0NA21BX,TOURNEO,SKL,TRANSPORTER,TOURNEO COURIER
FORD,C0NA21MX,TOURNEO,SKL,TRANSPORTER,TOURNEO COURIER
FORD,C0NA21X,TOURNEO,SKL,TRANSPORTER,TOURNEO COURIER
FORD,C1DA1RX,EXPLORER,SKL,PICK-UP,EXPLORER
FORD,C1DA1SX,CAPRI,,,CAPRI
FORD,C1LM2YX,MUSTANG MACH-E,KKL,SAV,MUSTANG MACH-E
FORD,C2DA4RX,EXPLORER,SKL,PICK-UP,EXPLORER
FORD,C2DA4SX,CAPRI,,,CAPRI
FORD,EHDA1RX,EXPLORER,SKL,PICK-UP,EXPLORER
FORD,EHL72YX,MUSTANG MACH-E,KKL,SAV,MUSTANG MACH-E
FORD,EHL72YZ,MUSTANG MACH-E,KKL,SAV,MUSTANG MACH-E
FORD,EJLU4YX,MUSTANG MACH-E,KKL,SAV,MUSTANG MACH-E
FORD,EJLU4YZ,MUSTANG MACH-E,KKL,SAV,MUSTANG MACH-E
FORD,EJRA2KAX,TRANSIT CUSTOM,SKL,TRANSPORTER,TRANSIT CUSTOM
FORD,EKRA2KAX,TRANSIT CUSTOM,SKL,TRANSPORTER,TRANSIT CUSTOM
FORD,EKRA2KBX,TRANSIT CUSTOM,SKL,TRANSPORTER,TRANSIT CUSTOM
FORD,EKRA2TAX,TOURNEO,SKL,TRANSPORTER,TOURNEO CUSTOM
FORD,EKRA2TCX,TOURNEO,SKL,TRANSPORTER,TOURNEO CUSTOM
FORD,EKRA2TDX,TOURNEO,SKL,TRANSPORTER,TOURNEO CUSTOM
FORD,ELLX4YX,MUSTANG MACH-E,KKL,SAV,MUSTANG MACH-E
FORD,ELLX4YZ,MUSTANG MACH-E,KKL,SAV,MUSTANG MACH-E
FORD,ELRA2TDX,TOURNEO,SKL,TRANSPORTER,TOURNEO CUSTOM
FORD,EML42YX,MUSTANG MACH-E,KKL,SAV,MUSTANG MACH-E
FORD,EML42YZ,MUSTANG MACH-E,KKL,SAV,MUSTANG MACH-E
FORD,ENL54YZ,MUSTANG MACH-E,KKL,SAV,MUSTANG MACH-E
FORD,M0DC1NX,FOCUS,UKL2,COUPE,FOCUS
FORD,M0DC1PX,FOCUS,UKL2,COUPE,FOCUS
FORD,MF8F2AX,MUSTANG,MKL,CABRIO,MUSTANG
FORD,MF8F2BX,MUSTANG,MKL,CABRIO,MUSTANG
FORD,N3DA1NX,FOCUS,UKL2,COUPE,FOCUS
FORD,N3DA1PX,FOCUS,UKL2,COUPE,FOCUS
FORD,P0FA1ECX,TRANSIT,SKL,TRANSPORTER,TRANSIT
FORD,Q0JA12X,PUMA,UKL1,SAV,PUMA
FORD,R0DB1NX,FOCUS,UKL2,COUPE,FOCUS
FORD,R0DB1PX,FOCUS,UKL2,COUPE,FOCUS
FORD,UPDA1FDX,KUGA,UKL2,SAV,KUGA
FORD,UPDA1FX,KUGA,UKL2,SAV,KUGA
FORD,WU802AX,MUSTANG,MKL,CABRIO,MUSTANG
FORD,Y9DA1NX,FOCUS,UKL2,COUPE,FOCUS
FORD,Y9DA1PX,FOCUS,UKL2,COUPE,FOCUS
FORD,_,BRONCO,MKL,SUV,BRONCO BADLANDS
HONDA,FL401,CIVIC,UKL2,SEDAN,CIVIC
HONDA,FL402,CIVIC,UKL2,SEDAN,CIVIC
HONDA,FL403,CIVIC,UKL2,SEDAN,CIVIC
HONDA,FL502,CIVIC,UKL2,SEDAN,CIVIC TYPE R
HONDA,GR301,JAZZ,UKL1,HATCH,JAZZ
HONDA,GR302,JAZZ,UKL1,HATCH,JAZZ
HONDA,GR303,JAZZ,UKL1,HATCH,JAZZ
HONDA,GR601,JAZZ,UKL1,HATCH,JAZZ
HONDA,GR602,JAZZ,UKL1,HATCH,JAZZ
HONDA,GR603,JAZZ,UKL1,HATCH,JAZZ
HONDA,RS101,E:NY1,UKL1,SAV,E:NY1
HONDA,RS501,CR-V,KKL,SAV,CR-V
HONDA,RS502,CR-V,KKL,SAV,CR-V
HONDA,RS503,CR-V,KKL,SAV,CR-V
HONDA,RS601,CR-V,KKL,SAV,CR-V
HONDA,RS603,CR-V,KKL,SAV,CR-V
HONDA,RS801,CR-V,KKL,SAV,CR-V
HONDA,RS802,CR-V,KKL,SAV,CR-V
HONDA,RV501,HR-V,,,HR-V
HONDA,RV502,HR-V,,,HR-V
HONDA,RV503,HR-V,,,HR-V
HONDA,RZ401,ZR-V,UKL2,SAV,ZR-V
HONDA,RZ402,ZR-V,UKL2,SAV,ZR-V
HONDA,RZ403,ZR-V,UKL2,SAV,ZR-V
HURTAN,*,GRAND ALBAYCIN,,,GRAND ALBAYCIN
HYUNDAI,A5E22,IONIQ 5,UKL2,SAV,IONIQ 5
HYUNDAI,A5P31,I10,UKL0,MPV,I10
HYUNDAI,A5P51,I10,UKL0,MPV,I10
HYUNDAI,A7P14,SANTA FE,KKL,SAV,SANTA FE
HYUNDAI,A7P24,SANTA FE,KKL,SAV,SANTA FE
HYUNDAI,B5P11,I10,UKL0,MPV,I10
HYUNDAI,B5P31,I10,UKL0,MPV,I10
HYUNDAI,B5P41,I30,UKL2,HATCH,I30 N
HYUNDAI,B5P51,I20,UKL1,HATCH,I20
HYUNDAI,B5P71,I20,UKL1,HATCH,I20
HYUNDAI,B5P81,I,,,I 30
HYUNDAI,B5P91,I20,UKL1,HATCH,I20 N
HYUNDAI,BAP81,I,,,I 30
HYUNDAI,BBP61,I,,,I 30
HYUNDAI,BBP71,I,,,I 30
HYUNDAI,BBP91,I,,,I 30
HYUNDAI,BCP61,I,,,I 30
HYUNDAI,BCP91,I,,,I 30
HYUNDAI,BEP61,I,,,I 30
HYUNDAI,BEP91,I,,,I 30
HYUNDAI,C5P11,BAYON,UKL1,SAV,BAYON
HYUNDAI,C5P51,BAYON,UKL1,SAV,BAYON
HYUNDAI,C5P71,BAYON,UKL1,SAV,BAYON
HYUNDAI,F4E12,INSTER,UKL0,SAV,INSTER
HYUNDAI,F4E22,INSTER,UKL0,SAV,INSTER
HYUNDAI,F5D41,TUCSON,UKL2,SAV,TUCSON
HYUNDAI,F5D51,TUCSON,UKL2,SAV,TUCSON
HYUNDAI,F5D54,TUCSON,UKL2,SAV,TUCSON
HYUNDAI,F5E11,KONA,UKL1,SAV,KONA
HYUNDAI,F5E12,IONIQ 5,UKL2,SAV,IONIQ 5
HYUNDAI,F5E22,IONIQ 5,UKL2,SAV,IONIQ 5
HYUNDAI,F5E32,KONA,UKL1,SAV,KONA
HYUNDAI,F5E34,IONIQ 5,UKL2,SAV,IONIQ 5
HYUNDAI,F5E42,KONA,UKL1,SAV,KONA
HYUNDAI,F5E54,IONIQ 5,UKL2,SAV,IONIQ 5
HYUNDAI,F5E62,IONIQ5,,,IONIQ5
HYUNDAI,F5E74,IONIQ5 N,,,IONIQ5 N
HYUNDAI,F5P11,TUCSON,UKL2,SAV,TUCSON
HYUNDAI,F5P12,KONA,UKL1,SAV,KONA
HYUNDAI,F5P21,TUCSON,UKL2,SAV,TUCSON
HYUNDAI,F5P22,KONA,UKL1,SAV,KONA
HYUNDAI,F5P31,TUCSON,UKL2,SAV,TUCSON
HYUNDAI,F5P32,KONA,UKL1,SAV,KONA
HYUNDAI,F5P34,KONA,UKL1,SAV,KONA
HYUNDAI,F5P41,TUCSON,UKL2,SAV,TUCSON
HYUNDAI,F5P42,KONA,UKL1,SAV,KONA
HYUNDAI,F5P44,TUCSON,UKL2,SAV,TUCSON
HYUNDAI,F5P51,"TUCSON,IX35",,,"TUCSON,IX35"
HYUNDAI,F5P52,KONA,UKL1,SAV,KONA
HYUNDAI,F5P71,TUCSON,UKL2,SAV,TUCSON
HYUNDAI,F5P74,TUCSON,UKL2,SAV,TUCSON
HYUNDAI,F5P81,TUCSON,UKL2,SAV,TUCSON
HYUNDAI,F5P91,TUCSON,UKL2,SAV,TUCSON
HYUNDAI,F5P94,TUCSON,UKL2,SAV,TUCSON
HYUNDAI,F6E34,IONIQ 9,MKL,SAV,IONIQ 9
HYUNDAI,F7E12,IONIQ 9,MKL,SAV,IONIQ 9
HYUNDAI,F7E24,IONIQ 9,MKL,SAV,IONIQ 9
HYUNDAI,F7E34,IONIQ 9,MKL,SAV,IONIQ 9
HYUNDAI,F9P12,STARIA,MKL,MPV,STARIA
INEOS,1A4C,GRENADIER,MKL,PICK-UP,INEOS GRENADIER
INEOS,1B4C,GRENADIER,MKL,PICK-UP,INEOS GRENADIER
JAECOO,DE00BL,JAECOO 5,,,JAECOO5 EV
JAECOO,DHL4BL,JAECOO 7,,,JAECOO7 PHEV
JAECOO,DPL4BL,JAECOO 7,,,JAECOO7
JAECOO,DPL4GL,JAECOO 7,,,JAECOO7
JAGUAR,DDADF0,F-TYPE,MKL,COUPE,JAGUAR F-TYPE
JAGUAR,DHCDC0,F-TYPE,MKL,COUPE,JAGUAR F-TYPE
JAGUAR,HMDDC0,F-PACE,KKL,SAV,JAGUAR F-PACE
JAGUAR,HMDEC0,F-PACE,KKL,SAV,JAGUAR F-PACE
JAGUAR,HOAECB,E-PACE,UKL2,SAV,JAGUAR E-PACE
JAGUAR,HOCDC0,E-PACE,UKL2,SAV,JAGUAR E-PACE
JAGUAR,HTBDC0,F-PACE,KKL,SAV,JAGUAR F-PACE
JAGUAR,HTBDD0,E-PACE,UKL2,SAV,JAGUAR E-PACE
JAGUAR,HTBED0,E-PACE,UKL2,SAV,JAGUAR E-PACE
JAGUAR,HTDDD0,E-PACE,UKL2,SAV,JAGUAR E-PACE
JAGUAR,HUDDC0,F-PACE,KKL,SAV,JAGUAR F-PACE
JEEP,1AEA0000A0,AVENGER,UKL1,SAV,AVENGER
JEEP,1AGT312AA3,AVENGER,UKL1,SAV,AVENGER
JEEP,1AGT312AAB,AVENGER,UKL1,SAV,AVENGER
JEEP,1AGT312AB3,AVENGER,UKL1,SAV,AVENGER
JEEP,A,COMPASS,UKL2,SAV,COMPASS
JEEP,AXT23,RENEGADE,UKL1,SAV,RENEGADE
JEEP,AXU1B,RENEGADE,UKL1,SAV,RENEGADE
JEEP,AXW14,RENEGADE,UKL1,SAV,RENEGADE
JEEP,C,COMPASS,UKL2,SAV,COMPASS
JEEP,JCACG,GRAND CHEROKEE,MKL,SUV,GRAND CHEROKEE
JEEP,JH7FA,COMPASS,UKL2,SAV,COMPASS
JEEP,JHMFF,COMPASS,UKL2,SAV,COMPASS
JEEP,JHPFP,COMPASS,UKL2,SAV,COMPASS
JEEP,JTAFG,WRANGLER,UKL2,SUV,WRANGLER UNLIMITED
JEEP,JTLFZ,WRANGLER,UKL2,SUV,WRANGLER UNLIMITED
KG MOBILITY,AA2L,TORRES,,,TORRES EVX
KG MOBILITY,AETL,REXTON,,,REXTON
KG MOBILITY,AY2L,TIVOLI,,,TIVOLI
KG MOBILITY,AYTL,KORANDO,,,KORANDO
KG MOBILITY,BA2L,TORRES,,,TORRES EVX
KG MOBILITY,CH2L,TORRES,,,TORRES
KG MOBILITY,CY2L,TORRES,,,TORRES
KG MOBILITY,CYTL,TORRES,,,TORRES
KG MOBILITY,DH2L,TORRES,,,TORRES ACTYON
KG MOBILITY,DY2L,TORRES,,,TORRES
KIA,B5P11,CEED,UKL2,HATCH,CEED
KIA,B5P21,CEED,UKL2,HATCH,CEED
KIA,B5P22,K4,KKL,SEDAN,K4
KIA,B5P31,CEED,UKL2,HATCH,CEED
KIA,B5P41,CEED,UKL2,HATCH,CEED
KIA,B5P51,CEED,UKL2,HATCH,CEED
KIA,BAP21,PROCEED,UKL2,ESTATE,PROCEED
KIA,BAP41,PROCEED,UKL2,ESTATE,PROCEED
KIA,BAP51,PROCEED,UKL2,ESTATE,PROCEED
KIA,BCDA1,XCEED,UKL2,HATCH,XCEED
KIA,BCP101,XCEED,UKL2,HATCH,XCEED
KIA,BCP111,XCEED,UKL2,HATCH,XCEED
KIA,BCP21,XCEED,UKL2,HATCH,XCEED
KIA,BCP41,XCEED,UKL2,HATCH,XCEED
KIA,BCP51,XCEED,UKL2,HATCH,XCEED
KIA,BCP61,XCEED,UKL2,HATCH,XCEED
KIA,BCP71,XCEED,UKL2,HATCH,XCEED
KIA,BCP81,XCEED,UKL2,HATCH,XCEED
KIA,BCP91,XCEED,UKL2,HATCH,XCEED
KIA,C5E11,NIRO,UKL2,SAV,NIRO
KIA,C5P11,NIRO,UKL2,SAV,NIRO
KIA,C5P21,NIRO,UKL2,SAV,NIRO
KIA,C5P51,STONIC,UKL1,SAV,STONIC
KIA,C5P61,STONIC,UKL1,SAV,STONIC
KIA,C5P81,STONIC,UKL1,SAV,STONIC
KIA,F4E22,EV4,UKL2,SEDAN,EV4
KIA,F4P11,PICANTO,UKL0,HATCH,PICANTO
KIA,F5D11,SPORTAGE,UKL2,SAV,SPORTAGE
KIA,F5D21,SPORTAGE,UKL2,SAV,SPORTAGE
KIA,F5D24,SPORTAGE,UKL2,SAV,SPORTAGE
KIA,F5DA1,CEED,UKL2,HATCH,CEED
KIA,F5E12,EV3,UKL2,SAV,EV3
KIA,F5E22,EV3,UKL2,SAV,EV3
KIA,F5E44,EV6,KKL,SAV,EV6
KIA,F5E54,EV6,KKL,SAV,EV6
KIA,F5E64,EV6,KKL,SAV,EV6 GT
KIA,F5P11,SPORTAGE,UKL2,SAV,SPORTAGE
KIA,F5P21,SPORTAGE,UKL2,SAV,SPORTAGE
KIA,F5P24,SPORTAGE,UKL2,SAV,SPORTAGE
KIA,F5P31,SPORTAGE,UKL2,SAV,SPORTAGE
KIA,F5P34,SPORTAGE,UKL2,SAV,SPORTAGE
KIA,F5P41,SPORTAGE,UKL2,SAV,SPORTAGE
KIA,F5P44,SPORTAGE,UKL2,SAV,SPORTAGE
KIA,F5P51,CEED,UKL2,HATCH,CEED
KIA,F5P54,SPORTAGE,UKL2,SAV,SPORTAGE
KIA,F5P61,SPORTAGE,UKL2,SAV,SPORTAGE
KIA,F5P64,SPORTAGE,UKL2,SAV,SPORTAGE
KIA,F5P71,PICANTO,UKL0,HATCH,PICANTO
KIA,F5P81,PICANTO,UKL0,HATCH,PICANTO
KIA,F5PA1,PICANTO,UKL0,HATCH,PICANTO
KIA,F5PB1,PICANTO,UKL0,HATCH,PICANTO
KIA,F6E34,EV9,MKL,SAV,EV9
KIA,F7D12,SORENTO,KKL,SAV,SORENTO
KIA,F7D14,SORENTO,KKL,SAV,SORENTO
KIA,F7E12,EV9,MKL,SAV,EV9
KIA,F7E34,EV9,MKL,SAV,EV9
KIA,F7H12,SORENTO,KKL,SAV,SORENTO
KIA,F7H14,SORENTO,KKL,SAV,SORENTO
KIA,F7H24,SORENTO,KKL,SAV,SORENTO
LANCIA,H,YPSILON,UKL1,HATCH,YPSILON
LANCIA,P,YPSILON,UKL1,HATCH,YPSILON
LAND ROVER,CNGDH0,RANGE ROVER EVOQUE,UKL2,CABRIO,RANGE ROVER EVOQUE
LAND ROVER,CNGEH0,RANGE ROVER EVOQUE,UKL2,CABRIO,RANGE ROVER EVOQUE
LAND ROVER,CODDC0,DISCOVERY,MKL,SAV,DISCOVERY SPORT
LAND ROVER,CODEC0,DISCOVERY,MKL,SAV,DISCOVERY SPORT
LAND ROVER,CODFC0,DISCOVERY,MKL,SAV,DISCOVERY SPORT
LAND ROVER,HMCDC0,RANGE ROVER VELAR,KKL,SAV,RANGE ROVER VELAR
LAND ROVER,HMCEC0,RANGE ROVER VELAR,KKL,SAV,RANGE ROVER VELAR
LAND ROVER,HMCFC0,RANGE ROVER VELAR,KKL,SAV,RANGE ROVER VELAR
LAND ROVER,HODDC0,RANGE ROVER EVOQUE,UKL2,CABRIO,RANGE ROVER EVOQUE
LAND ROVER,HODEC0,RANGE ROVER EVOQUE,UKL2,CABRIO,RANGE ROVER EVOQUE
LAND ROVER,HODFC0,RANGE ROVER EVOQUE,UKL2,CABRIO,RANGE ROVER EVOQUE
LAND ROVER,HRDDC0,RANGE ROVER,GKL,SAV,RANGE ROVER
LAND ROVER,HTADC0,RANGE ROVER VELAR,KKL,SAV,RANGE ROVER VELAR
LAND ROVER,HTAEC0,RANGE ROVER VELAR,KKL,SAV,RANGE ROVER VELAR
LAND ROVER,HTEDD0,DISCOVERY,MKL,SAV,DISCOVERY SPORT
LAND ROVER,HTEED0,RANGE ROVER EVOQUE,UKL2,CABRIO,RANGE ROVER EVOQUE
LAND ROVER,HTEFD0,RANGE ROVER EVOQUE,UKL2,CABRIO,RANGE ROVER EVOQUE
LAND ROVER,HTFDD0,RANGE ROVER EVOQUE,UKL2,CABRIO,RANGE ROVER EVOQUE
LAND ROVER,HTFED0,DISCOVERY,MKL,SAV,DISCOVERY SPORT
LAND ROVER,HUAEA0,DISCOVERY,MKL,SAV,DISCOVERY
LAND ROVER,HUAEC0,RANGE ROVER SPORT,MKL,SAV,RANGE ROVER SPORT
LAND ROVER,HUAFC0,RANGE ROVER SPORT,MKL,SAV,RANGE ROVER SPORT
LAND ROVER,HUBDC0,RANGE ROVER SPORT,MKL,SAV,RANGE ROVER SPORT
LAND ROVER,HUBEC0,RANGE ROVER SPORT,MKL,SAV,RANGE ROVER SPORT
LAND ROVER,HUBFC0,RANGE ROVER SPORT,MKL,SAV,RANGE ROVER SPORT
LAND ROVER,HUCDC0,RANGE ROVER,GKL,SAV,RANGE ROVER
LAND ROVER,HUCEC0,RANGE ROVER,GKL,SAV,RANGE ROVER
LAND ROVER,HUCFC0,RANGE ROVER,GKL,SAV,RANGE ROVER
LAND ROVER,HUDEA0,DISCOVERY,MKL,SAV,DISCOVERY
LAND ROVER,HXEDC0,RANGE ROVER,GKL,SAV,RANGE ROVER
LAND ROVER,HXEEC0,RANGE ROVER,GKL,SAV,RANGE ROVER
LAND ROVER,HXEFC0,RANGE ROVER,GKL,SAV,RANGE ROVER
LAND ROVER,HXFEC0,RANGE ROVER SPORT,MKL,SAV,RANGE ROVER SPORT
LAND ROVER,HYDDC0,RANGE ROVER,GKL,SAV,RANGE ROVER
LAND ROVER,HYDEC0,RANGE ROVER,GKL,SAV,RANGE ROVER
LAND ROVER,HYEDC0,RANGE ROVER SPORT,MKL,SAV,RANGE ROVER SPORT
LAND ROVER,HYEEC0,RANGE ROVER SPORT,MKL,SAV,RANGE ROVER SPORT
LAND ROVER,HYEFC0,RANGE ROVER SPORT,MKL,SAV,RANGE ROVER SPORT
LAND ROVER,IUCDC0,RANGE ROVER,GKL,SAV,RANGE ROVER
LAND ROVER,IUCEC0,RANGE ROVER,GKL,SAV,RANGE ROVER
LAND ROVER,IXEDC0,RANGE ROVER,GKL,SAV,RANGE ROVER
LAND ROVER,IXEEC0,RANGE ROVER,GKL,SAV,RANGE ROVER
LAND ROVER,IXFEC0,RANGE ROVER,GKL,SAV,RANGE ROVER
LAND ROVER,IXGDC0,RANGE ROVER SPORT,MKL,SAV,RANGE ROVER SPORT
LAND ROVER,IXGEC0,RANGE ROVER SPORT,MKL,SAV,RANGE ROVER SPORT
LAND ROVER,IYDEC0,RANGE ROVER,GKL,SAV,RANGE ROVER
LAND ROVER,IYDFC0,RANGE ROVER,GKL,SAV,RANGE ROVER
LAND ROVER,NHFEC0,DEFENDER,MKL,PICK-UP,DEFENDER
LAND ROVER,NHHEC0,DEFENDER,MKL,PICK-UP,DEFENDER
LAND ROVER,NHHFC0,DEFENDER,MKL,PICK-UP,DEFENDER
LAND ROVER,NPDDC0,DEFENDER,MKL,PICK-UP,DEFENDER
LAND ROVER,NUEDC0,DEFENDER,MKL,PICK-UP,DEFENDER
LAND ROVER,NUEEC0,DEFENDER,MKL,PICK-UP,DEFENDER
LAND ROVER,NUEFC0,DEFENDER,MKL,PICK-UP,DEFENDER
LAND ROVER,OHHEC0,DEFENDER,MKL,PICK-UP,DEFENDER
LAND ROVER,OHHFC0,DEFENDER,MKL,PICK-UP,DEFENDER
LAND ROVER,OIKEC0,DEFENDER,MKL,PICK-UP,DEFENDER
LAND ROVER,OIKFC0,DEFENDER,MKL,PICK-UP,DEFENDER
LAND ROVER,OMCDC0,DEFENDER,MKL,PICK-UP,DEFENDER
LAND ROVER,OMJEC0,DEFENDER,MKL,PICK-UP,DEFENDER
LAND ROVER,OMJFC0,DEFENDER,MKL,PICK-UP,DEFENDER
LAND ROVER,OPDDC0,DEFENDER,MKL,PICK-UP,DEFENDER
LAND ROVER,OUAFC0,DEFENDER,MKL,PICK-UP,DEFENDER
LAND ROVER,OUCEC0,DEFENDER,MKL,PICK-UP,DEFENDER
LAND ROVER,OUEDC0,DEFENDER,MKL,PICK-UP,DEFENDER
LAND ROVER,OUEEC0,DEFENDER,MKL,PICK-UP,DEFENDER
LAND ROVER,OUEFC0,DEFENDER,MKL,PICK-UP,DEFENDER
LAND ROVER,OUIFC0,DEFENDER,MKL,PICK-UP,DEFENDER
LAND ROVER,PUEEC0,DEFENDER,MKL,PICK-UP,DEFENDER
LEAPMOTOR,0000,C10,MKL,SAV,C10
LEAPMOTOR,0010,T03,UKL0,HATCH,T03
LEAPMOTOR,0100,C10,MKL,SAV,C10
LEAPMOTOR,AB2EE,B10,UKL2,SAV,B10
LEXUS,AALH15(W),RX350H,,,LEXUS RX350H
LEXUS,AALH16(W),RX450H+,,,LEXUS RX450H+
LEXUS,AAWH15(F),LM350H,,,LEXUS LM350H
LEXUS,AAWH15(N),LM350H,,,LEXUS LM350H
LEXUS,AAZH20(W),NX350H,,,LEXUS NX350H
LEXUS,AAZH25(W),NX350H,,,LEXUS NX350H
LEXUS,AAZH25(WA),NX350H,,,LEXUS NX350H
LEXUS,AAZH26(W),NX450H+,,,LEXUS NX450H+
LEXUS,AXZH10(E),ES300H,,,LEXUS ES300H
LEXUS,GVF55(E),LS500H,,,LEXUS LS500H
LEXUS,KMA10(W),UX300E,,,LEXUS UX300E
LEXUS,MAYH10(W),LBX,UKL1,SAV,LEXUS LBX
LEXUS,MAYH15(W),LBX,UKL1,SAV,LEXUS LBX
LEXUS,MZAH11(W),UX300H,,,LEXUS UX300H
LEXUS,MZAH16(W),UX300H,,,LEXUS UX300H
LEXUS,TALH17(W),RX500H,,,LEXUS RX500H
LEXUS,XEBM10(W),RZ300E,,,LEXUS RZ300E
LEXUS,XEBM15(W),RZ450E,,,LEXUS RZ450E
LIVAN,5DPL4,X3 PRO,,,X3 PRO
LYNK&CO,2PNLZ1,LYNK CO,,,LYNK  CO 08
LYNK&CO,A01,LYNK CO,,,LYNK  CO 01
LYNK&CO,A02,LYNK CO,,,LYNK  CO 02
LYNK&CO,GFF,LYNK CO,,,LYNK  CO 01
MASERATI,0AEA0000C0,GRECALE,KKL,SAV,GRECALE FOLGORE
MASERATI,0AGT420AC8,GRECALE,KKL,SAV,GRECALE GT
MASERATI,0AGT630BC8,GRECALE,KKL,SAV,GRECALE TROFEO
MASERATI,1AGT630CC8,GRANTURISMO,GKL,CABRIO,GRANTURISMO TROFEO
MASERATI,2AGT630CC8,GRANCABRIO,GKL,CABRIO,GRANCABRIO TROFEO
MASERATI,6E4,QUATTROPORTE,MKL,SEDAN,QUATTROPORTE S Q4
MASERATI,6F2,QUATTROPORTE,MKL,SEDAN,QUATTROPORTE GT
MASERATI,7E4,GHIBLI,MKL,SEDAN,GHIBLI MODENA S Q4
MASERATI,7L2,GHIBLI,MKL,SEDAN,GHIBLI GT HYBRID
MASERATI,CAE,MC20,GKL++1,COUPE,MC20
MASERATI,RAE,MC20,GKL++1,COUPE,MC20 CIELO
MAXUS,800,EUNIQ 5,MKL,MPV,MAXUS EUNIQ 5
MAZDA,2FC,CX-60,KKL,SAV,MAZDA CX-60
MAZDA,4AC,CX-80,KKL,SAV,MAZDA CX-80
MAZDA,4BC,CX-60,KKL,SAV,MAZDA CX-60
MAZDA,4CC,CX-80,KKL,SAV,MAZDA CX-80
MAZDA,4EC,CX-60,KKL,SAV,MAZDA CX-60
MAZDA,6E7,MX-5,UKL2,ROADSTER,MAZDA MX-5
MAZDA,6EA,MX-5,UKL2,ROADSTER,MAZDA MX-5
MAZDA,6HE,MAZDA3,,,MAZDA3
MAZDA,6HG,MAZDA3,,,MAZDA3
MAZDA,6HH,MAZDA3,,,MAZDA3
MAZDA,6HP,MAZDA3,,,MAZDA3
MAZDA,6HZ,MAZDA2,,,MAZDA2
MAZDA,6SG,MAZDA3,,,MAZDA3
MAZDA,6SH,MAZDA3,,,MAZDA3
MAZDA,6SP,MAZDA3,,,MAZDA3
MAZDA,6W1,CX-5,UKL2,SAV,MAZDA CX-5
MAZDA,6W2,CX-5,UKL2,SAV,MAZDA CX-5
MAZDA,6WE,CX-30,UKL2,SAV,MAZDA CX-30
MAZDA,6WG,CX-30,UKL2,SAV,MAZDA CX-30
MAZDA,6WH,CX-30,UKL2,SAV,MAZDA CX-30
MAZDA,6WJ,MX-30,UKL2,SAV,MAZDA MX-30
MAZDA,6WN,CX-5,UKL2,SAV,MAZDA CX-5
MAZDA,6WP,CX-30,UKL2,SAV,MAZDA CX-30
MAZDA,AARA,6E,KKL,SEDAN,MAZDA 6E
MAZDA,FHH,MAZDA3,,,MAZDA3
MAZDA,FWH,CX-30,UKL2,SAV,MAZDA CX-30
MAZDA,GW2,CX-5,UKL2,SAV,MAZDA CX-5
MAZDA,MXPH11(H),MAZDA2,,,MAZDA2 HYBRID
MERCEDES-AMG,9317T0,AMG GT,,,AMG GT 43
MERCEDES-AMG,9317TA,AMG GT,,,AMG GT 43
MERCEDES-AMG,938UTB,AMG GT,,,AMG GT 55 4MATIC+
MERCEDES-AMG,938VTB,AMG GT,,,AMG GT 63 4MATIC+
MERCEDES-AMG,938WTB,AMG GT,,,AMG GT 63 S E PERFORMANCE
MERCEDES-AMG,QX6AT1,AMG GT,,,AMG GT 53 4MATIC+
MERCEDES-AMG,QX8HTB,AMG GT,,,AMG GT 63 S 4MATIC+
MERCEDES-AMG,QX8XTB,AMG GT,,,AMG GT 63 S E PERFORMANCE
MERCEDES-AMG,S18VTB,AMG PURESPEED,,,AMG PURESPEED
MERCEDES-AMG,S417T0,AMG SL,,,AMG SL 43
MERCEDES-AMG,S417TA,AMG SL,,,AMG SL 43
MERCEDES-AMG,S44UT0,AMG SL,,,AMG SL 43
MERCEDES-AMG,S44UTA,AMG SL,,,AMG SL 43
MERCEDES-AMG,S48UTB,AMG SL,,,AMG SL 55 4MATIC+
MERCEDES-AMG,S48VTB,AMG SL,,,AMG SL 63 4MATIC+
MERCEDES-AMG,S48WTB,AMG SL,,,AMG SL 63 S E PERFORMANCE
MERCEDES-AMG,S98VTB,MAYBACH SL,,,MAYBACH SL 680
MERCEDES-AMG,Z38ZT0,AMG GT BLACK,,,AMG GT BLACK SERIES
MERCEDES-BENZ,1301A0,CLA,UKL2,SEDAN,CLA 250+
MERCEDES-BENZ,1301Z0,CLA,UKL2,SEDAN,CLA 250+
MERCEDES-BENZ,130CA1,CLA,UKL2,SEDAN,CLA 350 4MATIC
MERCEDES-BENZ,130CZ1,CLA,UKL2,SEDAN,CLA 350 4MATIC
MERCEDES-BENZ,234ET2,CLA,UKL2,SEDAN,CLA 220
MERCEDES-BENZ,321CT1,CLA,UKL2,SEDAN,CLA 200 D 4MATIC
MERCEDES-BENZ,321CT2,CLA,UKL2,SEDAN,CLA 200 D
MERCEDES-BENZ,321ET2,CLA,UKL2,SEDAN,CLA 220 D
MERCEDES-BENZ,324HT2,CLA,UKL2,SEDAN,CLA 200
MERCEDES-BENZ,324LT1,CLA,UKL2,SEDAN,CLA 250 4MATIC
MERCEDES-BENZ,324MT2,CLA,UKL2,SEDAN,CLA 250 E
MERCEDES-BENZ,324NT1,AMG CLA,,,AMG CLA 35 4MATIC
MERCEDES-BENZ,3254T1,AMG CLA,,,AMG CLA 45 S 4MATIC+
MERCEDES-BENZ,328QT2,CLA,UKL2,SEDAN,CLA 250 E
MERCEDES-BENZ,32H7T2,CLA,UKL2,SEDAN,CLA 200
MERCEDES-BENZ,32H9T2,CLA,UKL2,SEDAN,CLA 180
MERCEDES-BENZ,331CT2,CLA,UKL2,SEDAN,CLA 200 D
MERCEDES-BENZ,331ET2,CLA,UKL2,SEDAN,CLA 220 D
MERCEDES-BENZ,334HT2,CLA,UKL2,SEDAN,CLA 200
MERCEDES-BENZ,334LT1,CLA,UKL2,SEDAN,CLA 250 4MATIC
MERCEDES-BENZ,334MT2,CLA,UKL2,SEDAN,CLA 250 E
MERCEDES-BENZ,334NT1,AMG CLA,,,AMG CLA 35 4MATIC
MERCEDES-BENZ,3354T1,AMG CLA,,,AMG CLA 45 S 4MATIC+
MERCEDES-BENZ,338QT2,CLA,UKL2,SEDAN,CLA 250 E
MERCEDES-BENZ,33H7T2,CLA,UKL2,SEDAN,CLA 200
MERCEDES-BENZ,33H9T2,CLA,UKL2,SEDAN,CLA 180
MERCEDES-BENZ,46EBA0,EQE,MKL,SEDAN,EQE 300
MERCEDES-BENZ,46EBB0,EQE,MKL,SEDAN,EQE 300
MERCEDES-BENZ,46ECA0,EQE,MKL,SEDAN,EQE 350+
MERCEDES-BENZ,46ECB0,EQE,MKL,SEDAN,EQE 350+
MERCEDES-BENZ,46ECBA,EQE,MKL,SEDAN,EQE 350+
MERCEDES-BENZ,46EEB1,EQE,MKL,SEDAN,EQE 350 4MATIC
MERCEDES-BENZ,46EEBB,EQE,MKL,SEDAN,EQE 350 4MATIC
MERCEDES-BENZ,46EFA1,EQE,MKL,SEDAN,EQE 500 4MATIC
MERCEDES-BENZ,46EFB1,EQE,MKL,SEDAN,EQE 500 4MATIC
MERCEDES-BENZ,46EFBB,EQE,MKL,SEDAN,EQE 500 4MATIC
MERCEDES-BENZ,46EGA1,EQE,MKL,SEDAN,EQE 500 4MATIC
MERCEDES-BENZ,46EGB1,EQE,MKL,SEDAN,EQE 500 4MATIC
MERCEDES-BENZ,46EIA0,EQE,MKL,SEDAN,EQE 300
MERCEDES-BENZ,46EJA0,EQE,MKL,SEDAN,EQE 350+
MERCEDES-BENZ,46EJB0,EQE,MKL,SEDAN,EQE 350+
MERCEDES-BENZ,46EJBA,EQE,MKL,SEDAN,EQE 350+
MERCEDES-BENZ,46EKBB,AMG EQE,,,AMG EQE 43 4MATIC
MERCEDES-BENZ,46ESBB,AMG EQE,,,AMG EQE 53 4MATIC+
MERCEDES-BENZ,46EYB1,EQE,MKL,SEDAN,EQE 350 4MATIC
MERCEDES-BENZ,51EBA0,EQE,MKL,SEDAN,EQE 300
MERCEDES-BENZ,51EBBA,EQE,MKL,SEDAN,EQE 300
MERCEDES-BENZ,51ECA0,EQE,MKL,SEDAN,EQE 350
MERCEDES-BENZ,51ECAA,EQE,MKL,SEDAN,EQE 350+
MERCEDES-BENZ,51ECB0,EQE,MKL,SEDAN,EQE 350+
MERCEDES-BENZ,51ECBA,EQE,MKL,SEDAN,EQE 350+
MERCEDES-BENZ,51EIA0,EQE,MKL,SEDAN,EQE 300
MERCEDES-BENZ,51EJA0,EQE,MKL,SEDAN,EQE 350+
MERCEDES-BENZ,51EJB0,EQE,MKL,SEDAN,EQE 350+
MERCEDES-BENZ,51EJBA,EQE,MKL,SEDAN,EQE 350+
MERCEDES-BENZ,51ESAB,AMG EQE,,,AMG EQE 53 4MATIC+
MERCEDES-BENZ,66EGBB,EQS,GKL,SEDAN,EQS 500 4MATIC
MERCEDES-BENZ,66EWAB,EQS,GKL,SEDAN,EQS 450 4MATIC
MERCEDES-BENZ,66EWBB,EQS,GKL,SEDAN,EQS 450 4MATIC
MERCEDES-BENZ,69ETBB,MAYBACH EQS,,,MAYBACH EQS 680
MERCEDES-BENZ,71EAB0,EQS,GKL,SEDAN,EQS 450+
MERCEDES-BENZ,71ECB0,EQS,GKL,SEDAN,EQS 350
MERCEDES-BENZ,71EDB0,EQS,GKL,SEDAN,EQS 450+
MERCEDES-BENZ,71EGB1,EQS,GKL,SEDAN,EQS 500 4MATIC
MERCEDES-BENZ,71EHA1,EQS,GKL,SEDAN,EQS 580 4MATIC
MERCEDES-BENZ,71EHB1,EQS,GKL,SEDAN,EQS 580 4MATIC
MERCEDES-BENZ,71ETA1,AMG EQS,,,AMG EQS 53 4MATIC+
MERCEDES-BENZ,8304T1,GLC,KKL,SAV,GLC 220 D 4MATIC
MERCEDES-BENZ,8304TB,GLC,KKL,SAV,GLC 220 D 4MATIC
MERCEDES-BENZ,8317TB,AMG GLC,,,AMG GLC 43 4MATIC
MERCEDES-BENZ,831GT1,GLC,KKL,SAV,GLC 300 DE 4MATIC
MERCEDES-BENZ,831GTB,GLC,KKL,SAV,GLC 300 DE 4MATIC
MERCEDES-BENZ,831LT1,GLC,KKL,SAV,GLC 300 D 4MATIC
MERCEDES-BENZ,831LTB,GLC,KKL,SAV,GLC 300 D 4MATIC
MERCEDES-BENZ,831PT1,GLC,KKL,SAV,GLC 300 DE 4MATIC
MERCEDES-BENZ,831PTB,GLC,KKL,SAV,GLC 300 DE 4MATIC
MERCEDES-BENZ,8346T1,GLC,KKL,SAV,GLC 300 4MATIC
MERCEDES-BENZ,8346TB,GLC,KKL,SAV,GLC 300 4MATIC
MERCEDES-BENZ,834IT1,GLC,KKL,SAV,GLC 300 E 4MATIC
MERCEDES-BENZ,834ITB,GLC,KKL,SAV,GLC 300 E 4MATIC
MERCEDES-BENZ,835PT1,GLC,KKL,SAV,GLC 200 4MATIC
MERCEDES-BENZ,835PTB,GLC,KKL,SAV,GLC 200 4MATIC
MERCEDES-BENZ,835QT1,GLC,KKL,SAV,GLC 300 E 4MATIC
MERCEDES-BENZ,835QTB,GLC,KKL,SAV,GLC 300 E 4MATIC
MERCEDES-BENZ,837PTB,AMG GLC,,,AMG GLC 63S E PERFORMANCE
MERCEDES-BENZ,8604T1,GLC,KKL,SAV,GLC 220 D 4MATIC
MERCEDES-BENZ,8604TB,GLC,KKL,SAV,GLC 220 D 4MATIC
MERCEDES-BENZ,8617TB,AMG GLC,,,AMG GLC 43 4MATIC
MERCEDES-BENZ,861GT1,GLC,KKL,SAV,GLC 300 DE 4MATIC
MERCEDES-BENZ,861GTB,GLC,KKL,SAV,GLC 300 DE 4MATIC
MERCEDES-BENZ,861LT1,GLC,KKL,SAV,GLC 300 D 4MATIC
MERCEDES-BENZ,861LTB,GLC,KKL,SAV,GLC 300 D 4MATIC
MERCEDES-BENZ,861PT1,GLC,KKL,SAV,GLC 300 DE 4MATIC
MERCEDES-BENZ,861PTB,GLC,KKL,SAV,GLC 300 DE 4MATIC
MERCEDES-BENZ,8646T1,GLC,KKL,SAV,GLC 300 4MATIC
MERCEDES-BENZ,8646TB,GLC,KKL,SAV,GLC 300 4MATIC
MERCEDES-BENZ,864IT1,GLC,KKL,SAV,GLC 300 E 4MATIC
MERCEDES-BENZ,864ITB,GLC,KKL,SAV,GLC 300 E 4MATIC
MERCEDES-BENZ,865PT1,GLC,KKL,SAV,GLC 200 4MATIC
MERCEDES-BENZ,865PTB,GLC,KKL,SAV,GLC 200 4MATIC
MERCEDES-BENZ,865QT1,GLC,KKL,SAV,GLC 300 E 4MATIC
MERCEDES-BENZ,865QTB,GLC,KKL,SAV,GLC 300 E 4MATIC
MERCEDES-BENZ,867PTB,AMG GLC,,,AMG GLC 63S E PERFORMANCE
MERCEDES-BENZ,B21GT1,GLE,MKL,SAV,GLE 350 DE 4MATIC
MERCEDES-BENZ,B21JT1,GLE,MKL,SAV,GLE 350 DE 4MATIC
MERCEDES-BENZ,B21LT1,GLE,MKL,SAV,GLE 300 D 4MATIC
MERCEDES-BENZ,B21PT1,GLE,MKL,SAV,GLE 350 DE 4MATIC
MERCEDES-BENZ,B223T1,GLE,MKL,SAV,GLE 400 D 4MATIC
MERCEDES-BENZ,B224T1,GLE,MKL,SAV,GLE 450 D 4MATIC
MERCEDES-BENZ,B24ZT1,GLE,MKL,SAV,GLE 400 E 4MATIC
MERCEDES-BENZ,B25RT1,GLE,MKL,SAV,GLE 400 E 4MATIC
MERCEDES-BENZ,B26ST1,GLE,MKL,SAV,GLE 450 4MATIC
MERCEDES-BENZ,B26UT1,AMG GLE,,,AMG GLE 53 4MATIC+
MERCEDES-BENZ,B26VT1,AMG GLE,,,AMG GLE 53 HYBRID
MERCEDES-BENZ,B26YT1,AMG GLE,,,AMG GLE 53 HYBRID
MERCEDES-BENZ,B28PT1,AMG GLE,,,AMG GLE 63 S 4MATIC+
MERCEDES-BENZ,B31GT1,GLE,MKL,SAV,GLE 350 DE 4MATIC COUPE
MERCEDES-BENZ,B31LT1,GLE,MKL,SAV,GLE 300 D 4MATIC COUPE
MERCEDES-BENZ,B31PT1,GLE,MKL,SAV,GLE 350 DE 4MATIC COUPE
MERCEDES-BENZ,B324T1,GLE,MKL,SAV,GLE 450 D 4MATIC COUPE
MERCEDES-BENZ,B34ZT1,GLE,MKL,SAV,GLE 400 E 4MATIC COUPE
MERCEDES-BENZ,B35RT1,GLE,MKL,SAV,GLE 400 E 4MATIC COUPE
MERCEDES-BENZ,B36UT1,AMG GLE,,,AMG GLE 53 4MATIC+ COUPE
MERCEDES-BENZ,B36VT1,AMG GLE,,,AMG GLE 53 HYBRID COUPE
MERCEDES-BENZ,B36YT1,AMG GLE,,,AMG GLE 53 HYBRID COUPE
MERCEDES-BENZ,B38PT1,AMG GLE,,,AMG GLE 63 S 4MATIC+COUPE
MERCEDES-BENZ,B722T1,GLS,GKL,SAV,GLS 350 D 4MATIC
MERCEDES-BENZ,B724T1,GLS,GKL,SAV,GLS 450 D 4MATIC
MERCEDES-BENZ,B76ST1,GLS,GKL,SAV,GLS 450 4MATIC
MERCEDES-BENZ,B782T1,GLS,GKL,SAV,GLS 580 4MATIC
MERCEDES-BENZ,B78PT1,AMG GLS,,,AMG GLS 63 4MATIC+
MERCEDES-BENZ,BM8MT1,MAYBACH GLS,,,MAYBACH GLS 600
MERCEDES-BENZ,C724T1,G,,,G 450 D
MERCEDES-BENZ,C76TT1,G,,,G 500
MERCEDES-BENZ,C78ZT1,AMG G,,,AMG G 63
MERCEDES-BENZ,CNEZZ1,G,,,G 580
MERCEDES-BENZ,H004T0,C,,,C 220 D
MERCEDES-BENZ,H004T1,C,,,C 220 D 4MATIC
MERCEDES-BENZ,H004TA,C,,,C 220 D
MERCEDES-BENZ,H004TB,C,,,C 220 D 4MATIC
MERCEDES-BENZ,H005T0,C,,,C 300 DE
MERCEDES-BENZ,H005T1,C,,,C 300 DE 4MATIC
MERCEDES-BENZ,H00AT0,C,,,C 200 D
MERCEDES-BENZ,H00ATA,C,,,C 200 D
MERCEDES-BENZ,H017TB,AMG C,,,AMG C 43 4MATIC
MERCEDES-BENZ,H01LT0,C,,,C 300 D
MERCEDES-BENZ,H041T0,C,,,C 180
MERCEDES-BENZ,H042T0,C,,,C 200
MERCEDES-BENZ,H042TA,C,,,C 200
MERCEDES-BENZ,H046T0,C,,,C 300
MERCEDES-BENZ,H046TA,C,,,C 300
MERCEDES-BENZ,H05DT0,C,,,C 300 E
MERCEDES-BENZ,H07PTB,AMG C,,,AMG C 63 S E PERFORMANCE
MERCEDES-BENZ,H087TB,AMG C,,,AMG C 43 4MATIC+
MERCEDES-BENZ,H204T0,C,,,C 220 D
MERCEDES-BENZ,H204T1,C,,,C 220D 4MATIC ALL-TERRAIN
MERCEDES-BENZ,H205T0,C,,,C 300 DE
MERCEDES-BENZ,H205T1,C,,,C 300 DE 4MATIC
MERCEDES-BENZ,H20AT0,C,,,C 200 D
MERCEDES-BENZ,H20ATA,C,,,C 200 D
MERCEDES-BENZ,H217TB,AMG C,,,AMG C 43 4MATIC
MERCEDES-BENZ,H21LT0,C,,,C 300 D
MERCEDES-BENZ,H242T0,C,,,C 200
MERCEDES-BENZ,H246T0,C,,,C 300
MERCEDES-BENZ,H246TA,C,,,C 300
MERCEDES-BENZ,H25DT0,C,,,C 300 E
MERCEDES-BENZ,H27PTB,AMG C,,,AMG C 63 S E PERFORMANCE
MERCEDES-BENZ,H287TB,AMG C,,,AMG C 43 4MATIC+
MERCEDES-BENZ,I021T0,S,,,S 350 D
MERCEDES-BENZ,I022T0,S,,,S 350 D
MERCEDES-BENZ,I022T1,S,,,S 350 D 4MATIC
MERCEDES-BENZ,I022TA,S,,,S 350 D
MERCEDES-BENZ,I022TB,S,,,S 350 D 4MATIC
MERCEDES-BENZ,I024T1,S,,,S 450 D 4MATIC
MERCEDES-BENZ,I024TB,S,,,S 450 D 4MATIC
MERCEDES-BENZ,I06PT0,S,,,S 580 E
MERCEDES-BENZ,I06RT0,S,,,S 450 E
MERCEDES-BENZ,I06RTA,S,,,S 450 E
MERCEDES-BENZ,I06TT1,S,,,S 500 4MATIC
MERCEDES-BENZ,I06TTB,S,,,S 500 4MATIC
MERCEDES-BENZ,I08RT1,S,,,S 580 4MATIC
MERCEDES-BENZ,I08RTB,S,,,S 580 4MATIC
MERCEDES-BENZ,I122T0,S,,,S 350 D
MERCEDES-BENZ,I122T1,S,,,S 350 D 4MATIC
MERCEDES-BENZ,I122TA,S,,,S 350 D
MERCEDES-BENZ,I122TB,S,,,S 350 D 4MATIC
MERCEDES-BENZ,I124T1,S,,,S 450 D 4MATIC
MERCEDES-BENZ,I124TB,S,,,S 450 D 4MATIC
MERCEDES-BENZ,I16RT0,S,,,S 450 E
MERCEDES-BENZ,I16RTA,S,,,S 450 E
MERCEDES-BENZ,I16TT1,S,,,S 500 4MATIC
MERCEDES-BENZ,I16TTB,S,,,S 500 4MATIC
MERCEDES-BENZ,I18RT1,S,,,S 580 4MATIC
MERCEDES-BENZ,I18RTB,S,,,S 580 4MATIC
MERCEDES-BENZ,I96PT1,S,,,S 580 E MAYBACH
MERCEDES-BENZ,I97NTB,S,,,S 680 MAYBACH
MERCEDES-BENZ,I98RT1,S,,,S 580 MAYBACH
MERCEDES-BENZ,J004T0,E,,,E 220 D
MERCEDES-BENZ,J004T1,E,,,E 220 D 4MATIC
MERCEDES-BENZ,J004TA,E,,,E 220 D
MERCEDES-BENZ,J004TB,E,,,E 220 D 4MATIC
MERCEDES-BENZ,J005T0,E,,,E 300 DE
MERCEDES-BENZ,J005T1,E,,,E 300 DE 4MATIC
MERCEDES-BENZ,J005TA,E,,,E 300 DE
MERCEDES-BENZ,J005TB,E,,,E 300 DE 4MATIC
MERCEDES-BENZ,J024T1,E,,,E 450 D 4MATIC
MERCEDES-BENZ,J024TB,E,,,E 450 D 4MATIC
MERCEDES-BENZ,J05DT0,E,,,E 300 E
MERCEDES-BENZ,J05DTA,E,,,E 300 E
MERCEDES-BENZ,J05PT0,E,,,E 200
MERCEDES-BENZ,J05PTA,E,,,E 200
MERCEDES-BENZ,J06XTB,AMG E,,,AMG E 53 HYBRID
MERCEDES-BENZ,J204T0,E,,,E 220 D
MERCEDES-BENZ,J204T1,E,,,E 220 D 4MATIC ALLTERRAIN
MERCEDES-BENZ,J205T0,E,,,E 300 DE
MERCEDES-BENZ,J205T1,E,,,E 300DE 4MATIC ALLTERRAIN
MERCEDES-BENZ,J224T1,E,,,E 450 D 4MATIC
MERCEDES-BENZ,J25DT0,E,,,E 300 E
MERCEDES-BENZ,J25PT0,E,,,E 200
MERCEDES-BENZ,J26XTB,AMG E,,,AMG E 53 HYBRID
MERCEDES-BENZ,K1U11350RXX,SPRINTER,SKL,TRANSPORTER,SPRINTER
MERCEDES-BENZ,K1U31350BXX,SPRINTER,SKL,TRANSPORTER,SPRINTER
MERCEDES-BENZ,K1U31350RXX,SPRINTER,SKL,TRANSPORTER,SPRINTER
MERCEDES-BENZ,K1U31350TXX,SPRINTER,SKL,TRANSPORTER,SPRINTER
MERCEDES-BENZ,K1U51350BXX,SPRINTER,SKL,TRANSPORTER,SPRINTER
MERCEDES-BENZ,K1U51350GXX,SPRINTER,SKL,TRANSPORTER,SPRINTER
MERCEDES-BENZ,K1U51350RXX,SPRINTER,SKL,TRANSPORTER,SPRINTER
MERCEDES-BENZ,K1U51350TXX,SPRINTER,SKL,TRANSPORTER,SPRINTER
MERCEDES-BENZ,K1W61350BXX,SPRINTER,SKL,TRANSPORTER,SPRINTER
MERCEDES-BENZ,K1W61350RXX,SPRINTER,SKL,TRANSPORTER,SPRINTER
MERCEDES-BENZ,K1W62350BXX,SPRINTER,SKL,TRANSPORTER,SPRINTER
MERCEDES-BENZ,K2U11350BXX,SPRINTER,SKL,TRANSPORTER,SPRINTER
MERCEDES-BENZ,K2U11350GXX,SPRINTER,SKL,TRANSPORTER,SPRINTER
MERCEDES-BENZ,K2U11350RXX,SPRINTER,SKL,TRANSPORTER,SPRINTER
MERCEDES-BENZ,K2U11350TXX,SPRINTER,SKL,TRANSPORTER,SPRINTER
MERCEDES-BENZ,K2U31350BXX,SPRINTER,SKL,TRANSPORTER,SPRINTER
MERCEDES-BENZ,K2U31350GXX,SPRINTER,SKL,TRANSPORTER,SPRINTER
MERCEDES-BENZ,K2U31350RXX,SPRINTER,SKL,TRANSPORTER,SPRINTER
MERCEDES-BENZ,K2U31350TXX,SPRINTER,SKL,TRANSPORTER,SPRINTER
MERCEDES-BENZ,K2U51350BXX,SPRINTER,SKL,TRANSPORTER,SPRINTER
MERCEDES-BENZ,K2U51350RXX,SPRINTER,SKL,TRANSPORTER,SPRINTER
MERCEDES-BENZ,K2W61350BXX,SPRINTER,SKL,TRANSPORTER,SPRINTER
MERCEDES-BENZ,K2W61350GXX,SPRINTER,SKL,TRANSPORTER,SPRINTER
MERCEDES-BENZ,K2W61350RXX,SPRINTER,SKL,TRANSPORTER,SPRINTER
MERCEDES-BENZ,K2W62350BXXAF,SPRINTER,SKL,TRANSPORTER,SPRINTER
MERCEDES-BENZ,KLE45350HXX,EQV,,,EQV
MERCEDES-BENZ,KLE45350MXX,EQV,,,EQV 300
MERCEDES-BENZ,KLE45350NXX,EQV,,,EQV 300
MERCEDES-BENZ,KLE45350PXX,EQV,,,EQV
MERCEDES-BENZ,KLM61310EXX,CLASE V,,,CLASE V
MERCEDES-BENZ,KLM61310NXX,CLASE V,,,CLASE V
MERCEDES-BENZ,KLM61320EXX,CLASE V,,,CLASE V
MERCEDES-BENZ,KLM61320NXX,CLASE V,,,CLASE V
MERCEDES-BENZ,KLM6L310EXX,V,,,V 300
MERCEDES-BENZ,KLM6L310NXX,V,,,V 300
MERCEDES-BENZ,KLM6L320EXX,V,,,V 300
MERCEDES-BENZ,KLM6L320NXX,V,,,V 300
MERCEDES-BENZ,KLU41310EXX,CLASE V,,,CLASE V
MERCEDES-BENZ,KLU41310NXX,CLASE V,,,CLASE V
MERCEDES-BENZ,KLU41320EXX,CLASE V,,,CLASE V
MERCEDES-BENZ,KLU41320NXX,CLASE V,,,CLASE V
MERCEDES-BENZ,KLU43310NXX,V,,,V 220 D
MERCEDES-BENZ,KLU43320EXX,CLASE V,,,CLASE V
MERCEDES-BENZ,KLU43320NXX,V,,,V 220 D
MERCEDES-BENZ,KLU4L310EXX,V,,,V 220 D
MERCEDES-BENZ,KLU4L310NXX,V,,,V 220 D
MERCEDES-BENZ,KLU4L320EXX,V,,,V 220 D
MERCEDES-BENZ,KLU4L320NXX,V,,,V 220 D
MERCEDES-BENZ,KLU61310EXX,CLASE V,,,CLASE V
MERCEDES-BENZ,KLU61310NXX,CLASE V,,,CLASE V
MERCEDES-BENZ,KLU61320EXX,CLASE V,,,CLASE V
MERCEDES-BENZ,KLU61320NXX,CLASE V,,,CLASE V
MERCEDES-BENZ,KLU63310NXX,V,,,V 250 D
MERCEDES-BENZ,KLU63320EXX,CLASE V,,,CLASE V
MERCEDES-BENZ,KLU63320NXX,V,,,V 250 D
MERCEDES-BENZ,KLU6L310EXX,V,,,V 250 D
MERCEDES-BENZ,KLU6L310NXX,V,,,V 250 D
MERCEDES-BENZ,KLU6L320EXX,V,,,V 250 D
MERCEDES-BENZ,KLU6L320NXX,V,,,V 250 D
MERCEDES-BENZ,KLU71310EXX,CLASE V,,,CLASE V
MERCEDES-BENZ,KLU71310NXX,CLASE V,,,CLASE V
MERCEDES-BENZ,KLU71320EXX,CLASE V,,,CLASE V
MERCEDES-BENZ,KLU71320NXX,CLASE V,,,CLASE V
MERCEDES-BENZ,KLU73310EXX,V,,,V 300 D
MERCEDES-BENZ,KLU73310NXX,V,,,V 300 D
MERCEDES-BENZ,KLU73320EXX,V,,,V 300 D
MERCEDES-BENZ,KLU73320NXX,CLASE V,,,CLASE V
MERCEDES-BENZ,KLU7L310NXX,V,,,V 300 D
MERCEDES-BENZ,KLU7L320EXX,V,,,V 300 D
MERCEDES-BENZ,KLU7L320NXX,V,,,V 300 D
MERCEDES-BENZ,KOE45350NXX,EVITO TOURER,,,EVITO TOURER
MERCEDES-BENZ,KOE45350PXX,EVITO TOURER,,,EVITO TOURER
MERCEDES-BENZ,KOM61310NXX,VITO TOURER,,,VITO TOURER
MERCEDES-BENZ,KOM6L310NXX,VITO TOURER,,,VITO TOURER
MERCEDES-BENZ,KOU21310MXX,VITO TOURER,,,VITO TOURER
MERCEDES-BENZ,KOU21310NXX,VITO TOURER,,,VITO TOURER
MERCEDES-BENZ,KOU21320SXX,VITO TOURER,,,VITO TOURER
MERCEDES-BENZ,KOU21320VXX,VITO TOURER,,,VITO TOURER
MERCEDES-BENZ,KOU23310NXX,VITO TOURER,,,VITO TOURER
MERCEDES-BENZ,KOU23320VXX,VITO TOURER,,,VITO TOURER
MERCEDES-BENZ,KOU2L310NXX,VITO TOURER,,,VITO TOURER
MERCEDES-BENZ,KOU2L320SXX,VITO TOURER,,,VITO TOURER
MERCEDES-BENZ,KOU2L320VXX,VITO TOURER,,,VITO TOURER
MERCEDES-BENZ,KOU41310MXX,VITO TOURER,,,VITO TOURER
MERCEDES-BENZ,KOU41310NXX,VITO TOURER,,,VITO TOURER
MERCEDES-BENZ,KOU41320SXX,VITO TOURER,,,VITO TOURER
MERCEDES-BENZ,KOU41320VXX,VITO TOURER,,,VITO TOURER
MERCEDES-BENZ,KOU43310NXX,VITO TOURER,,,VITO TOURER
MERCEDES-BENZ,KOU43320SXX,VITO TOURER,,,VITO TOURER
MERCEDES-BENZ,KOU43320VXX,VITO TOURER,,,VITO TOURER
MERCEDES-BENZ,KOU4L310MXX,VITO TOURER,,,VITO TOURER
MERCEDES-BENZ,KOU4L310NXX,VITO TOURER,,,VITO TOURER
MERCEDES-BENZ,KOU4L320SXX,VITO TOURER,,,VITO TOURER
MERCEDES-BENZ,KOU4L320VXX,VITO TOURER,,,VITO TOURER
MERCEDES-BENZ,KOU61310NXX,VITO TOURER,,,VITO TOURER
MERCEDES-BENZ,KOU61320SXX,VITO TOURER,,,VITO TOURER
MERCEDES-BENZ,KOU61320VXX,VITO TOURER,,,VITO TOURER
MERCEDES-BENZ,KOU63310NXX,VITO TOURER,,,VITO TOURER
MERCEDES-BENZ,KOU63320SXX,VITO TOURER,,,VITO TOURER
MERCEDES-BENZ,KOU63320VXX,VITO TOURER,,,VITO TOURER
MERCEDES-BENZ,KOU6L310NXX,VITO TOURER,,,VITO TOURER
MERCEDES-BENZ,KOU6L320SXX,VITO TOURER,,,VITO TOURER
MERCEDES-BENZ,KOU6L320VXX,VITO TOURER,,,VITO TOURER
MERCEDES-BENZ,KOU71310NXX,VITO TOURER,,,VITO TOURER
MERCEDES-BENZ,KOU71320SXX,VITO TOURER,,,VITO TOURER
MERCEDES-BENZ,KOU71320VXX,VITO TOURER,,,VITO TOURER
MERCEDES-BENZ,KOU73310NXX,VITO TOURER,,,VITO TOURER
MERCEDES-BENZ,KOU73320SXX,VITO TOURER,,,VITO TOURER
MERCEDES-BENZ,KOU7L310NXX,VITO TOURER,,,VITO TOURER
MERCEDES-BENZ,KOU7L320SXX,VITO TOURER,,,VITO TOURER
MERCEDES-BENZ,L304T0,CLE,MKL,CABRIO,CLE 220D
MERCEDES-BENZ,L304TA,CLE,MKL,CABRIO,CLE 220D
MERCEDES-BENZ,L346T1,CLE,MKL,CABRIO,CLE 300 4MATIC
MERCEDES-BENZ,L346TB,CLE,MKL,CABRIO,CLE 300 4MATIC
MERCEDES-BENZ,L35DT0,CLE,MKL,CABRIO,CLE 300 E
MERCEDES-BENZ,L35PT0,CLE,MKL,CABRIO,CLE 200
MERCEDES-BENZ,L35PTA,CLE,MKL,CABRIO,CLE 200
MERCEDES-BENZ,L36UTB,AMG CLE,,,AMG CLE 53 4MATIC
MERCEDES-BENZ,L404T0,CLE,MKL,CABRIO,CLE 220D
MERCEDES-BENZ,L446T1,CLE,MKL,CABRIO,CLE 300 4MATIC
MERCEDES-BENZ,L45PT0,CLE,MKL,CABRIO,CLE 200
MERCEDES-BENZ,L46UTB,AMG CLE,,,AMG CLE 53 4MATIC
MERCEDES-BENZ,MAU2L310NXX,M. P. ACTIVITY,,,M. P. ACTIVITY 200 D
MERCEDES-BENZ,MAU4L310NXX,M. P. ACTIVITY,,,M. P. ACTIVITY 220 D
MERCEDES-BENZ,MHU41310NXX,MARCO POLO,,,MARCO POLO
MERCEDES-BENZ,MHU4L310NXX,M. P. HORIZON,,,M. P. HORIZON 220 D
MERCEDES-BENZ,MHU61310NXX,MARCO POLO,,,MARCO POLO
MERCEDES-BENZ,MKA,CLASE T,,,CLASE T
MERCEDES-BENZ,MKC,CLASE T,,,CLASE T
MERCEDES-BENZ,MKD,CITAN TOURER,,,CITAN TOURER
MERCEDES-BENZ,MKE,ECITAN TOURER,,,ECITAN TOURER
MERCEDES-BENZ,MKF,CLASE T,,,CLASE T
MERCEDES-BENZ,MKH,CITAN TOURER,,,CITAN TOURER
MERCEDES-BENZ,MKJ,ECITAN TOURER,,,ECITAN TOURER
MERCEDES-BENZ,MKU63310NXX,MARCO POLO,,,MARCO POLO 250 D
MERCEDES-BENZ,MKU6L320NXX,MARCO POLO,,,MARCO POLO 250 D
MERCEDES-BENZ,MKU7L310NXX,MARCO POLO,,,MARCO POLO 300 D
MERCEDES-BENZ,MXM61280VXX,VITO,SKL,TRANSPORTER,VITO
MERCEDES-BENZ,MXM61300UXX,VITO,SKL,TRANSPORTER,VITO
MERCEDES-BENZ,MXM6L280VXX,VITO,SKL,TRANSPORTER,VITO
MERCEDES-BENZ,MXU21280VXX,VITO,SKL,TRANSPORTER,VITO
MERCEDES-BENZ,MXU21300UXX,VITO,SKL,TRANSPORTER,VITO
MERCEDES-BENZ,MXU2L280VXX,VITO,SKL,TRANSPORTER,VITO
MERCEDES-BENZ,MXU2L310NXX,VITO,SKL,TRANSPORTER,VITO
MERCEDES-BENZ,MXU2L320VXX,VITO,SKL,TRANSPORTER,VITO
MERCEDES-BENZ,MXU41280VXX,VITO,SKL,TRANSPORTER,VITO
MERCEDES-BENZ,MXU41300UXX,VITO,SKL,TRANSPORTER,VITO
MERCEDES-BENZ,MXU41310NXX,VITO,SKL,TRANSPORTER,VITO
MERCEDES-BENZ,MXU41320VXX,VITO,SKL,TRANSPORTER,VITO
MERCEDES-BENZ,MXU43300UXX,VITO,SKL,TRANSPORTER,VITO
MERCEDES-BENZ,MXU43320VXX,VITO,SKL,TRANSPORTER,VITO
MERCEDES-BENZ,MXU4L280VXX,VITO,SKL,TRANSPORTER,VITO
MERCEDES-BENZ,MXU4L300UXX,VITO,SKL,TRANSPORTER,VITO
MERCEDES-BENZ,MXU4L320VXX,VITO,SKL,TRANSPORTER,VITO
MERCEDES-BENZ,MXU73300UXX,VITO,SKL,TRANSPORTER,VITO
MERCEDES-BENZ,O010T2,B,,,B 180 D
MERCEDES-BENZ,O01CT2,B,,,B 200 D
MERCEDES-BENZ,O01ET2,B,,,B 220 D
MERCEDES-BENZ,O04HT2,B,,,B 200
MERCEDES-BENZ,O04JT2,B,,,B 180
MERCEDES-BENZ,O04MT2,B,,,B 250 E
MERCEDES-BENZ,OH1CT1,GLA,UKL2,SAV,GLA 200 D 4MATIC
MERCEDES-BENZ,OH1CT2,GLA,UKL2,SAV,GLA 200 D
MERCEDES-BENZ,OH1ET1,GLA,UKL2,SAV,GLA 220 D 4MATIC
MERCEDES-BENZ,OH4HT2,GLA,UKL2,SAV,GLA 200
MERCEDES-BENZ,OH4LT1,GLA,UKL2,SAV,GLA 250 4MATIC
MERCEDES-BENZ,OH4MT2,GLA,UKL2,SAV,GLA 250 E
MERCEDES-BENZ,OH4NT1,AMG GLA,,,AMG GLA 35 4MATIC
MERCEDES-BENZ,OH51T1,AMG GLA,,,AMG GLA 35
MERCEDES-BENZ,OH54T1,AMG GLA,,,AMG GLA 45 S 4MATIC+
MERCEDES-BENZ,OH8QT2,GLA,UKL2,SAV,GLA 250 E
MERCEDES-BENZ,OJ02Z2,EQA,,,EQA 250+
MERCEDES-BENZ,OJ06Z1,EQA,,,EQA 350 4MATIC
MERCEDES-BENZ,OJ07Z1,EQA,,,EQA 300 4MATIC
MERCEDES-BENZ,OJEQZ2,EQA,,,EQA 250
MERCEDES-BENZ,OJERZ1,EQA,,,EQA 300 4MATIC
MERCEDES-BENZ,OX1CT1,GLB,UKL2,SAV,GLB 200 D 4MATIC
MERCEDES-BENZ,OX1CT2,GLB,UKL2,SAV,GLB 200 D
MERCEDES-BENZ,OX1ET1,GLB,UKL2,SAV,GLB 220 D 4MATIC
MERCEDES-BENZ,OX4HT2,GLB,UKL2,SAV,GLB 200
MERCEDES-BENZ,OX4LT1,GLB,UKL2,SAV,GLB 250 4MATIC
MERCEDES-BENZ,OX4NT1,AMG GLB,,,AMG GLB 35 4MATIC
MERCEDES-BENZ,OX51T1,AMG GLB,,,AMG GLB 35
MERCEDES-BENZ,OXH7T2,GLB,UKL2,SAV,GLB 200
MERCEDES-BENZ,OXH9T2,GLB,UKL2,SAV,GLB 180
MERCEDES-BENZ,OY02Z2,EQB,,,EQB 250+
MERCEDES-BENZ,OY06Z1,EQB,,,EQB 350 4MATIC
MERCEDES-BENZ,OY07Z1,EQB,,,EQB 300 4MATIC
MERCEDES-BENZ,OYEPZ1,EQB,,,EQB 350 4MATIC
MERCEDES-BENZ,OYERZ1,EQB,,,EQB 300 4MATIC
MERCEDES-BENZ,OYEUZ2,EQB,,,EQB 250
MERCEDES-BENZ,R314T0,C,,,C 220 D
MERCEDES-BENZ,T314T0,E,,,E 220 D
MERCEDES-BENZ,T314T1,E,,,E 220 D 4MATIC
MERCEDES-BENZ,T385T0,E,,,E 350
MERCEDES-BENZ,T414T0,E,,,E 220 D
MERCEDES-BENZ,U01IT0,E,,,E 300 DE
MERCEDES-BENZ,U2U31350RXX,SPRINTER,SKL,TRANSPORTER,SPRINTER
MERCEDES-BENZ,V2W61350BXXW3,SPRINTER,SKL,TRANSPORTER,SPRINTER 319 CDI
MERCEDES-BENZ,X010T2,A,,,A 180 D
MERCEDES-BENZ,X01CT2,A,,,A 200 D
MERCEDES-BENZ,X04HT2,A,,,A 200
MERCEDES-BENZ,X04JT2,A,,,A 180
MERCEDES-BENZ,X04MT2,A,,,A 250 E
MERCEDES-BENZ,X04NT1,AMG A,,,AMG A 35 4MATIC
MERCEDES-BENZ,X210T2,A,,,A 180 D
MERCEDES-BENZ,X21CT2,A,,,A 200 D
MERCEDES-BENZ,X21ET2,A,,,A 220 D
MERCEDES-BENZ,X24HT2,A,,,A 200
MERCEDES-BENZ,X24JT2,A,,,A 180
MERCEDES-BENZ,X24LT1,A,,,A 250 4MATIC
MERCEDES-BENZ,X24MT2,A,,,A 250 E
MERCEDES-BENZ,X24NT1,AMG A,,,AMG A 35 4MATIC
MERCEDES-BENZ,X251T1,AMG A,,,AMG A 35
MERCEDES-BENZ,X254T1,AMG A,,,AMG A 45 S 4MATIC+
MERCEDES-BENZ,X28QT2,A,,,A 250 E
MG,1AB1PA,ZS,UKL1,SAV,MG ZS
MG,1AB1PG,ZS,UKL1,SAV,MG ZS
MG,1EAB1EI,ZS EV,,,MG ZS EV
MG,1EAB2EI,MARVEL R,UKL2,SAV,MG MARVEL R ELECTRIC
MG,1EAB3EI,MARVEL R,UKL2,SAV,MG MARVEL R ELECTRIC
MG,1EAB4EI,MG4 ELECTRIC,,,MG4 ELECTRIC
MG,2EAC1EI,MG5 ELECTRIC,,,MG5 ELECTRIC
MG,3AB1PA,HS,KKL,SAV,MG HS
MG,3PAB1OH,EHS,,,MG EHS PLUG-IN HYBRID
MG,AB1NA,ZS,UKL1,SAV,MG ZS
MG,AB1OA,HS,KKL,SAV,MG HS
MG,AB1PA,ZS,UKL1,SAV,MG ZS
MG,AB2EE,MG4 ELECTRIC,,,MG4 ELECTRIC
MG,AE2EE,CYBERSTER,KKL,ROADSTER,MG CYBERSTER
MG,AE3EE,CYBERSTER,KKL,ROADSTER,MG CYBERSTER
MINI,11DJ,COOPER,UKL1,HATCH,COOPER SE
MINI,11GA,COUNTRYMAN,UKL1,SAV,COUNTRYMAN C
MINI,11GC,COOPER E,,,COOPER E
MINI,11GD,COOPER C,,,COOPER C
MINI,11GX,COOPER C,,,COOPER C
MINI,11HF,JCW E,,,JCW E
MINI,21GA,COUNTRYMAN,UKL1,SAV,COUNTRYMAN S ALL4
MINI,21GC,COOPER,UKL1,HATCH,COOPER SE
MINI,21GD,COOPER,UKL1,HATCH,COOPER S
MINI,21GX,COOPER,UKL1,HATCH,COOPER S
MINI,21HF,JCW ACEMAN E,,,JCW ACEMAN E
MINI,31DK,COOPER,UKL1,HATCH,COOPER
MINI,31GA,JCW COUNTRYMAN ALL4,,,JCW COUNTRYMAN ALL4
MINI,31GC,ACEMAN,UKL1,SAV,ACEMAN E
MINI,31GD,JCW,,,JCW
MINI,31GX,JCW,,,JCW
MINI,41GA,COUNTRYMAN,UKL1,SAV,COUNTRYMAN E
MINI,41GD,COOPER C,,,COOPER C
MINI,51GA,COUNTRYMAN,UKL1,SAV,COUNTRYMAN SE ALL4
MINI,51GD,COOPER,UKL1,HATCH,COOPER S
MINI,61GA,COUNTRYMAN,UKL1,SAV,COUNTRYMAN D
MINI,81GC,ACEMAN,UKL1,SAV,ACEMAN SE
MITSUBISHI,A0411,SPACE STAR,UKL1,HATCH,SPACE STAR 120 MPI KAITEKI
MITSUBISHI,BE2,COLT,UKL1,HATCH,COLT 100T MOTION
MITSUBISHI,BG2,COLT,UKL1,HATCH,COLT 100T GLP MOTION
MITSUBISHI,BH2,COLT,UKL1,HATCH,COLT 160 HEV KAITEKI
MITSUBISHI,DH2,GRANDIS,UKL2,SAV,GRANDIS 130T MHEV KAITEKI
MITSUBISHI,GL321,ECLIPSE CROSS,UKL2,SAV,ECLIPSE CROSS PHEV KAITEKI 4WD
MITSUBISHI,GN021,OUTLANDER,KKL,SAV,OUTLANDER PHEV KAITEKI 4WD
MITSUBISHI,HE2,ECLIPSE CROSS,UKL2,SAV,ECLIPSE CROSS 87 KWH KAITEKI
MITSUBISHI,HH2,ASX,UKL2,SAV,ASX 130T MHEV KAITEKI
MORGAN,B,PLUS FOUR,,,PLUS FOUR
NISSAN,A,QASHQAI,UKL2,SAT,NISSAN QASHQAI
NISSAN,B,JUKE,UKL1,SAV,NISSAN JUKE
NISSAN,C,QASHQAI,UKL2,SAT,NISSAN QASHQAI
NISSAN,D,QASHQAI,UKL2,SAT,NISSAN QASHQAI
NISSAN,JM9R,PRIMASTAR,SKL,TRANSPORTER,PRIMASTAR
NISSAN,NBE,MICRA,UKL1,HATCH,NISSAN MICRA
NISSAN,NKA,TOWNSTAR,UKL2,MPV,TOWNSTAR
NISSAN,NKE,TOWNSTAR,UKL2,MPV,TOWNSTAR
NISSAN,NKF,TOWNSTAR,UKL2,MPV,TOWNSTAR
NISSAN,NKJ,TOWNSTAR,UKL2,MPV,TOWNSTAR
OMODA,DE00BL,OMODA 5,,,OMODA5 EV
OMODA,DHL4BL,OMODA 5,,,OMODA5 HEV
OMODA,DPL4BL,OMODA 5,,,OMODA5
OMODA,FHL4GL,OMODA 9,KKL,SAV,OMODA 9 PHEV
OPEL,3,ASTRA,UKL2,CABRIO,ASTRA 5P GS 1.6T PLUG-IN HYBRID AT8 S S 180 CV (13
OPEL,4,ASTRA,UKL2,CABRIO,ASTRA ST GS 1.6T PLUG-IN HYBRID AT8 S S 180 CV (13
OPEL,A,GRANDLAND,,,NUEVO GRANDLAND GS 1.2T XHT HYBRID EDCT6 S S 136 C
OPEL,B,COMBO,SKL,TRANSPORTER,COMBO 100 CV 1.5 TD S S MT6 6.4
OPEL,C,GRANDLAND,,,NUEVO GRANDLAND GS ELECTRIC 73KWH 213 CV (156KW)
OPEL,EA023DB12,CROSSLAND,,,CROSSLAND ELEGANCE PACK 1.2 GAS AT6 S S 130CV (96K
OPEL,EA025DB12,CROSSLAND,,,CROSSLAND ELEGANCE PACK 1.2 GAS MT6 S S 110CV (81K
OPEL,EEHZ7P,ZAFIRA,UKL2,MPV,ZAFIRA
OPEL,H,CORSA,UKL1,CABRIO,CORSA GS ELECTRIC 51KWH LONG RANGE 156 CV (115KW)
OPEL,K,MOKKA,UKL1,SAV,MOKKA GS ELECTRIC BEV 54KWH 156 CV (115KW)
OPEL,M,FRONTERA,UKL1,SAV,FRONTERA GS ELECTRIC 44KWH 113 CV (83KW)
OPEL,N,ASTRA,UKL2,CABRIO,ASTRA ST GS ELECTRIC 54KWH 156 CV (115KW)
OPEL,P,CORSA,UKL1,CABRIO,CORSA GS 1.2T XHL MT6 S S 100 CV (74KW)
OPEL,R,GRANDLAND,,,GRANDLAND GS 1.2T XHT HYBRID EDCT6 S S 136 CV (100
OPEL,S,MOKKA,UKL1,SAV,MOKKA GS 1.2 T MT6 S S 136 CV (100KW)
OPEL,Z,COMBO,SKL,TRANSPORTER,COMBO-E LIFE L ELEGANCE PLUS ELECTRICO 100KW   136
PEUGEOT,3,408,UKL2,SEDAN,408 ALLURE PLUG-IN HYBRID 225 E-EAT8
PEUGEOT,4,308,UKL2,HATCH,NUEVO 308 SW ALLURE PLUG-IN HYBRID 195 E-DCT7
PEUGEOT,A,3008,UKL2,SAT,NUEVO 3008 ALLURE HYBRID 145 E-DCS6
PEUGEOT,B,RIFTER,UKL2,MPV,RIFTER ALLURE BLUEHDI 100 SS 6 VEL. MAN STANDARD
PEUGEOT,C,308,UKL2,HATCH,308 SW ALLURE BLUEHDI 130 SS EAT8
PEUGEOT,DVS/S,TRAVELLER,SKL,TRANSPORTER,TRAVELLER
PEUGEOT,H,E-208,,,E-208 5P ALLURE ELECTRICO 156 (115 KW)
PEUGEOT,K,E-2008 ALLURE ELECTRICO,,,E-2008 ALLURE ELECTRICO 156 (115 KW)
PEUGEOT,M,E-RIFTER ALLURE STANDARD,,,E-RIFTER ALLURE STANDARD 100 KW
PEUGEOT,N,TRAVELLER,SKL,TRANSPORTER,TRAVELLER BUSINESS BLUEHDI 180 SS EAT8 STANDARD
PEUGEOT,P,208,UKL1,HATCH,208 5P ALLURE GASOLINA 100 SS 6 VEL. MAN
PEUGEOT,R,308,UKL2,HATCH,308 SW ALLURE HYBRID 145 EDCS6
PEUGEOT,S,2008,UKL1,SAV,2008 ALLURE HYBRID 145 EDCS6
PEUGEOT,YHVM,EXPERT,SKL,TRANSPORTER,EXPERT ERKE
PEUGEOT,Z,E-RIFTER ACTIVE,,,E-RIFTER ACTIVE PACK STANDARD 100 KW
POLESTAR,VSEU,POLESTAR 2,KKL,SEDAN,POLESTAR 2
POLESTAR,VSFC,POLESTAR 2,KKL,SEDAN,POLESTAR 2
POLESTAR,VSFD,POLESTAR 2,KKL,SEDAN,POLESTAR 2
POLESTAR,VSFE,POLESTAR 2,KKL,SEDAN,POLESTAR 2
POLESTAR,VSFF,POLESTAR 2,KKL,SEDAN,POLESTAR 2
POLESTAR,YKEA,POLESTAR 3,MKL,SAV,POLESTAR 3
POLESTAR,YKEE,POLESTAR 3,MKL,SAV,POLESTAR 3
POLESTAR,YKEJ,POLESTAR 3,MKL,SAV,POLESTAR 3
POLESTAR,ZPA,POLESTAR 4,KKL,SAV,POLESTAR 4
POLESTAR,ZPB,POLESTAR 4,KKL,SAV,POLESTAR 4
PORSCHE,CA12,718,MKL,COUPE,718 CAYMAN
PORSCHE,CB12,718,MKL,COUPE,718 CAYMAN S
PORSCHE,CB22,911,GKL,CABRIO,911 CARRERA 4S
PORSCHE,CC22,911,GKL,CABRIO,911 CARRERA 4 GTS
PORSCHE,CE22,911,GKL,CABRIO,911 TURBO 50
PORSCHE,CG12,911,GKL,CABRIO,911 GT3
PORSCHE,CH11,911,GKL,CABRIO,911 S T
PORSCHE,CH12,911,GKL,CABRIO,911 GT3 RS
PORSCHE,CK11,911,GKL,CABRIO,911 CARRERA T
PORSCHE,CK12,911,GKL,CABRIO,911 CARRERA
PORSCHE,CK22,CAYENNE,MKL,SAV,CAYENNE
PORSCHE,CL12,911,GKL,CABRIO,911 CARRERA S
PORSCHE,CL22,CAYENNE,MKL,SAV,CAYENNE E-HYBRID
PORSCHE,CM12,911,GKL,CABRIO,911 CARRERA GTS
PORSCHE,CM22,911,GKL,CABRIO,911 CARRERA 4 GTS
PORSCHE,CN22,CAYENNE,MKL,SAV,CAYENNE S E-HYBRID
PORSCHE,CP22,CAYENNE,MKL,SAV,CAYENNE GTS
PORSCHE,CR11,911,GKL,CABRIO,911 GT3
PORSCHE,CR12,911,GKL,CABRIO,911 GT3
PORSCHE,CR22,CAYENNE,MKL,SAV,CAYENNE TURBO E-HYBRID
PORSCHE,CT22,CAYENNE,MKL,SAV,CAYENNE TURBO E-HYBRID
PORSCHE,GA12,PANAMERA,GKL,SEDAN,PANAMERA
PORSCHE,GA22,PANAMERA,GKL,SEDAN,PANAMERA 4
PORSCHE,GB22,PANAMERA,GKL,SEDAN,PANAMERA 4 E-HYBRID
PORSCHE,GC22,PANAMERA,GKL,SEDAN,PANAMERA 4S E-HYBRID
PORSCHE,GD22,PANAMERA,GKL,SEDAN,PANAMERA GTS
PORSCHE,GE22,PANAMERA,GKL,SEDAN,PANAMERA TURBO E-HYBRID
PORSCHE,GF22,PANAMERA,GKL,SEDAN,PANAMERA TURBO S E-HYBRID
PORSCHE,HA12,MACAN,KKL,SAV,MACAN
PORSCHE,HA22,MACAN,KKL,SAV,MACAN 4
PORSCHE,HB22,MACAN,KKL,SAV,MACAN 4S
PORSCHE,HC22,MACAN,KKL,SAV,MACAN TURBO
PORSCHE,JM12,TAYCAN,GKL,SEDAN,TAYCAN
PORSCHE,JM22,TAYCAN,GKL,SEDAN,TAYCAN 4
PORSCHE,JN22,TAYCAN,GKL,SEDAN,TAYCAN 4S
PORSCHE,JO22,TAYCAN,GKL,SEDAN,TAYCAN TURBO
PORSCHE,JP22,TAYCAN,GKL,SEDAN,TAYCAN TURBO S
PORSCHE,JQ22,TAYCAN,GKL,SEDAN,TAYCAN GTS
PORSCHE,JR22,TAYCAN,GKL,SEDAN,TAYCAN TURBO GT
PORSCHE,JS22,TAYCAN,GKL,SEDAN,TAYCAN TURBO GT
PORSCHE,JT22,MACAN,KKL,SAV,MACAN T
PORSCHE,KA12,911,GKL,CABRIO,911 CARRERA
PORSCHE,KA22,911,GKL,CABRIO,911 CARRERA 4
PORSCHE,KB22,911,GKL,CABRIO,911 CARRERA 4S
PORSCHE,KC22,911,GKL,CABRIO,911 CARRERA 4 GTS
PORSCHE,KE22,911,GKL,CABRIO,911 TURBO S
PORSCHE,KH12,718,MKL,COUPE,718 SPYDER RS
PORSCHE,KK11,911,GKL,CABRIO,911 CARRERA T
PORSCHE,KK12,911,GKL,CABRIO,911 CARRERA
PORSCHE,KL12,911,GKL,CABRIO,911 CARRERA S
PORSCHE,KL22,911,GKL,CABRIO,911 CARRERA 4S
PORSCHE,KM12,911,GKL,CABRIO,911 CARRERA GTS
PORSCHE,KM22,911,GKL,CABRIO,911 CARRERA 4 GTS
PORSCHE,SK22,CAYENNE,MKL,SAV,CAYENNE
PORSCHE,SL22,CAYENNE,MKL,SAV,CAYENNE E-HYBRID
PORSCHE,SM12,TAYCAN,GKL,SEDAN,TAYCAN
PORSCHE,SM22,CAYENNE,MKL,SAV,CAYENNE S
PORSCHE,SN22,CAYENNE,MKL,SAV,CAYENNE S E-HYBRID
PORSCHE,SP22,CAYENNE,MKL,SAV,CAYENNE GTS
PORSCHE,SQ22,TAYCAN,GKL,SEDAN,TAYCAN GTS
PORSCHE,SR22,CAYENNE,MKL,SAV,CAYENNE TURBO E-HYBRID
PORSCHE,TL22,911,GKL,CABRIO,911 TARGA 4S
PORSCHE,TM22,911,GKL,CABRIO,911 TARGA 4 GTS
RENAULT,0V0Y,ZOE,UKL1,HATCH,ZOE
RENAULT,2BV2,TWINGO,UKL0,HATCH,TWINGO
RENAULT,BD2,CLIO,UKL1,HATCH,CLIO
RENAULT,BE2,CLIO,UKL1,HATCH,CLIO
RENAULT,BF2,CLIO,UKL1,HATCH,CLIO
RENAULT,BG2,CLIO,UKL1,HATCH,CLIO
RENAULT,BH2,CLIO,UKL1,HATCH,CLIO E-TECH HYBRID
RENAULT,DH1,RAFALE,UKL2,SAV,RAFALE
RENAULT,DH2,SYMBIOZ,UKL2,SAV,SYMBIOZ
RENAULT,DP4,RAFALE,UKL2,SAV,RAFALE
RENAULT,HE2,CAPTUR,UKL1,SAV,CAPTUR
RENAULT,HF1,AUSTRAL,UKL2,SAV,AUSTRAL
RENAULT,HH1,AUSTRAL,UKL2,SAV,AUSTRAL
RENAULT,HH2,CAPTUR,UKL1,SAV,CAPTUR E-TECH HYBRID
RENAULT,JF0,NUEVA TRAFIC RED,,,NUEVA TRAFIC RED - COMBI FWD E
RENAULT,JM,MASTER,SKL,TRANSPORTER,MASTER
RENAULT,JM9R,TRAFIC,SKL,TRANSPORTER,TRAFIC
RENAULT,KF2,MEGANE,UKL2,CABRIO,MEGANE SPORT TOURER
RENAULT,LH2,ARKANA,UKL2,SAV,ARKANA E-TECH
RENAULT,RBE,5,UKL1,HATCH,RENAULT 5 E-TECH ELECTRIC
RENAULT,RH1,ESPACE,KKL,SAV,ESPACE
RENAULT,RH2,ESPACE,KKL,SAV,ESPACE
RENAULT,RHE,4,UKL1,SAV,RENAULT 4 E-TECH ELECTRIC
RENAULT,RKC,KANGOO,UKL1,MPV,KANGOO
RENAULT,RKD,KANGOO,UKL1,MPV,KANGOO
RENAULT,RKE,KANGOO,UKL1,MPV,KANGOO E-TECH ELECTRIC
RENAULT,RKF,KANGOO,UKL1,MPV,KANGOO
RENAULT,RKH,KANGOO,UKL1,MPV,KANGOO
RENAULT,RKJ,KANGOO,UKL1,MPV,KANGOO E-TECH ELECTRIC
RENAULT,RPF,KANGOO,UKL1,MPV,KANGOO
SEAT,BDSGD,IBIZA,UKL1,HATCH,IBIZA
SEAT,BDUSA,IBIZA,UKL1,HATCH,IBIZA
SEAT,BDUSB,IBIZA,UKL1,HATCH,IBIZA
SEAT,BDXDB,IBIZA,UKL1,HATCH,IBIZA
SEAT,SBDFYAX0,LEON,UKL2,HATCH,SEAT LEON
SEAT,SBDGEAX0,LEON,UKL2,HATCH,SEAT LEON E-HYBRID150
SEAT,SBDLAAX0,LEON,UKL2,HATCH,SEAT LEON
SEAT,SBDTTCX0,LEON,UKL2,HATCH,SEAT LEON
SEAT,SBDUCBX0,LEON,UKL2,HATCH,SEAT LEON E-HYBRID150
SEAT,SBDXDBX0,LEON,UKL2,HATCH,SEAT LEON
SEAT,SBDXDEX0,LEON,UKL2,HATCH,SEAT LEON
SEAT,SBDXRBX0,LEON,UKL2,HATCH,SEAT LEON
SEAT,SBDXRCX0,LEON,UKL2,HATCH,SEAT LEON
SEAT,SFDFYAX0,LEON,UKL2,HATCH,SEAT LEON SP
SEAT,SFDGEAX0,LEON,UKL2,HATCH,SEAT LEON SP E-HYBRID150
SEAT,SFDLAAX0,LEON,UKL2,HATCH,SEAT LEON SP
SEAT,SFDUCBX0,LEON,UKL2,HATCH,SEAT LEON SP E-HYBRID150
SEAT,SFDXDBX0,LEON,UKL2,HATCH,SEAT LEON SP
SEAT,SFDXDEX0,LEON,UKL2,HATCH,SEAT LEON SP
SEAT,SFDXRBX0,LEON,UKL2,HATCH,SEAT LEON SP
SEAT,SFDXRCX0,LEON,UKL2,HATCH,SEAT LEON SP
SEAT,SXDUSAX0,ATECA,UKL2,SAV,SEAT ATECA
SEAT,SXDXDBX0,ATECA,UKL2,SAV,SEAT ATECA
SEAT,SXDXRBX0,ATECA,UKL2,SAV,SEAT ATECA
SEAT,XDBYA,ARONA,UKL1,SAV,ARONA
SEAT,XDGEAX0,TARRACO,KKL,SAV,TARRACO
SEAT,XDLAA,ARONA,UKL1,SAV,ARONA
SEAT,XDTSAX0,TARRACO,KKL,SAV,TARRACO
SEAT,XDUSA,ARONA,UKL1,SAV,ARONA
SEAT,XDUSB,ARONA,UKL1,SAV,ARONA
SEAT,XDXDB,ARONA,UKL1,SAV,ARONA
SEAT,XDXDBX0,TARRACO,KKL,SAV,TARRACO
SERES,SKE6470SBEVA5S,5,KKL,SAV,SERES 5
SERES,SKE6470SBEVR2,5,KKL,SAV,SERES 5
SERES,SKE7000BEVF5,SERES 3,UKL2,SAV,SERES 3
SIN MARCA,AADXPAX0,SUPERB,,,SUPERB
SIN MARCA,ACDXRBX1,KAROQ,,,KAROQ
SIN MARCA,ACVDXNBX1,KODIAQ,,,KODIAQ
SIN MARCA,DXDBX0AC4,T-ROC,,,T-ROC
SIN MARCA,SDXPAF1,Q3 SPORTBACK,,,Q3 SPORTBACK
SKODA,AADFYAX0,OCTAVIA,UKL2,SEDAN,OCTAVIA
SKODA,AADGEAX0,OCTAVIA,UKL2,SEDAN,OCTAVIA
SKODA,AADGEBX01,SUPERB,KKL,SEDAN,SUPERB
SKODA,AADHFAX0,OCTAVIA,UKL2,SEDAN,OCTAVIA
SKODA,AADLAAX0,OCTAVIA,UKL2,SEDAN,OCTAVIA
SKODA,AADNNEX0,SUPERB,KKL,SEDAN,SUPERB
SKODA,AADNNEX1,OCTAVIA,UKL2,SEDAN,OCTAVIA
SKODA,AADNPBX1,SUPERB,KKL,SEDAN,SUPERB
SKODA,AADNPDX0,OCTAVIA,UKL2,SEDAN,OCTAVIA RS
SKODA,AADPCAX01,SUPERB,KKL,SEDAN,SUPERB
SKODA,AADTRDX0,OCTAVIA,UKL2,SEDAN,OCTAVIA
SKODA,AADTTCX0,OCTAVIA,UKL2,SEDAN,OCTAVIA
SKODA,AADUCBX0,SUPERB,KKL,SEDAN,SUPERB
SKODA,AADXDBX0,OCTAVIA,UKL2,SEDAN,OCTAVIA
SKODA,AADXDEX0,OCTAVIA,UKL2,SEDAN,OCTAVIA
SKODA,AADXNBX1,SUPERB,KKL,SEDAN,SUPERB
SKODA,AADXPAX0,SUPERB,KKL,SEDAN,SUPERB
SKODA,AADXRBX0,OCTAVIA,UKL2,SEDAN,OCTAVIA
SKODA,AADXRCX0,OCTAVIA,UKL2,SEDAN,OCTAVIA
SKODA,ABCDLAAX0,KAMIQ,UKL1,SAV,KAMIQ
SKODA,ABCDUSAX0,KAMIQ,UKL1,SAV,KAMIQ
SKODA,ABCDUSBX0,KAMIQ,UKL1,SAV,KAMIQ
SKODA,ABCDXDBX0,KAMIQ,UKL1,SAV,KAMIQ
SKODA,ABCEDCCL1FX2,ENYAQ,UKL2,SAV,ENYAQ 60
SKODA,ABCEDFAD7PX2,ENYAQ,UKL2,SAV,ENYAQ 85
SKODA,ABCX1EDD7PX1,ENYAQ,UKL2,SAV,ENYAQ 85X
SKODA,ABCX1EDL1IX1,ENYAQ,UKL2,SAV,ENYAQ RS
SKODA,ABDLAAX0,FABIA,UKL1,HATCH,FABIA
SKODA,ABDSGDX0,FABIA,UKL1,HATCH,FABIA
SKODA,ABDUSAX0,FABIA,UKL1,HATCH,FABIA
SKODA,ABDUSBX0,FABIA,UKL1,HATCH,FABIA
SKODA,ABDXDBX0,FABIA,UKL1,HATCH,FABIA
SKODA,ABDXDGX0,FABIA,UKL1,HATCH,FABIA
SKODA,ABEBJAL1FX2,ENYAQ,UKL2,SAV,ENYAQ 80
SKODA,ABEBJCL1LX2,ENYAQ,UKL2,SAV,ENYAQ 60
SKODA,ABEDFAD7PX2,ENYAQ,UKL2,SAV,ENYAQ 85
SKODA,ABLEDCAL1EX2,ELROQ,UKL2,SAV,ELROQ 50
SKODA,ABLEDCCL1FX2,ELROQ,UKL2,SAV,ELROQ 60
SKODA,ABLEDFAD7PX2,ELROQ,UKL2,SAV,ELROQ 85
SKODA,ABLX1EDD7PX1,ELROQ,UKL2,SAV,ELROQ 85X
SKODA,ABLX1EDL1IX1,ELROQ,UKL2,SAV,ELROQ RS
SKODA,ABSDLAAX0,SCALA,UKL2,HATCH,SCALA
SKODA,ABSDUSAX0,SCALA,UKL2,HATCH,SCALA
SKODA,ABSDUSBX0,SCALA,UKL2,HATCH,SCALA
SKODA,ABSDXDBX0,SCALA,UKL2,HATCH,SCALA
SKODA,ABX1EBL1GX1,ENYAQ,UKL2,SAV,ENYAQ RS
SKODA,ABX1EBL1RX1,ENYAQ,UKL2,SAV,ENYAQ 80X
SKODA,ACDFYAX0,OCTAVIA,UKL2,SEDAN,OCTAVIA
SKODA,ACDGEAX0,OCTAVIA,UKL2,SEDAN,OCTAVIA
SKODA,ACDHFAX0,OCTAVIA,UKL2,SEDAN,OCTAVIA
SKODA,ACDNNAX1,KAROQ,UKL2,SAV,KAROQ
SKODA,ACDNNEX0,SUPERB,KKL,SEDAN,SUPERB
SKODA,ACDNNEX1,OCTAVIA,UKL2,SEDAN,OCTAVIA
SKODA,ACDNPAX0,OCTAVIA,UKL2,SEDAN,OCTAVIA RS
SKODA,ACDNPBX1,KODIAQ,KKL,SAV,KODIAQ
SKODA,ACDNPDX0,OCTAVIA,UKL2,SEDAN,OCTAVIA RS
SKODA,ACDPCAX0,KODIAQ,KKL,SAV,KODIAQ
SKODA,ACDTRDX0,OCTAVIA,UKL2,SEDAN,OCTAVIA
SKODA,ACDTSBX01,SUPERB,KKL,SEDAN,SUPERB
SKODA,ACDTTCX0,OCTAVIA,UKL2,SEDAN,OCTAVIA
SKODA,ACDTTCX1,KAROQ,UKL2,SAV,KAROQ
SKODA,ACDTUAX1,KODIAQ,KKL,SAV,KODIAQ
SKODA,ACDUCBX0,KODIAQ,KKL,SAV,KODIAQ
SKODA,ACDUSAX0,KAROQ,UKL2,SAV,KAROQ
SKODA,ACDXDBX0,KAROQ,UKL2,SAV,KAROQ
SKODA,ACDXDEX0,OCTAVIA,UKL2,SEDAN,OCTAVIA
SKODA,ACDXNBX1,KODIAQ,KKL,SAV,KODIAQ
SKODA,ACDXPAX0,KODIAQ,KKL,SAV,KODIAQ
SKODA,ACDXRBX0,OCTAVIA,UKL2,SEDAN,OCTAVIA
SKODA,ACDXRBX1,KAROQ,UKL2,SAV,KAROQ
SKODA,ACDXRCX0,KAROQ,UKL2,SAV,KAROQ
SKODA,ACEBJAL1FX2,ENYAQ,UKL2,SAV,ENYAQ 80
SKODA,ACEBJCL1LX2,ENYAQ,UKL2,SAV,ENYAQ 60
SKODA,ACEDFAD7PX2,ENYAQ,UKL2,SAV,ENYAQ 85
SKODA,ACNEDCCL1FX2,ENYAQ,UKL2,SAV,ENYAQ 60
SKODA,ACNEDFAD7PX2,ENYAQ,UKL2,SAV,ENYAQ 85
SKODA,ACNX1EDD7PX1,ENYAQ,UKL2,SAV,ENYAQ 85X
SKODA,ACNX1EDL1IX1,ENYAQ,UKL2,SAV,ENYAQ RS
SKODA,ACVDNNEX1,KODIAQ,KKL,SAV,KODIAQ
SKODA,ACVDNPBX1,KODIAQ,KKL,SAV,KODIAQ
SKODA,ACVDUCBX0,KODIAQ,KKL,SAV,KODIAQ
SKODA,ACVDXDBX0,KODIAQ,KKL,SAV,KODIAQ
SKODA,ACVDXNBX1,KODIAQ,KKL,SAV,KODIAQ
SKODA,ACVDXPAX0,KODIAQ,KKL,SAV,KODIAQ
SKODA,ACX1EBL1GX1,ENYAQ,UKL2,SAV,ENYAQ RS
SKODA,ACX1EDD7PX1,ENYAQ,UKL2,SAV,ENYAQ 85X
SKYWELL,BET1,BE11,KKL,SAV,BE11
SMART,0000,#1,UKL1,SAV,#1
SMART,0010,#1,UKL1,SAV,#1
SPORTEQUIPE,D E 2 2 T L,SPORTEQUIPE 6,UKL2,SAV,SPORTEQUIPE 6
SPORTEQUIPE,F P 2 K B L,SPORTEQUIPE 8,KKL,SAV,SPORTEQUIPE 8
SPORTEQUIPE,S0V4L,ICH-X K3,,,ICH-X K3
SPORTEQUIPE,SD0L4L,X K2,,,X K2
SSANGYONG,AA2L,KORANDO E-MOTION,,,KORANDO E-MOTION
SSANGYONG,AETL,REXTON,MKL,SAV,REXTON
SSANGYONG,AY2L,TIVOLI,UKL1,SAV,TIVOLI
SSANGYONG,BY2L,TIVOLI,UKL1,SAV,TIVOLI GRAND
SSANGYONG,CY2L,TORRES,KKL,SAV,TORRES
SSANGYONG,CYTL,TORRES,KKL,SAV,TORRES
SUBARU,BT9,OUTBACK,KKL,ESTATE,OUTBACK
SUBARU,GXE,CROSSTREK,UKL2,SAV,CROSSTREK
SUBARU,SKE,FORESTER,KKL,ESTATE,FORESTER
SUBARU,SLE,FORESTER,KKL,ESTATE,FORESTER
SUBARU,YEAM15(W),SOLTERRA,UKL2,SAV,SOLTERRA
SUBARU,ZD8,BRZ,UKL2,COUPE,BRZ
SUZUKI,AD2S,S-CROSS,UKL2,SAV,S-CROSS
SUZUKI,AH2S,S-CROSS,UKL2,SAV,S-CROSS
SUZUKI,AXAP54(N),ACROSS,UKL2,SUV,SUZUKI ACROSS
SUZUKI,BD2S,S-CROSS,UKL2,SAV,S-CROSS
SUZUKI,BH2S,S-CROSS,UKL2,SAV,S-CROSS
SUZUKI,CA3S,SWIFT,UKL1,HATCH,SWIFT
SUZUKI,CEDS,SWIFT,UKL1,HATCH,SWIFT
SUZUKI,DD1S,VITARA,SKL,PICK-UP,VITARA
SUZUKI,DEDS,SWIFT,UKL1,HATCH,SWIFT
SUZUKI,DH1S,VITARA,SKL,PICK-UP,VITARA
SUZUKI,ED1S,VITARA,SKL,PICK-UP,VITARA
SUZUKI,EH1S,VITARA,SKL,PICK-UP,VITARA
SUZUKI,H91S,IGNIS,UKL0,HATCH,IGNIS
SUZUKI,J91S,IGNIS,UKL0,HATCH,IGNIS
SUZUKI,ZWE219(W),SWACE,UKL2,ESTATE,SUZUKI SWACE
SWM,JKC6460B6S0SHEV,G03F EDI,,,G03F EDI
SWM,JKC6460B6S1-5,G03F,,,G03F
SWM,JKC6460B6S1-7,G03F,,,G03F
SWM,JKC6460F5CA,G01,KKL,SAV,G01
SWM,JKC6460F5ZA,G01,KKL,SAV,G01
SWM,JKC6461B6S1,G01,KKL,SAV,G01
SWM,JKC6470F5CA,G01F,,,G01F
SWM,JKC6470F5ZA,G01F,,,G01F
SWM,JKC6470Q6CY,G05,KKL,SAV,G05
SWM,JKC6471B6S0,G01F,,,G01F
SWM,JKC6471B6S1,G01 PRO,,,G01 PRO
SWM,JKC6480B6S0,G05,KKL,SAV,G05
SWM,JKC6480B6S1,G05,KKL,SAV,G05
TESLA,E5LD,MODEL 3,KKL,SEDAN,MODEL 3
TESLA,E6LR,MODEL 3,KKL,SEDAN,MODEL 3
TESLA,H5LD,MODEL 3,KKL,SEDAN,MODEL 3
TESLA,H5LR,MODEL 3,KKL,SEDAN,MODEL 3
TESLA,H5MD,MODEL 3,KKL,SEDAN,MODEL 3
TESLA,H5MR,MODEL 3,KKL,SEDAN,MODEL 3
TESLA,H6LR,MODEL 3,KKL,SEDAN,MODEL 3
TESLA,H6MR,MODEL 3,KKL,SEDAN,MODEL 3
TESLA,SB1D,MODEL S,GKL,SEDAN,MODEL S
TESLA,SB1T,MODEL S,GKL,SEDAN,MODEL S
TESLA,XB1D,MODEL X,GKL,SAT,MODEL X
TESLA,XB1T,MODEL X,GKL,SAT,MODEL X
TESLA,Y5LD,MODEL Y,KKL,SAV,MODEL Y
TESLA,Y5LR,MODEL Y,KKL,SAV,MODEL Y
TESLA,Y6LR,MODEL Y,KKL,SAV,MODEL Y
TESLA,Y7CR,MODEL Y,KKL,SAV,MODEL Y
TESLA,YB6MR,MODEL Y,KKL,SAV,MODEL Y
TESLA,YS5LD,MODEL Y,KKL,SAV,MODEL Y
TESLA,YS5LR,MODEL Y,KKL,SAV,MODEL Y
TESLA,YS5MD,MODEL Y,KKL,SAV,MODEL Y
TESLA,YS5MR,MODEL Y,KKL,SAV,MODEL Y
TESLA,YS6MR,MODEL Y,KKL,SAV,MODEL Y
TOYOTA,AXAL52(N),RAV4,UKL2,SAV,TOYOTA RAV4
TOYOTA,AXAL54(N),RAV4,UKL2,SAV,TOYOTA RAV4
TOYOTA,AXAP54(N),RAV4,UKL2,SAV,TOYOTA RAV4
TOYOTA,AXUH78(R),HIGHLANDER,MKL,SAV,TOYOTA HIGHLANDER
TOYOTA,AXVH71(E),CAMRY,KKL,HATCH,TOYOTA CAMRY
TOYOTA,B,PROACE CITY,SKL,TRANSPORTER,PROACE CITY VERSO
TOYOTA,C,PROACE CITY,SKL,TRANSPORTER,PROACE CITY VERSO
TOYOTA,DB05,SUPRA,KKL,COUPE,TOYOTA SUPRA A90FE
TOYOTA,DB25,SUPRA,KKL,COUPE,TOYOTA SUPRA
TOYOTA,DB45,SUPRA,KKL,COUPE,TOYOTA SUPRA
TOYOTA,E,PROACE,SKL,TRANSPORTER,PROACE
TOYOTA,G,PROACE CITY,SKL,TRANSPORTER,PROACE CITY VERSO
TOYOTA,GDJ150(MC),LAND CRUISER,GKL,SUV,TOYOTA LAND CRUISER (150 SERIE
TOYOTA,GDJ150(MF),LAND CRUISER,GKL,SUV,TOYOTA LAND CRUISER (150 SERIE
TOYOTA,GDJ250(N),LAND CRUISER,GKL,SUV,TOYOTA LAND CRUISER
TOYOTA,GDJ251(N),LAND CRUISER,GKL,SUV,TOYOTA LAND CRUISER
TOYOTA,GXPA16(G),GR YARIS,,,TOYOTA GR YARIS
TOYOTA,JPD20(E),MIRAI,MKL,SEDAN,TOYOTA MIRAI
TOYOTA,K,PROACE,SKL,TRANSPORTER,PROACE
TOYOTA,KGB70(H),AYGO X,UKL0,HATCH,TOYOTA AYGO X
TOYOTA,M,PROACE CITY,SKL,TRANSPORTER,PROACE CITY VERSO ELECTRIC
TOYOTA,MAXH20(H),C-HR,UKL1,SAV,TOYOTA C-HR
TOYOTA,MAXH21(H),C-HR,UKL1,SAV,TOYOTA C-HR
TOYOTA,MAXH25(H),C-HR,UKL1,SAV,TOYOTA C-HR
TOYOTA,MXGH12(H),COROLLA,UKL2,HATCH,TOYOTA COROLLA
TOYOTA,MXGH15(H),COROLLA,UKL2,HATCH,TOYOTA COROLLA
TOYOTA,MXPA11(H),YARIS,UKL1,HATCH,TOYOTA YARIS
TOYOTA,MXPH11(H),YARIS,UKL1,HATCH,TOYOTA YARIS
TOYOTA,MXPH13(H),YARIS,UKL1,HATCH,TOYOTA YARIS
TOYOTA,MXPJ10(H),YARIS CROSS,UKL1,SAV,TOYOTA YARIS CROSS
TOYOTA,MXPJ11(H),YARIS CROSS,UKL1,SAV,TOYOTA YARIS CROSS
TOYOTA,MXPJ16(H),YARIS CROSS,UKL1,SAV,TOYOTA YARIS CROSS
TOYOTA,MZEH19(H),COROLLA,UKL2,HATCH,TOYOTA COROLLA
TOYOTA,MZEH19(W),COROLLA,UKL2,HATCH,TOYOTA COROLLA
TOYOTA,R,PROACE CITY,SKL,TRANSPORTER,PROACE CITY VERSO
TOYOTA,S,PROACE,SKL,TRANSPORTER,PROACE
TOYOTA,XEAM10(W),BZ4X,UKL2,SAV,TOYOTA BZ4X
TOYOTA,XEAM11(W),BZ4X,UKL2,SAV,TOYOTA BZ4X
TOYOTA,YEAM15(W),BZ4X,UKL2,SAV,TOYOTA BZ4X
TOYOTA,Z,PROACE CITY,SKL,TRANSPORTER,PROACE CITY VERSO ELECTRIC
TOYOTA,ZVG13(H),COROLLA,UKL2,HATCH,TOYOTA COROLLA
TOYOTA,ZWE219(E),COROLLA,UKL2,HATCH,TOYOTA COROLLA
TOYOTA,ZWE219(H),COROLLA,UKL2,HATCH,TOYOTA COROLLA
TOYOTA,ZWE219(W),COROLLA,UKL2,HATCH,TOYOTA COROLLA
TOYOTA,ZYX20(H),C-HR,UKL1,SAV,TOYOTA C-HR
TSD,K2W62350BXX,SPRINTER,,,SPRINTER
VOLKSWAGEN,4ACEBJAL1FX2,ID.4,UKL2,SAV,ID.4 PRO 150 KW
VOLKSWAGEN,4ACEBJAL1TX2,ID.4,UKL2,SAV,ID.4 PRO 128 KW
VOLKSWAGEN,4ACEDCAL1EX2,ID.4,UKL2,SAV,ID.4 PURE 125KW
VOLKSWAGEN,4ACEDFAD7PX2,ID.4,UKL2,SAV,ID.4 PRO 210KW
VOLKSWAGEN,4ACX1EBL1GX1,ID.4,UKL2,SAV,ID.4 GTX 220 KW
VOLKSWAGEN,4ACX1EDD7PX1,ID.4,UKL2,SAV,ID.4 PRO 4MOTION 210KW
VOLKSWAGEN,4ACX1EDL1IX1,ID.4,UKL2,SAV,ID.4 GTX 250KW
VOLKSWAGEN,5ACEBJAL1FX2,ID.5,UKL2,SAV,ID.5 PRO 150 KW
VOLKSWAGEN,5ACEBJAL1TX2,ID.5,UKL2,SAV,ID.5 PRO 128 KW
VOLKSWAGEN,5ACEDCAL1EX2,ID.5,UKL2,SAV,ID.5 PURE 125KW
VOLKSWAGEN,5ACEDFAD7PX2,ID.5,UKL2,SAV,ID.5 PRO 210KW
VOLKSWAGEN,5ACX1EBL1GX1,ID.5,UKL2,SAV,ID.5 GTX 220 KW
VOLKSWAGEN,5ACX1EDL1IX1,ID.5,UKL2,SAV,ID.5 GTX 250KW
VOLKSWAGEN,ABDGEBX0,ARTEON,KKL,SEDAN,ARTEON
VOLKSWAGEN,ABDLAC,POLO,UKL1,HATCH,POLO
VOLKSWAGEN,ABDNNAX0,ARTEON,KKL,SEDAN,ARTEON
VOLKSWAGEN,ABDNND,POLO,UKL1,HATCH,POLO
VOLKSWAGEN,ABDSGD,POLO,UKL1,HATCH,POLO
VOLKSWAGEN,ABDUSA,POLO,UKL1,HATCH,POLO
VOLKSWAGEN,ABDUSB,POLO,UKL1,HATCH,POLO
VOLKSWAGEN,ABEDFAD7PX2,ID.7,MKL,SEDAN,ID.7 PRO 210KW
VOLKSWAGEN,ABEDFBD7PX2,ID.7,MKL,SEDAN,ID.7 PRO S
VOLKSWAGEN,ABX1EDJ8AX1,ID.7,MKL,SEDAN,ID.7 GTX
VOLKSWAGEN,ACDCBE1,TOUAREG,MKL,SAV,TOUAREG R
VOLKSWAGEN,ACDFYAX0,GOLF,UKL2,CABRIO,GOLF
VOLKSWAGEN,ACDGEAX0,TIGUAN,UKL2,SAV,TIGUAN
VOLKSWAGEN,ACDGEBX0,PASSAT,KKL,UNSPEC.,PASSAT
VOLKSWAGEN,ACDLAA,TAIGO,UKL1,SAV,TAIGO
VOLKSWAGEN,ACDLAAX0,GOLF,UKL2,CABRIO,GOLF
VOLKSWAGEN,ACDNFCX0,GOLF,UKL2,CABRIO,GOLF
VOLKSWAGEN,ACDNFFX1,GOLF,UKL2,CABRIO,GOLF
VOLKSWAGEN,ACDNNAX1,TIGUAN,UKL2,SAV,TIGUAN
VOLKSWAGEN,ACDNNEX1,TIGUAN,UKL2,SAV,TIGUAN
VOLKSWAGEN,ACDNPBX1,TIGUAN,UKL2,SAV,TIGUAN
VOLKSWAGEN,ACDNPDX0,GOLF,UKL2,CABRIO,GOLF
VOLKSWAGEN,ACDPBAX0,GOLF,UKL2,CABRIO,GOLF
VOLKSWAGEN,ACDPYC1,TOUAREG,MKL,SAV,TOUAREG
VOLKSWAGEN,ACDPYC2,TOUAREG,MKL,SAV,TOUAREG
VOLKSWAGEN,ACDPYD1,TOUAREG,MKL,SAV,TOUAREG
VOLKSWAGEN,ACDPYD2,TOUAREG,MKL,SAV,TOUAREG
VOLKSWAGEN,ACDTRAX0,PASSAT,KKL,UNSPEC.,PASSAT
VOLKSWAGEN,ACDTRBX0,GOLF,UKL2,CABRIO,GOLF
VOLKSWAGEN,ACDTRDX0,GOLF,UKL2,CABRIO,GOLF
VOLKSWAGEN,ACDTSAX0,PASSAT,KKL,UNSPEC.,PASSAT
VOLKSWAGEN,ACDTSBX0,TIGUAN,UKL2,SAV,TIGUAN
VOLKSWAGEN,ACDTUAX1,PASSAT,KKL,UNSPEC.,PASSAT
VOLKSWAGEN,ACDUCAX0,GOLF,UKL2,CABRIO,GOLF
VOLKSWAGEN,ACDUCBX0,TIGUAN,UKL2,SAV,TIGUAN
VOLKSWAGEN,ACDUCCX0,CADDY,UKL2,MPV,CADDY
VOLKSWAGEN,ACDUSA,TAIGO,UKL1,SAV,TAIGO
VOLKSWAGEN,ACDUSB,TAIGO,UKL1,SAV,TAIGO
VOLKSWAGEN,ACDXDB,TAIGO,UKL1,SAV,TAIGO
VOLKSWAGEN,ACDXDBX0,TIGUAN,UKL2,SAV,TIGUAN
VOLKSWAGEN,ACDXDCX0,TIGUAN,UKL2,SAV,TIGUAN
VOLKSWAGEN,ACDXDEX0,GOLF,UKL2,CABRIO,GOLF
VOLKSWAGEN,ACDXNBX1,TIGUAN,UKL2,SAV,TIGUAN
VOLKSWAGEN,ACDXPAX0,TIGUAN,UKL2,SAV,TIGUAN
VOLKSWAGEN,ACDXPBX0,PASSAT,KKL,UNSPEC.,PASSAT
VOLKSWAGEN,ACDXRAX0,CADDY,UKL2,MPV,CADDY
VOLKSWAGEN,ACDXRAX1,CADDY,UKL2,MPV,CADDY
VOLKSWAGEN,ACDXRBX0,GOLF,UKL2,CABRIO,GOLF
VOLKSWAGEN,ACDXRCX0,GOLF,UKL2,CABRIO,GOLF
VOLKSWAGEN,ACDXRDX0,CADDY,UKL2,MPV,CADDY
VOLKSWAGEN,ACEBJAL1FX2,ID. BUZZ PRO,,,ID. BUZZ PRO 150 KW
VOLKSWAGEN,ACEBJCL1FX2,ID.3,UKL2,HATCH,ID.3 PRO 150 KW
VOLKSWAGEN,ACEDCAL1EX2,ID.3,UKL2,HATCH,ID.3 PURE 125 KW
VOLKSWAGEN,ACEDCAM0AX2,ID.3,UKL2,HATCH,ID.3 PRO S 150 KW
VOLKSWAGEN,ACEDCCM0AX2,ID.3,UKL2,HATCH,ID.3 PRO 150 KW
VOLKSWAGEN,ACEDFAD7PX2,ID.7,MKL,SEDAN,ID.7 TOURER PRO
VOLKSWAGEN,ACEDFBD7PX2,ID.7,MKL,SEDAN,ID.7 TOURER PRO S
VOLKSWAGEN,ACEEWAL1AX2,ID.3,UKL2,HATCH,ID.3 GTX PERF. 240 KW
VOLKSWAGEN,ACX1EDJ8AX1,ID.7,MKL,SEDAN,ID.7 TOURER GTX
VOLKSWAGEN,AFDTRCX0,CADDY,UKL2,MPV,CADDY
VOLKSWAGEN,AFDTREX0,CADDY,UKL2,MPV,CADDY
VOLKSWAGEN,AFDUCCX0,CADDY,UKL2,MPV,CADDY
VOLKSWAGEN,AFDXDEX0,CADDY,UKL2,MPV,CADDY
VOLKSWAGEN,AFDXRAX0,CADDY,UKL2,MPV,CADDY
VOLKSWAGEN,AFDXRAX1,CADDY,UKL2,MPV,CADDY
VOLKSWAGEN,AFDXRDX0,CADDY,UKL2,MPV,CADDY
VOLKSWAGEN,AFECNAD7PX2,ID. BUZZ PRO,,,ID. BUZZ PRO KR 210 KW
VOLKSWAGEN,AFECNBD7PX2,ID. BUZZ PRO,,,ID. BUZZ PRO LR 210 KW
VOLKSWAGEN,AFX1EDJ8AX1,ID. BUZZ GTX,,,ID. BUZZ GTX LR 250 KW
VOLKSWAGEN,AFX1EDJ9ZX1,ID. BUZZ GTX,,,ID. BUZZ GTX KR 250 KW
VOLKSWAGEN,BCFA1CAX,TRANSPORTER,SKL,TRANSPORTER,TRANSPORTER CARAVELLE
VOLKSWAGEN,BCFA1CBX,CARAVELLE,SKL,TRANSPORTER,CARAVELLE
VOLKSWAGEN,BCFA1CCX,CARAVELLE,SKL,TRANSPORTER,CARAVELLE
VOLKSWAGEN,BCFA1GAX,TRANSPORTER,SKL,TRANSPORTER,TRANSPORTER
VOLKSWAGEN,BCFA1GBX,TRANSPORTER,SKL,TRANSPORTER,TRANSPORTER
VOLKSWAGEN,BDZLAX0,CALIFORNIA,,,CALIFORNIA
VOLKSWAGEN,BJAA4CAX,CARAVELLE,SKL,TRANSPORTER,CARAVELLE
VOLKSWAGEN,BJAA4CCX,TRANSPORTER,SKL,TRANSPORTER,TRANSPORTER CARAVELLE
VOLKSWAGEN,BJAA4GAX,TRANSPORTER,SKL,TRANSPORTER,TRANSPORTER
VOLKSWAGEN,BJFA1CAX,CARAVELLE,SKL,TRANSPORTER,CARAVELLE
VOLKSWAGEN,BJFA1CBX,TRANSPORTER,SKL,TRANSPORTER,TRANSPORTER CARAVELLE
VOLKSWAGEN,BJFA1CCX,CARAVELLE,SKL,TRANSPORTER,CARAVELLE
VOLKSWAGEN,BJFA1GAX,TRANSPORTER,SKL,TRANSPORTER,TRANSPORTER
VOLKSWAGEN,BJFA1GCX,TRANSPORTER,SKL,TRANSPORTER,TRANSPORTER
VOLKSWAGEN,DLAAX0AC4,T-ROC,UKL2,CABRIO,T-ROC
VOLKSWAGEN,DNFCX1AC4,T-ROC,UKL2,CABRIO,T-ROC
VOLKSWAGEN,DNNAX1AC4,T-ROC,UKL2,CABRIO,T-ROC
VOLKSWAGEN,DTRDX0AC4,T-ROC,UKL2,CABRIO,T-ROC
VOLKSWAGEN,DTTAX0AC4,T-ROC,UKL2,CABRIO,T-ROC
VOLKSWAGEN,DUSAACX0,T-CROSS,UKL1,SAV,T-CROSS
VOLKSWAGEN,DUSAX0AC4,T-ROC,UKL2,CABRIO,T-ROC
VOLKSWAGEN,DUSAX0AE2,T-ROC,UKL2,CABRIO,T-ROC
VOLKSWAGEN,DUSBACX0,T-CROSS,UKL1,SAV,T-CROSS
VOLKSWAGEN,DXDBAC,TOURAN,UKL2,MPV,TOURAN
VOLKSWAGEN,DXDBACX0,T-CROSS,UKL1,SAV,T-CROSS
VOLKSWAGEN,DXDBAF,TOURAN,UKL2,MPV,TOURAN
VOLKSWAGEN,DXDBX0AC,T-ROC,UKL2,CABRIO,T-ROC
VOLKSWAGEN,DXDBX0AC4,T-ROC,UKL2,CABRIO,T-ROC
VOLKSWAGEN,DXDBX0AE2,T-ROC,UKL2,CABRIO,T-ROC
VOLKSWAGEN,DXDEX0AC,T-ROC,UKL2,CABRIO,T-ROC
VOLKSWAGEN,DXPAAC,TOURAN,UKL2,MPV,TOURAN
VOLKSWAGEN,DXPAAF,TOURAN,UKL2,MPV,TOURAN
VOLKSWAGEN,DXRAAC,TOURAN,UKL2,MPV,TOURAN
VOLKSWAGEN,DXRAAF,TOURAN,UKL2,MPV,TOURAN
VOLKSWAGEN,DXRBX0AC4,T-ROC,UKL2,CABRIO,T-ROC
VOLKSWAGEN,DXRBX1AC4,T-ROC,UKL2,CABRIO,T-ROC
VOLKSWAGEN,DXRCX0AC4,T-ROC,UKL2,CABRIO,T-ROC
VOLKSWAGEN,EJRA2CAX,CARAVELLE,SKL,TRANSPORTER,CARAVELLE
VOLKSWAGEN,EKRA2CAX,CARAVELLE,SKL,TRANSPORTER,CARAVELLE
VOLKSWAGEN,EKRA2CCX,CARAVELLE,SKL,TRANSPORTER,CARAVELLE
VOLKSWAGEN,MDGEAX0,MULTIVAN,MKL,MPV,MULTIVAN
VOLKSWAGEN,MDRNBX0,MULTIVAN,MKL,MPV,MULTIVAN
VOLKSWAGEN,MDSSAX0,MULTIVAN,MKL,MPV,MULTIVAN
VOLKSWAGEN,MDZLAX0,MULTIVAN,MKL,MPV,MULTIVAN
VOLKSWAGEN,VBDRNBX0,CALIFORNIA,,,CALIFORNIA
VOLKSWAGEN,VBDZLAX0,CALIFORNIA,,,CALIFORNIA
VOLKSWAGEN,VCDUCAX1,CALIFORNIA,,,CALIFORNIA
VOLKSWAGEN,VGDMZA308X0,KOMBI,SKL,TRANSPORTER,KOMBI
VOLKSWAGEN,VGDNAA280X0,KOMBI,SKL,TRANSPORTER,KOMBI
VOLKSWAGEN,VGDNAA308X0,KOMBI,SKL,TRANSPORTER,KOMBI
VOLKSWAGEN,VGDNAB280X0,KOMBI,SKL,TRANSPORTER,KOMBI
VOLKSWAGEN,VGDNAB308X0,KOMBI,SKL,TRANSPORTER,KOMBI
VOLKSWAGEN,VMDRNBX0,MULTIVAN,MKL,MPV,MULTIVAN
VOLKSWAGEN,VMDUCAX1,MULTIVAN,MKL,MPV,MULTIVAN
VOLKSWAGEN,VMDZLAX0,MULTIVAN,MKL,MPV,MULTIVAN
VOLKSWAGEN,VSDNAA308X0,CALIFORNIA,,,CALIFORNIA BEACH
VOLKSWAGEN,VTDUCAX1,CALIFORNIA,,,CALIFORNIA
VOLKSWAGEN,VTDZLAX0,CALIFORNIA,,,CALIFORNIA
VOLVO,1SDD,ES90,MKL,SEDAN,ES90
VOLVO,2YEK,EX30,UKL1,SAV,EX30 CROSS COUNTRY
VOLVO,2ZEK,EX30,UKL1,SAV,EX30
VOLVO,2ZEL,EX30,UKL1,SAV,EX30
VOLVO,2ZEM,EX30,UKL1,SAV,EX30
VOLVO,LFH5,XC90,MKL,SAV,XC90
VOLVO,LFH7,XC90,MKL,SAV,XC90
VOLVO,LFK2,XC90,MKL,SAV,XC90
VOLVO,LFM1,XC90,MKL,SAV,XC90
VOLVO,PSK2,S90,MKL,SEDAN,S90
VOLVO,PSK9,S90,MKL,SEDAN,S90
VOLVO,PWH1,V90,MKL,ESTATE,V90
VOLVO,PWK5,V90,MKL,ESTATE,V90
VOLVO,PZK5,V90,MKL,ESTATE,V90 CROSS COUNTRY
VOLVO,TCEN,EX90,MKL,SAV,EX90
VOLVO,TFEE,EX90,MKL,SAV,EX90
VOLVO,TFEN,EX90,MKL,SAV,EX90
VOLVO,TFEV,EX90,MKL,SAV,EX90
VOLVO,UZH1,XC60,KKL,SAV,XC60
VOLVO,UZH4,XC60,KKL,SAV,XC60
VOLVO,UZH7,XC60,KKL,SAV,XC60
VOLVO,UZK5,XC60,KKL,SAV,XC60
VOLVO,UZK9,XC60,KKL,SAV,XC60
VOLVO,UZM1,XC60,KKL,SAV,XC60
VOLVO,XKEB,EC40,UKL2,SAV,EC40
VOLVO,XKEH,C40,UKL2,SAV,C40
VOLVO,XKEP,C40,UKL2,SAV,C40
VOLVO,XKER,C40,UKL2,SAV,C40
VOLVO,XZEB,EX40,UKL2,SAV,EX40
VOLVO,XZEF,XC40,UKL2,SAV,XC40
VOLVO,XZEH,EX40,UKL2,SAV,EX40
VOLVO,XZEP,XC40,UKL2,SAV,XC40
VOLVO,XZER,EX40,UKL2,SAV,EX40
VOLVO,XZK7,XC40,UKL2,SAV,XC40
VOLVO,XZK8,XC40,UKL2,SAV,XC40
VOLVO,XZL4,XC40,UKL2,SAV,XC40
VOLVO,ZSH5,S60,KKL,SEDAN,S60
VOLVO,ZSH7,S60,KKL,SEDAN,S60
VOLVO,ZSK8,S60,KKL,SEDAN,S60
VOLVO,ZWH4,V60,KKL,ESTATE,V60
VOLVO,ZWK5,V60,KKL,ESTATE,V60
VOLVO,ZWK8,V60,KKL,ESTATE,V60
VOLVO,ZZK5,V60,KKL,ESTATE,V60 CROSS COUNTRY
VOLVO,ZZL1,V60,KKL,ESTATE,V60 CROSS COUNTRY
VOYAH,0E4A,FREE,KKL,SAV,FREE
XPENG,A0A0,G6,UKL2,SAV,G6
XPENG,A0B0,G6,UKL2,SAV,G6
XPENG,E1L,G9,MKL,SAV,G9
XPENG,E2L,G9,MKL,SAV,G9
YUDO,BE21F1C,YUDO 3,,,YUDO 3
ZHIDOU,AET1,ZHIDOU,,,ZHIDOU
