anyo,mes,dia,marca,cod_prov,provincia,canal,fuel_type,count
2026,06,11,AION,01,Álava,Corporate,BEV,4
2026,06,11,BMW,01,Álava,Private,ICE,1
2026,06,11,DACIA,01,Álava,Private,ICE,1
2026,06,11,FIAT,01,Álava,Private,ICE,1
2026,06,11,KIA,01,Álava,Private,ICE,1
2026,06,11,LEAPMOTOR,01,Álava,Private,BEV,1
2026,06,11,MERCEDES,01,Álava,Private,ICE,1
2026,06,11,OMODA,01,Álava,Corporate,ICE,1
2026,06,11,PEUGEOT,01,Álava,Private,BEV,1
2026,06,11,PEUGEOT,01,Álava,Private,ICE,1
2026,06,11,SEAT,01,Álava,Private,ICE,1
2026,06,11,SUZUKI,01,Álava,Private,ICE,1
2026,06,11,TOYOTA,01,Álava,Corporate,BEV,5
2026,06,11,TOYOTA,01,Álava,Corporate,ICE,1
2026,06,11,TOYOTA,01,Álava,Corporate,PHEV,1
2026,06,11,TOYOTA,01,Álava,Private,ICE,6
2026,06,11,BMW,02,Albacete,Corporate,PHEV,1
2026,06,11,BMW,02,Albacete,Private,ICE,1
2026,06,11,DACIA,02,Albacete,Corporate,ICE,1
2026,06,11,DACIA,02,Albacete,Private,ICE,2
2026,06,11,FORD,02,Albacete,Corporate,PHEV,1
2026,06,11,HYUNDAI,02,Albacete,Private,ICE,2
2026,06,11,JEEP,02,Albacete,Corporate,ICE,3
2026,06,11,KIA,02,Albacete,Private,BEV,1
2026,06,11,MG,02,Albacete,Private,ICE,1
2026,06,11,OMODA,02,Albacete,Private,ICE,1
2026,06,11,SEAT,02,Albacete,Private,ICE,1
2026,06,11,SKODA,02,Albacete,Private,PHEV,1
2026,06,11,TESLA,02,Albacete,Private,BEV,2
2026,06,11,ALFA ROMEO,03,Alicante,Private,ICE,1
2026,06,11,AUDI,03,Alicante,Corporate,PHEV,1
2026,06,11,AUDI,03,Alicante,Private,ICE,2
2026,06,11,BMW,03,Alicante,Corporate,BEV,1
2026,06,11,BMW,03,Alicante,Corporate,ICE,1
2026,06,11,BMW,03,Alicante,Private,BEV,1
2026,06,11,BMW,03,Alicante,Private,ICE,2
2026,06,11,BYD,03,Alicante,Private,BEV,4
2026,06,11,BYD,03,Alicante,Private,PHEV,3
2026,06,11,CHANGAN,03,Alicante,Private,BEV,1
2026,06,11,CITROEN,03,Alicante,Private,ICE,2
2026,06,11,DACIA,03,Alicante,Private,ICE,9
2026,06,11,FORD,03,Alicante,Corporate,BEV,1
2026,06,11,FORD,03,Alicante,Private,BEV,1
2026,06,11,FORD,03,Alicante,Private,PHEV,4
2026,06,11,FORD,03,Alicante,RAC,PHEV,3
2026,06,11,HONDA,03,Alicante,Corporate,ICE,1
2026,06,11,HONDA,03,Alicante,Private,ICE,2
2026,06,11,HYUNDAI,03,Alicante,Private,ICE,4
2026,06,11,JAECOO,03,Alicante,Private,ICE,1
2026,06,11,KIA,03,Alicante,Private,BEV,2
2026,06,11,KIA,03,Alicante,Private,ICE,6
2026,06,11,LEXUS,03,Alicante,Private,ICE,1
2026,06,11,LEXUS,03,Alicante,Private,PHEV,1
2026,06,11,MAZDA,03,Alicante,Private,ICE,2
2026,06,11,MERCEDES,03,Alicante,Corporate,ICE,2
2026,06,11,MERCEDES,03,Alicante,Private,ICE,1
2026,06,11,MG,03,Alicante,Private,ICE,1
2026,06,11,MINI,03,Alicante,Private,BEV,1
2026,06,11,OMODA,03,Alicante,Private,ICE,1
2026,06,11,OMODA,03,Alicante,Private,PHEV,1
2026,06,11,OPEL,03,Alicante,Private,ICE,2
2026,06,11,PEUGEOT,03,Alicante,Private,ICE,1
2026,06,11,PEUGEOT,03,Alicante,RAC,ICE,41
2026,06,11,RENAULT,03,Alicante,Private,BEV,1
2026,06,11,RENAULT,03,Alicante,Private,ICE,2
2026,06,11,SEAT,03,Alicante,Private,ICE,1
2026,06,11,SKODA,03,Alicante,Private,ICE,2
2026,06,11,SUZUKI,03,Alicante,Private,ICE,1
2026,06,11,TESLA,03,Alicante,Private,BEV,13
2026,06,11,TOYOTA,03,Alicante,Corporate,ICE,3
2026,06,11,TOYOTA,03,Alicante,Corporate,PHEV,1
2026,06,11,TOYOTA,03,Alicante,Private,ICE,9
2026,06,11,VOLKSWAGEN,03,Alicante,Corporate,ICE,1
2026,06,11,VOLKSWAGEN,03,Alicante,Private,ICE,6
2026,06,11,VOLKSWAGEN,03,Alicante,Private,PHEV,1
2026,06,11,AUDI,04,Almería,Corporate,ICE,1
2026,06,11,CUPRA,04,Almería,Private,ICE,1
2026,06,11,DACIA,04,Almería,Corporate,ICE,2
2026,06,11,DACIA,04,Almería,Private,ICE,4
2026,06,11,JAECOO,04,Almería,Private,BEV,1
2026,06,11,JAECOO,04,Almería,Private,ICE,1
2026,06,11,KIA,04,Almería,Private,BEV,1
2026,06,11,KIA,04,Almería,Private,ICE,3
2026,06,11,LEAPMOTOR,04,Almería,Private,BEV,2
2026,06,11,MAZDA,04,Almería,Private,ICE,1
2026,06,11,MERCEDES,04,Almería,Corporate,ICE,3
2026,06,11,MERCEDES,04,Almería,Private,ICE,1
2026,06,11,MG,04,Almería,Private,ICE,5
2026,06,11,MITSUBISHI,04,Almería,Private,ICE,1
2026,06,11,NISSAN,04,Almería,Private,ICE,1
2026,06,11,PORSCHE,04,Almería,Private,ICE,1
2026,06,11,SMART,04,Almería,Private,BEV,1
2026,06,11,TESLA,04,Almería,Corporate,BEV,1
2026,06,11,TESLA,04,Almería,Private,BEV,1
2026,06,11,TOYOTA,04,Almería,Private,ICE,5
2026,06,11,TOYOTA,04,Almería,Private,PHEV,1
2026,06,11,VOLKSWAGEN,04,Almería,Private,ICE,2
2026,06,11,BYD,05,Ávila,Private,BEV,1
2026,06,11,HYUNDAI,05,Ávila,Private,ICE,1
2026,06,11,KIA,05,Ávila,Private,ICE,1
2026,06,11,MAZDA,05,Ávila,Private,ICE,1
2026,06,11,OMODA,05,Ávila,Private,PHEV,1
2026,06,11,TESLA,05,Ávila,Private,BEV,1
2026,06,11,VOLKSWAGEN,05,Ávila,Private,ICE,1
2026,06,11,AUDI,06,Badajoz,Corporate,ICE,1
2026,06,11,AUDI,06,Badajoz,Private,ICE,2
2026,06,11,CITROEN,06,Badajoz,Private,BEV,1
2026,06,11,CITROEN,06,Badajoz,Private,ICE,1
2026,06,11,HYUNDAI,06,Badajoz,Private,ICE,2
2026,06,11,KIA,06,Badajoz,Private,ICE,1
2026,06,11,MG,06,Badajoz,Private,ICE,2
2026,06,11,MG,06,Badajoz,Private,PHEV,1
2026,06,11,SEAT,06,Badajoz,Private,ICE,1
2026,06,11,SKODA,06,Badajoz,Private,ICE,1
2026,06,11,TESLA,06,Badajoz,Private,BEV,1
2026,06,11,TOYOTA,06,Badajoz,Private,ICE,1
2026,06,11,TOYOTA,06,Badajoz,Private,PHEV,1
2026,06,11,VOLKSWAGEN,06,Badajoz,Private,ICE,2
2026,06,11,AUDI,07,Baleares,Corporate,ICE,1
2026,06,11,AUDI,07,Baleares,Private,PHEV,1
2026,06,11,BMW,07,Baleares,Private,ICE,1
2026,06,11,BYD,07,Baleares,Private,BEV,2
2026,06,11,BYD,07,Baleares,Private,PHEV,1
2026,06,11,BYD,07,Baleares,RAC,PHEV,60
2026,06,11,CITROEN,07,Baleares,Private,ICE,7
2026,06,11,CUPRA,07,Baleares,Private,BEV,2
2026,06,11,DACIA,07,Baleares,Corporate,ICE,1
2026,06,11,DACIA,07,Baleares,Private,ICE,9
2026,06,11,EBRO,07,Baleares,Private,ICE,1
2026,06,11,EBRO,07,Baleares,RAC,ICE,1
2026,06,11,EVO,07,Baleares,Private,ICE,1
2026,06,11,HYUNDAI,07,Baleares,Private,BEV,1
2026,06,11,HYUNDAI,07,Baleares,Private,ICE,4
2026,06,11,HYUNDAI,07,Baleares,Private,PHEV,1
2026,06,11,JAECOO,07,Baleares,Private,ICE,1
2026,06,11,JEEP,07,Baleares,Private,BEV,1
2026,06,11,JEEP,07,Baleares,Private,ICE,1
2026,06,11,KIA,07,Baleares,Private,BEV,2
2026,06,11,KIA,07,Baleares,Private,ICE,4
2026,06,11,KIA,07,Baleares,RAC,ICE,15
2026,06,11,LEAPMOTOR,07,Baleares,Private,BEV,1
2026,06,11,LEXUS,07,Baleares,Private,ICE,1
2026,06,11,MAZDA,07,Baleares,Private,BEV,1
2026,06,11,MAZDA,07,Baleares,Private,ICE,1
2026,06,11,MG,07,Baleares,Private,BEV,1
2026,06,11,MG,07,Baleares,Private,ICE,2
2026,06,11,MINI,07,Baleares,Corporate,ICE,1
2026,06,11,NISSAN,07,Baleares,Private,ICE,1
2026,06,11,OPEL,07,Baleares,Private,BEV,1
2026,06,11,OPEL,07,Baleares,Private,ICE,1
2026,06,11,PEUGEOT,07,Baleares,Private,ICE,1
2026,06,11,PEUGEOT,07,Baleares,RAC,ICE,8
2026,06,11,RENAULT,07,Baleares,Corporate,ICE,1
2026,06,11,RENAULT,07,Baleares,Private,ICE,3
2026,06,11,SEAT,07,Baleares,Private,ICE,2
2026,06,11,SKODA,07,Baleares,Corporate,ICE,1
2026,06,11,SUZUKI,07,Baleares,RAC,ICE,1
2026,06,11,TESLA,07,Baleares,Private,BEV,4
2026,06,11,TOYOTA,07,Baleares,Corporate,ICE,1
2026,06,11,TOYOTA,07,Baleares,Private,BEV,1
2026,06,11,TOYOTA,07,Baleares,Private,ICE,16
2026,06,11,VOLKSWAGEN,07,Baleares,Private,ICE,8
2026,06,11,AUDI,08,Barcelona,Corporate,PHEV,1
2026,06,11,AUDI,08,Barcelona,Private,ICE,7
2026,06,11,BAW,08,Barcelona,Private,ICE,1
2026,06,11,BENTLEY,08,Barcelona,Private,PHEV,1
2026,06,11,BMW,08,Barcelona,Corporate,BEV,2
2026,06,11,BMW,08,Barcelona,Corporate,ICE,4
2026,06,11,BMW,08,Barcelona,Private,BEV,1
2026,06,11,BYD,08,Barcelona,Corporate,BEV,1
2026,06,11,BYD,08,Barcelona,Private,BEV,7
2026,06,11,BYD,08,Barcelona,Private,PHEV,4
2026,06,11,CHANGAN,08,Barcelona,Private,BEV,4
2026,06,11,CITROEN,08,Barcelona,Private,BEV,4
2026,06,11,CITROEN,08,Barcelona,Private,ICE,6
2026,06,11,CUPRA,08,Barcelona,Corporate,BEV,5
2026,06,11,CUPRA,08,Barcelona,Corporate,PHEV,1
2026,06,11,CUPRA,08,Barcelona,Private,BEV,1
2026,06,11,CUPRA,08,Barcelona,Private,ICE,2
2026,06,11,DACIA,08,Barcelona,Private,ICE,29
2026,06,11,EBRO,08,Barcelona,Private,ICE,7
2026,06,11,EBRO,08,Barcelona,Private,PHEV,5
2026,06,11,FIAT,08,Barcelona,Private,ICE,1
2026,06,11,FORD,08,Barcelona,Corporate,ICE,3
2026,06,11,FORD,08,Barcelona,Private,ICE,3
2026,06,11,FORD,08,Barcelona,Private,PHEV,5
2026,06,11,HONDA,08,Barcelona,Private,ICE,3
2026,06,11,HONDA,08,Barcelona,Private,PHEV,1
2026,06,11,HYUNDAI,08,Barcelona,Private,ICE,2
2026,06,11,JAECOO,08,Barcelona,Corporate,PHEV,1
2026,06,11,JAECOO,08,Barcelona,Private,BEV,1
2026,06,11,JAECOO,08,Barcelona,Private,ICE,1
2026,06,11,JAECOO,08,Barcelona,Private,PHEV,2
2026,06,11,JEEP,08,Barcelona,Private,ICE,1
2026,06,11,KIA,08,Barcelona,Corporate,BEV,4
2026,06,11,KIA,08,Barcelona,Private,BEV,4
2026,06,11,KIA,08,Barcelona,Private,ICE,15
2026,06,11,LAND ROVER,08,Barcelona,Private,PHEV,1
2026,06,11,LEAPMOTOR,08,Barcelona,Corporate,BEV,1
2026,06,11,LEAPMOTOR,08,Barcelona,Private,BEV,2
2026,06,11,LEXUS,08,Barcelona,Private,ICE,2
2026,06,11,MAZDA,08,Barcelona,Private,ICE,5
2026,06,11,MERCEDES,08,Barcelona,Corporate,BEV,2
2026,06,11,MERCEDES,08,Barcelona,Corporate,ICE,5
2026,06,11,MERCEDES,08,Barcelona,Corporate,PHEV,9
2026,06,11,MERCEDES,08,Barcelona,Private,BEV,3
2026,06,11,MERCEDES,08,Barcelona,Private,ICE,7
2026,06,11,MERCEDES,08,Barcelona,Private,PHEV,2
2026,06,11,MERCEDES,08,Barcelona,RAC,ICE,1
2026,06,11,MG,08,Barcelona,Corporate,ICE,1
2026,06,11,MG,08,Barcelona,Private,ICE,7
2026,06,11,MINI,08,Barcelona,Corporate,ICE,1
2026,06,11,MINI,08,Barcelona,Private,ICE,2
2026,06,11,MITSUBISHI,08,Barcelona,Private,ICE,2
2026,06,11,NISSAN,08,Barcelona,Corporate,ICE,2
2026,06,11,NISSAN,08,Barcelona,Private,ICE,2
2026,06,11,OMODA,08,Barcelona,Private,ICE,1
2026,06,11,OMODA,08,Barcelona,Private,PHEV,4
2026,06,11,OPEL,08,Barcelona,Corporate,ICE,1
2026,06,11,OPEL,08,Barcelona,Private,BEV,1
2026,06,11,OPEL,08,Barcelona,Private,ICE,2
2026,06,11,PEUGEOT,08,Barcelona,Private,BEV,1
2026,06,11,PEUGEOT,08,Barcelona,Private,ICE,12
2026,06,11,POLESTAR,08,Barcelona,Private,BEV,1
2026,06,11,PORSCHE,08,Barcelona,Private,PHEV,1
2026,06,11,RENAULT,08,Barcelona,Corporate,ICE,1
2026,06,11,RENAULT,08,Barcelona,Private,BEV,1
2026,06,11,RENAULT,08,Barcelona,Private,ICE,11
2026,06,11,SEAT,08,Barcelona,Private,ICE,19
2026,06,11,SKODA,08,Barcelona,Corporate,ICE,3
2026,06,11,SKODA,08,Barcelona,Private,BEV,1
2026,06,11,SKODA,08,Barcelona,Private,ICE,4
2026,06,11,SUZUKI,08,Barcelona,Private,ICE,4
2026,06,11,TESLA,08,Barcelona,Corporate,BEV,5
2026,06,11,TESLA,08,Barcelona,Private,BEV,10
2026,06,11,TOYOTA,08,Barcelona,Corporate,ICE,2
2026,06,11,TOYOTA,08,Barcelona,Corporate,PHEV,1
2026,06,11,TOYOTA,08,Barcelona,Private,BEV,4
2026,06,11,TOYOTA,08,Barcelona,Private,ICE,30
2026,06,11,TOYOTA,08,Barcelona,Private,PHEV,2
2026,06,11,VOLKSWAGEN,08,Barcelona,Corporate,ICE,2
2026,06,11,VOLKSWAGEN,08,Barcelona,Private,BEV,1
2026,06,11,VOLKSWAGEN,08,Barcelona,Private,ICE,13
2026,06,11,VOLKSWAGEN,08,Barcelona,Private,PHEV,2
2026,06,11,VOLVO,08,Barcelona,Corporate,ICE,1
2026,06,11,VOLVO,08,Barcelona,Corporate,PHEV,1
2026,06,11,VOLVO,08,Barcelona,Private,ICE,1
2026,06,11,VOLVO,08,Barcelona,Private,PHEV,1
2026,06,11,XPENG,08,Barcelona,Private,BEV,2
2026,06,11,AUDI,09,Burgos,Corporate,PHEV,1
2026,06,11,AUDI,09,Burgos,Private,ICE,1
2026,06,11,BMW,09,Burgos,Corporate,ICE,1
2026,06,11,DACIA,09,Burgos,Private,ICE,1
2026,06,11,KIA,09,Burgos,Private,ICE,3
2026,06,11,RENAULT,09,Burgos,Private,ICE,1
2026,06,11,SEAT,09,Burgos,Corporate,ICE,1
2026,06,11,SEAT,09,Burgos,Private,ICE,1
2026,06,11,TOYOTA,09,Burgos,Private,ICE,4
2026,06,11,VOLKSWAGEN,09,Burgos,Private,ICE,1
2026,06,11,AUDI,10,Cáceres,Private,ICE,1
2026,06,11,CHANGAN,10,Cáceres,Private,BEV,2
2026,06,11,DACIA,10,Cáceres,Private,ICE,2
2026,06,11,HYUNDAI,10,Cáceres,Private,BEV,1
2026,06,11,MAZDA,10,Cáceres,Private,ICE,1
2026,06,11,POLESTAR,10,Cáceres,Private,BEV,1
2026,06,11,SKODA,10,Cáceres,Private,PHEV,1
2026,06,11,VOLKSWAGEN,10,Cáceres,Private,ICE,1
2026,06,11,AUDI,11,Cádiz,Private,ICE,2
2026,06,11,AUDI,11,Cádiz,Private,PHEV,2
2026,06,11,BMW,11,Cádiz,Private,BEV,1
2026,06,11,BYD,11,Cádiz,Private,PHEV,1
2026,06,11,CITROEN,11,Cádiz,Private,BEV,1
2026,06,11,CITROEN,11,Cádiz,Private,ICE,1
2026,06,11,CUPRA,11,Cádiz,Private,ICE,1
2026,06,11,DACIA,11,Cádiz,Private,ICE,9
2026,06,11,EBRO,11,Cádiz,Private,ICE,2
2026,06,11,EBRO,11,Cádiz,Private,PHEV,1
2026,06,11,FORD,11,Cádiz,Private,PHEV,1
2026,06,11,HONDA,11,Cádiz,Corporate,ICE,1
2026,06,11,HYUNDAI,11,Cádiz,Corporate,ICE,1
2026,06,11,HYUNDAI,11,Cádiz,Private,BEV,1
2026,06,11,HYUNDAI,11,Cádiz,Private,ICE,2
2026,06,11,JAECOO,11,Cádiz,Private,ICE,1
2026,06,11,JEEP,11,Cádiz,Corporate,ICE,1
2026,06,11,JEEP,11,Cádiz,Private,ICE,1
2026,06,11,KG MOBILITY,11,Cádiz,Private,ICE,1
2026,06,11,KIA,11,Cádiz,Corporate,ICE,7
2026,06,11,KIA,11,Cádiz,Private,ICE,1
2026,06,11,LEXUS,11,Cádiz,Private,PHEV,1
2026,06,11,MAZDA,11,Cádiz,Private,ICE,1
2026,06,11,MERCEDES,11,Cádiz,Corporate,ICE,5
2026,06,11,MERCEDES,11,Cádiz,Private,BEV,1
2026,06,11,MG,11,Cádiz,Private,ICE,1
2026,06,11,MINI,11,Cádiz,Corporate,ICE,1
2026,06,11,MITSUBISHI,11,Cádiz,Private,ICE,1
2026,06,11,MITSUBISHI,11,Cádiz,Private,PHEV,1
2026,06,11,OMODA,11,Cádiz,Private,PHEV,1
2026,06,11,OPEL,11,Cádiz,Private,ICE,2
2026,06,11,PEUGEOT,11,Cádiz,Private,ICE,5
2026,06,11,RENAULT,11,Cádiz,Private,ICE,3
2026,06,11,SEAT,11,Cádiz,Private,ICE,1
2026,06,11,SKODA,11,Cádiz,Private,ICE,3
2026,06,11,SUZUKI,11,Cádiz,Corporate,BEV,1
2026,06,11,SUZUKI,11,Cádiz,Private,ICE,1
2026,06,11,TESLA,11,Cádiz,Private,BEV,2
2026,06,11,TOYOTA,11,Cádiz,Corporate,ICE,1
2026,06,11,TOYOTA,11,Cádiz,Private,ICE,8
2026,06,11,TOYOTA,11,Cádiz,Private,PHEV,1
2026,06,11,VOLKSWAGEN,11,Cádiz,Corporate,PHEV,1
2026,06,11,VOLKSWAGEN,11,Cádiz,Private,ICE,5
2026,06,11,AUDI,12,Castellón,Private,ICE,2
2026,06,11,BMW,12,Castellón,Private,ICE,2
2026,06,11,CITROEN,12,Castellón,Private,BEV,1
2026,06,11,CITROEN,12,Castellón,Private,ICE,1
2026,06,11,DACIA,12,Castellón,Private,ICE,2
2026,06,11,EBRO,12,Castellón,Corporate,PHEV,1
2026,06,11,JAECOO,12,Castellón,Private,ICE,2
2026,06,11,KG MOBILITY,12,Castellón,Private,ICE,1
2026,06,11,KIA,12,Castellón,Private,BEV,1
2026,06,11,KIA,12,Castellón,Private,ICE,2
2026,06,11,MAZDA,12,Castellón,Private,ICE,1
2026,06,11,MERCEDES,12,Castellón,Corporate,ICE,1
2026,06,11,MERCEDES,12,Castellón,Corporate,PHEV,1
2026,06,11,MERCEDES,12,Castellón,Private,PHEV,1
2026,06,11,MITSUBISHI,12,Castellón,Private,PHEV,1
2026,06,11,NISSAN,12,Castellón,Private,ICE,1
2026,06,11,OMODA,12,Castellón,Private,ICE,1
2026,06,11,OMODA,12,Castellón,Private,PHEV,1
2026,06,11,OPEL,12,Castellón,Private,ICE,1
2026,06,11,SEAT,12,Castellón,Private,ICE,1
2026,06,11,TESLA,12,Castellón,Private,BEV,5
2026,06,11,TOYOTA,12,Castellón,Corporate,ICE,1
2026,06,11,TOYOTA,12,Castellón,Private,ICE,1
2026,06,11,VOLKSWAGEN,12,Castellón,Corporate,ICE,15
2026,06,11,VOLKSWAGEN,12,Castellón,Private,ICE,3
2026,06,11,AUDI,13,Ciudad Real,Private,ICE,1
2026,06,11,BMW,13,Ciudad Real,Private,ICE,1
2026,06,11,BYD,13,Ciudad Real,Private,BEV,1
2026,06,11,CITROEN,13,Ciudad Real,Private,ICE,1
2026,06,11,CUPRA,13,Ciudad Real,Corporate,BEV,1
2026,06,11,DACIA,13,Ciudad Real,Corporate,ICE,1
2026,06,11,DACIA,13,Ciudad Real,Private,ICE,2
2026,06,11,JAECOO,13,Ciudad Real,Private,PHEV,1
2026,06,11,JEEP,13,Ciudad Real,Private,ICE,1
2026,06,11,KIA,13,Ciudad Real,Private,ICE,1
2026,06,11,MAZDA,13,Ciudad Real,Private,ICE,1
2026,06,11,PORSCHE,13,Ciudad Real,Corporate,PHEV,1
2026,06,11,RENAULT,13,Ciudad Real,Corporate,ICE,1
2026,06,11,RENAULT,13,Ciudad Real,Private,ICE,1
2026,06,11,TESLA,13,Ciudad Real,Corporate,BEV,1
2026,06,11,TESLA,13,Ciudad Real,Private,BEV,1
2026,06,11,TOYOTA,13,Ciudad Real,Private,ICE,2
2026,06,11,VOLKSWAGEN,13,Ciudad Real,Private,ICE,1
2026,06,11,XPENG,13,Ciudad Real,Private,BEV,1
2026,06,11,BYD,14,Córdoba,Private,BEV,1
2026,06,11,HYUNDAI,14,Córdoba,Private,ICE,2
2026,06,11,JAECOO,14,Córdoba,Private,PHEV,1
2026,06,11,JEEP,14,Córdoba,Private,ICE,1
2026,06,11,LEXUS,14,Córdoba,Private,PHEV,1
2026,06,11,MAZDA,14,Córdoba,Private,ICE,1
2026,06,11,MERCEDES,14,Córdoba,Corporate,ICE,2
2026,06,11,MERCEDES,14,Córdoba,Private,ICE,1
2026,06,11,MERCEDES,14,Córdoba,Private,PHEV,1
2026,06,11,NISSAN,14,Córdoba,Corporate,ICE,1
2026,06,11,OMODA,14,Córdoba,Private,ICE,1
2026,06,11,PEUGEOT,14,Córdoba,Private,ICE,1
2026,06,11,RENAULT,14,Córdoba,Private,BEV,1
2026,06,11,SKODA,14,Córdoba,Private,ICE,1
2026,06,11,TOYOTA,14,Córdoba,Private,ICE,1
2026,06,11,VOLVO,14,Córdoba,Corporate,ICE,1
2026,06,11,AUDI,15,A Coruña,Private,ICE,1
2026,06,11,BYD,15,A Coruña,Corporate,PHEV,1
2026,06,11,BYD,15,A Coruña,Private,BEV,2
2026,06,11,BYD,15,A Coruña,Private,PHEV,2
2026,06,11,CITROEN,15,A Coruña,Corporate,BEV,1
2026,06,11,CITROEN,15,A Coruña,Private,ICE,1
2026,06,11,DACIA,15,A Coruña,Private,ICE,2
2026,06,11,HYUNDAI,15,A Coruña,Private,ICE,1
2026,06,11,JEEP,15,A Coruña,Private,ICE,1
2026,06,11,KIA,15,A Coruña,Private,BEV,2
2026,06,11,KIA,15,A Coruña,Private,ICE,5
2026,06,11,LIVAN,15,A Coruña,Private,ICE,1
2026,06,11,MAZDA,15,A Coruña,Private,ICE,1
2026,06,11,MERCEDES,15,A Coruña,Corporate,PHEV,1
2026,06,11,MERCEDES,15,A Coruña,Private,ICE,1
2026,06,11,MG,15,A Coruña,Private,ICE,4
2026,06,11,PEUGEOT,15,A Coruña,Private,ICE,1
2026,06,11,PORSCHE,15,A Coruña,Corporate,ICE,1
2026,06,11,RENAULT,15,A Coruña,Private,BEV,1
2026,06,11,SEAT,15,A Coruña,Private,ICE,1
2026,06,11,SUZUKI,15,A Coruña,Private,ICE,1
2026,06,11,TESLA,15,A Coruña,Private,BEV,2
2026,06,11,TOYOTA,15,A Coruña,Corporate,ICE,1
2026,06,11,TOYOTA,15,A Coruña,Private,ICE,1
2026,06,11,TOYOTA,15,A Coruña,Private,PHEV,1
2026,06,11,VOLVO,15,A Coruña,Private,ICE,1
2026,06,11,MERCEDES,16,Cuenca,Corporate,ICE,1
2026,06,11,TOYOTA,16,Cuenca,Private,ICE,1
2026,06,11,BMW,17,Girona,Corporate,ICE,2
2026,06,11,DACIA,17,Girona,Private,ICE,3
2026,06,11,EBRO,17,Girona,Private,PHEV,1
2026,06,11,FORD,17,Girona,Private,PHEV,1
2026,06,11,HYUNDAI,17,Girona,Corporate,ICE,1
2026,06,11,HYUNDAI,17,Girona,Private,ICE,5
2026,06,11,JEEP,17,Girona,Private,ICE,1
2026,06,11,KIA,17,Girona,Private,BEV,1
2026,06,11,MAZDA,17,Girona,Private,ICE,1
2026,06,11,MERCEDES,17,Girona,Corporate,ICE,2
2026,06,11,MERCEDES,17,Girona,Private,ICE,1
2026,06,11,MG,17,Girona,Private,ICE,2
2026,06,11,NISSAN,17,Girona,Private,BEV,1
2026,06,11,OMODA,17,Girona,Private,PHEV,1
2026,06,11,PEUGEOT,17,Girona,Corporate,ICE,1
2026,06,11,PEUGEOT,17,Girona,Private,BEV,1
2026,06,11,RENAULT,17,Girona,Private,ICE,3
2026,06,11,SEAT,17,Girona,Private,ICE,2
2026,06,11,SKODA,17,Girona,Private,BEV,1
2026,06,11,SUZUKI,17,Girona,Private,ICE,1
2026,06,11,TESLA,17,Girona,Private,BEV,1
2026,06,11,TOYOTA,17,Girona,Corporate,PHEV,1
2026,06,11,TOYOTA,17,Girona,Private,BEV,3
2026,06,11,TOYOTA,17,Girona,Private,ICE,1
2026,06,11,VOLKSWAGEN,17,Girona,Private,BEV,1
2026,06,11,VOLKSWAGEN,17,Girona,Private,ICE,1
2026,06,11,XPENG,17,Girona,Private,BEV,1
2026,06,11,BMW,18,Granada,Corporate,PHEV,1
2026,06,11,BYD,18,Granada,Private,BEV,1
2026,06,11,CITROEN,18,Granada,Private,ICE,1
2026,06,11,CUPRA,18,Granada,Private,ICE,1
2026,06,11,DACIA,18,Granada,Private,ICE,1
2026,06,11,FORD,18,Granada,Private,ICE,1
2026,06,11,HONDA,18,Granada,Corporate,ICE,1
2026,06,11,KIA,18,Granada,Private,BEV,1
2026,06,11,LEXUS,18,Granada,Private,ICE,1
2026,06,11,MERCEDES,18,Granada,Corporate,BEV,1
2026,06,11,MERCEDES,18,Granada,Private,BEV,1
2026,06,11,MERCEDES,18,Granada,Private,PHEV,1
2026,06,11,MG,18,Granada,Private,BEV,1
2026,06,11,MG,18,Granada,Private,ICE,4
2026,06,11,MG,18,Granada,Private,PHEV,2
2026,06,11,SEAT,18,Granada,Private,ICE,2
2026,06,11,SUZUKI,18,Granada,Private,ICE,1
2026,06,11,TESLA,18,Granada,Private,BEV,7
2026,06,11,TOYOTA,18,Granada,Private,BEV,1
2026,06,11,TOYOTA,18,Granada,Private,ICE,5
2026,06,11,TOYOTA,18,Granada,Private,PHEV,4
2026,06,11,VOLKSWAGEN,18,Granada,Private,ICE,1
2026,06,11,ALPINE,19,Guadalajara,Private,BEV,1
2026,06,11,BYD,19,Guadalajara,Private,PHEV,1
2026,06,11,EBRO,19,Guadalajara,Private,ICE,1
2026,06,11,HYUNDAI,19,Guadalajara,Private,BEV,1
2026,06,11,HYUNDAI,19,Guadalajara,Private,ICE,1
2026,06,11,MERCEDES,19,Guadalajara,Corporate,PHEV,1
2026,06,11,MG,19,Guadalajara,Private,ICE,1
2026,06,11,TESLA,19,Guadalajara,Private,BEV,1
2026,06,11,TOYOTA,19,Guadalajara,Private,ICE,3
2026,06,11,BYD,20,Gipuzkoa,Private,BEV,1
2026,06,11,DACIA,20,Gipuzkoa,Private,ICE,1
2026,06,11,FORD,20,Gipuzkoa,Private,ICE,1
2026,06,11,JAECOO,20,Gipuzkoa,Corporate,PHEV,1
2026,06,11,KG MOBILITY,20,Gipuzkoa,Private,ICE,1
2026,06,11,KIA,20,Gipuzkoa,Corporate,ICE,1
2026,06,11,KIA,20,Gipuzkoa,Private,ICE,1
2026,06,11,LEAPMOTOR,20,Gipuzkoa,Private,BEV,1
2026,06,11,LEXUS,20,Gipuzkoa,Corporate,ICE,1
2026,06,11,MAZDA,20,Gipuzkoa,Corporate,ICE,1
2026,06,11,MAZDA,20,Gipuzkoa,Private,ICE,4
2026,06,11,MERCEDES,20,Gipuzkoa,Corporate,ICE,1
2026,06,11,MERCEDES,20,Gipuzkoa,Private,ICE,1
2026,06,11,MITSUBISHI,20,Gipuzkoa,Corporate,PHEV,1
2026,06,11,PEUGEOT,20,Gipuzkoa,Private,ICE,1
2026,06,11,RENAULT,20,Gipuzkoa,Private,ICE,1
2026,06,11,RENAULT,20,Gipuzkoa,Private,PHEV,1
2026,06,11,SUZUKI,20,Gipuzkoa,Private,ICE,1
2026,06,11,TESLA,20,Gipuzkoa,Corporate,BEV,1
2026,06,11,TOYOTA,20,Gipuzkoa,Private,BEV,1
2026,06,11,TOYOTA,20,Gipuzkoa,Private,ICE,4
2026,06,11,TOYOTA,20,Gipuzkoa,Private,PHEV,1
2026,06,11,VOLKSWAGEN,20,Gipuzkoa,Private,ICE,2
2026,06,11,VOLVO,20,Gipuzkoa,Corporate,ICE,1
2026,06,11,AUDI,21,Huelva,Private,ICE,1
2026,06,11,BMW,21,Huelva,Private,BEV,1
2026,06,11,BMW,21,Huelva,Private,ICE,1
2026,06,11,BYD,21,Huelva,Private,BEV,1
2026,06,11,DACIA,21,Huelva,Private,ICE,2
2026,06,11,EBRO,21,Huelva,Private,PHEV,1
2026,06,11,SEAT,21,Huelva,Private,ICE,1
2026,06,11,SKODA,21,Huelva,Private,ICE,1
2026,06,11,VOLKSWAGEN,21,Huelva,Private,ICE,1
2026,06,11,VOLVO,21,Huelva,Private,ICE,1
2026,06,11,AUDI,22,Huesca,Corporate,ICE,1
2026,06,11,CHANGAN,22,Huesca,Private,BEV,1
2026,06,11,KIA,22,Huesca,Private,ICE,1
2026,06,11,MERCEDES,22,Huesca,Private,BEV,1
2026,06,11,RENAULT,22,Huesca,Corporate,BEV,1
2026,06,11,SEAT,22,Huesca,Corporate,ICE,1
2026,06,11,SUBARU,22,Huesca,Private,ICE,1
2026,06,11,VOLKSWAGEN,22,Huesca,Private,ICE,1
2026,06,11,BMW,23,Jaén,Corporate,ICE,1
2026,06,11,CITROEN,23,Jaén,Private,ICE,1
2026,06,11,EBRO,23,Jaén,Private,ICE,2
2026,06,11,SUBARU,23,Jaén,Private,ICE,1
2026,06,11,TESLA,23,Jaén,Private,BEV,1
2026,06,11,VOLKSWAGEN,23,Jaén,Private,ICE,1
2026,06,11,ALPINE,24,León,Private,BEV,1
2026,06,11,BMW,24,León,Private,PHEV,1
2026,06,11,BYD,24,León,Private,PHEV,1
2026,06,11,DACIA,24,León,Private,ICE,3
2026,06,11,FORD,24,León,Private,PHEV,1
2026,06,11,JAECOO,24,León,Private,ICE,1
2026,06,11,KIA,24,León,Private,ICE,3
2026,06,11,LYNK & CO,24,León,Private,PHEV,1
2026,06,11,MAZDA,24,León,Private,ICE,1
2026,06,11,MERCEDES,24,León,Corporate,ICE,1
2026,06,11,MERCEDES,24,León,Private,ICE,1
2026,06,11,MG,24,León,Private,ICE,2
2026,06,11,MG,24,León,Private,PHEV,1
2026,06,11,RENAULT,24,León,Private,ICE,1
2026,06,11,SKODA,24,León,Private,ICE,2
2026,06,11,SUZUKI,24,León,Private,ICE,1
2026,06,11,TESLA,24,León,Private,BEV,1
2026,06,11,TOYOTA,24,León,Private,ICE,2
2026,06,11,VOLVO,24,León,Corporate,ICE,1
2026,06,11,BMW,25,Lleida,Private,ICE,1
2026,06,11,DACIA,25,Lleida,Private,ICE,6
2026,06,11,EBRO,25,Lleida,Private,ICE,1
2026,06,11,FORD,25,Lleida,Private,PHEV,1
2026,06,11,KIA,25,Lleida,Private,BEV,1
2026,06,11,KIA,25,Lleida,Private,ICE,1
2026,06,11,NISSAN,25,Lleida,Private,ICE,1
2026,06,11,SKODA,25,Lleida,Private,ICE,1
2026,06,11,TOYOTA,25,Lleida,Private,ICE,2
2026,06,11,TOYOTA,25,Lleida,Private,PHEV,1
2026,06,11,VOLKSWAGEN,25,Lleida,Private,ICE,1
2026,06,11,CUPRA,26,La Rioja,Private,ICE,1
2026,06,11,OMODA,26,La Rioja,Private,ICE,1
2026,06,11,TESLA,26,La Rioja,Private,BEV,1
2026,06,11,BMW,27,Lugo,Private,ICE,1
2026,06,11,BYD,27,Lugo,Private,PHEV,1
2026,06,11,CITROEN,27,Lugo,Corporate,BEV,13
2026,06,11,FORD,27,Lugo,Private,ICE,1
2026,06,11,FORD,27,Lugo,RAC,ICE,1
2026,06,11,HYUNDAI,27,Lugo,Private,ICE,1
2026,06,11,MERCEDES,27,Lugo,Private,PHEV,1
2026,06,11,MG,27,Lugo,Private,ICE,1
2026,06,11,MITSUBISHI,27,Lugo,Private,ICE,1
2026,06,11,TESLA,27,Lugo,Private,BEV,2
2026,06,11,TOYOTA,27,Lugo,Private,ICE,1
2026,06,11,ALFA ROMEO,28,Madrid,Corporate,BEV,1
2026,06,11,ALFA ROMEO,28,Madrid,Corporate,ICE,7
2026,06,11,AUDI,28,Madrid,Corporate,BEV,1
2026,06,11,AUDI,28,Madrid,Corporate,ICE,66
2026,06,11,AUDI,28,Madrid,Corporate,PHEV,14
2026,06,11,AUDI,28,Madrid,Private,ICE,12
2026,06,11,AUDI,28,Madrid,Private,PHEV,1
2026,06,11,AUDI,28,Madrid,RAC,PHEV,2
2026,06,11,BMW,28,Madrid,Corporate,BEV,13
2026,06,11,BMW,28,Madrid,Corporate,ICE,100
2026,06,11,BMW,28,Madrid,Corporate,PHEV,39
2026,06,11,BMW,28,Madrid,Private,ICE,5
2026,06,11,BMW,28,Madrid,Private,PHEV,2
2026,06,11,BMW,28,Madrid,RAC,BEV,1
2026,06,11,BMW,28,Madrid,RAC,PHEV,1
2026,06,11,BYD,28,Madrid,Corporate,BEV,2
2026,06,11,BYD,28,Madrid,Corporate,PHEV,6
2026,06,11,BYD,28,Madrid,Private,BEV,12
2026,06,11,BYD,28,Madrid,Private,PHEV,24
2026,06,11,CHANGAN,28,Madrid,Private,BEV,2
2026,06,11,CITROEN,28,Madrid,Corporate,BEV,1
2026,06,11,CITROEN,28,Madrid,Corporate,ICE,26
2026,06,11,CITROEN,28,Madrid,Private,BEV,3
2026,06,11,CITROEN,28,Madrid,Private,ICE,7
2026,06,11,CUPRA,28,Madrid,Corporate,BEV,4
2026,06,11,CUPRA,28,Madrid,Corporate,ICE,11
2026,06,11,CUPRA,28,Madrid,Corporate,PHEV,5
2026,06,11,CUPRA,28,Madrid,Private,BEV,2
2026,06,11,CUPRA,28,Madrid,Private,ICE,3
2026,06,11,CUPRA,28,Madrid,Private,PHEV,2
2026,06,11,CUPRA,28,Madrid,RAC,ICE,36
2026,06,11,CUPRA,28,Madrid,RAC,PHEV,9
2026,06,11,DACIA,28,Madrid,Corporate,ICE,21
2026,06,11,DACIA,28,Madrid,Private,BEV,1
2026,06,11,DACIA,28,Madrid,Private,ICE,60
2026,06,11,DONGFENG,28,Madrid,Corporate,BEV,1
2026,06,11,DR,28,Madrid,RAC,ICE,5
2026,06,11,DS,28,Madrid,Corporate,ICE,6
2026,06,11,DS,28,Madrid,Private,ICE,2
2026,06,11,DS,28,Madrid,Private,PHEV,1
2026,06,11,EBRO,28,Madrid,Corporate,ICE,2
2026,06,11,EBRO,28,Madrid,Corporate,PHEV,3
2026,06,11,EBRO,28,Madrid,Private,ICE,9
2026,06,11,EBRO,28,Madrid,Private,PHEV,5
2026,06,11,EVO,28,Madrid,Corporate,ICE,1
2026,06,11,EVO,28,Madrid,RAC,ICE,2
2026,06,11,FORD,28,Madrid,Corporate,BEV,2
2026,06,11,FORD,28,Madrid,Corporate,ICE,6
2026,06,11,FORD,28,Madrid,Corporate,PHEV,14
2026,06,11,FORD,28,Madrid,Private,BEV,1
2026,06,11,FORD,28,Madrid,Private,ICE,2
2026,06,11,FORD,28,Madrid,Private,PHEV,1
2026,06,11,HONDA,28,Madrid,Corporate,ICE,2
2026,06,11,HONDA,28,Madrid,Private,ICE,2
2026,06,11,HYUNDAI,28,Madrid,Corporate,ICE,24
2026,06,11,HYUNDAI,28,Madrid,Corporate,PHEV,1
2026,06,11,HYUNDAI,28,Madrid,Private,BEV,1
2026,06,11,HYUNDAI,28,Madrid,Private,ICE,14
2026,06,11,HYUNDAI,28,Madrid,Private,PHEV,3
2026,06,11,HYUNDAI,28,Madrid,RAC,ICE,36
2026,06,11,ICH-X,28,Madrid,RAC,ICE,5
2026,06,11,JAECOO,28,Madrid,Corporate,ICE,3
2026,06,11,JAECOO,28,Madrid,Corporate,PHEV,3
2026,06,11,JAECOO,28,Madrid,Private,ICE,1
2026,06,11,JEEP,28,Madrid,Corporate,ICE,4
2026,06,11,JEEP,28,Madrid,Private,ICE,1
2026,06,11,KIA,28,Madrid,Corporate,BEV,6
2026,06,11,KIA,28,Madrid,Corporate,ICE,52
2026,06,11,KIA,28,Madrid,Private,BEV,6
2026,06,11,KIA,28,Madrid,Private,ICE,26
2026,06,11,LANCIA,28,Madrid,Corporate,ICE,1
2026,06,11,LANCIA,28,Madrid,Private,ICE,1
2026,06,11,LAND ROVER,28,Madrid,Corporate,ICE,1
2026,06,11,LEAPMOTOR,28,Madrid,Private,BEV,1
2026,06,11,LEXUS,28,Madrid,Corporate,BEV,1
2026,06,11,LEXUS,28,Madrid,Corporate,ICE,3
2026,06,11,LEXUS,28,Madrid,Corporate,PHEV,5
2026,06,11,LEXUS,28,Madrid,Private,BEV,2
2026,06,11,LEXUS,28,Madrid,Private,ICE,1
2026,06,11,LEXUS,28,Madrid,Private,PHEV,2
2026,06,11,LEXUS,28,Madrid,RAC,ICE,1
2026,06,11,LYNK & CO,28,Madrid,Corporate,PHEV,6
2026,06,11,MAZDA,28,Madrid,Corporate,ICE,9
2026,06,11,MAZDA,28,Madrid,Corporate,PHEV,2
2026,06,11,MAZDA,28,Madrid,Private,BEV,2
2026,06,11,MAZDA,28,Madrid,Private,ICE,8
2026,06,11,MAZDA,28,Madrid,Private,PHEV,1
2026,06,11,MERCEDES,28,Madrid,Corporate,BEV,4
2026,06,11,MERCEDES,28,Madrid,Corporate,ICE,40
2026,06,11,MERCEDES,28,Madrid,Corporate,PHEV,12
2026,06,11,MERCEDES,28,Madrid,Private,BEV,3
2026,06,11,MERCEDES,28,Madrid,Private,ICE,3
2026,06,11,MERCEDES,28,Madrid,Private,PHEV,1
2026,06,11,MERCEDES,28,Madrid,RAC,ICE,9
2026,06,11,MERCEDES,28,Madrid,RAC,PHEV,8
2026,06,11,MG,28,Madrid,Corporate,BEV,1
2026,06,11,MG,28,Madrid,Corporate,ICE,2
2026,06,11,MG,28,Madrid,Corporate,PHEV,1
2026,06,11,MG,28,Madrid,Private,ICE,6
2026,06,11,MG,28,Madrid,Private,PHEV,3
2026,06,11,MINI,28,Madrid,Corporate,BEV,3
2026,06,11,MINI,28,Madrid,Corporate,ICE,3
2026,06,11,MINI,28,Madrid,Private,BEV,2
2026,06,11,MITSUBISHI,28,Madrid,Corporate,ICE,1
2026,06,11,MITSUBISHI,28,Madrid,Private,ICE,1
2026,06,11,MITSUBISHI,28,Madrid,RAC,ICE,34
2026,06,11,NISSAN,28,Madrid,Corporate,BEV,1
2026,06,11,NISSAN,28,Madrid,Corporate,ICE,25
2026,06,11,NISSAN,28,Madrid,Private,BEV,2
2026,06,11,NISSAN,28,Madrid,Private,ICE,5
2026,06,11,OMODA,28,Madrid,Corporate,ICE,4
2026,06,11,OMODA,28,Madrid,Corporate,PHEV,2
2026,06,11,OMODA,28,Madrid,Private,ICE,2
2026,06,11,OMODA,28,Madrid,Private,PHEV,5
2026,06,11,OPEL,28,Madrid,Corporate,ICE,29
2026,06,11,OPEL,28,Madrid,Private,ICE,1
2026,06,11,OPEL,28,Madrid,RAC,ICE,21
2026,06,11,PEUGEOT,28,Madrid,Corporate,ICE,42
2026,06,11,PEUGEOT,28,Madrid,Corporate,PHEV,1
2026,06,11,PEUGEOT,28,Madrid,Private,ICE,22
2026,06,11,PEUGEOT,28,Madrid,Private,PHEV,1
2026,06,11,POLESTAR,28,Madrid,Corporate,BEV,1
2026,06,11,POLESTAR,28,Madrid,Private,BEV,1
2026,06,11,PORSCHE,28,Madrid,Corporate,PHEV,1
2026,06,11,RENAULT,28,Madrid,Corporate,ICE,20
2026,06,11,RENAULT,28,Madrid,Corporate,PHEV,3
2026,06,11,RENAULT,28,Madrid,Private,BEV,1
2026,06,11,RENAULT,28,Madrid,Private,ICE,15
2026,06,11,SEAT,28,Madrid,Corporate,ICE,72
2026,06,11,SEAT,28,Madrid,Private,ICE,7
2026,06,11,SEAT,28,Madrid,RAC,ICE,25
2026,06,11,SKODA,28,Madrid,Corporate,BEV,2
2026,06,11,SKODA,28,Madrid,Corporate,ICE,33
2026,06,11,SKODA,28,Madrid,Corporate,PHEV,1
2026,06,11,SKODA,28,Madrid,Private,ICE,10
2026,06,11,SKODA,28,Madrid,Private,PHEV,1
2026,06,11,SKODA,28,Madrid,RAC,ICE,8
2026,06,11,SMART,28,Madrid,Corporate,BEV,1
2026,06,11,SMART,28,Madrid,Private,BEV,1
2026,06,11,SUBARU,28,Madrid,Corporate,ICE,2
2026,06,11,SUZUKI,28,Madrid,Private,ICE,1
2026,06,11,TESLA,28,Madrid,Corporate,BEV,10
2026,06,11,TESLA,28,Madrid,Private,BEV,50
2026,06,11,TOYOTA,28,Madrid,Corporate,BEV,2
2026,06,11,TOYOTA,28,Madrid,Corporate,ICE,61
2026,06,11,TOYOTA,28,Madrid,Corporate,PHEV,6
2026,06,11,TOYOTA,28,Madrid,Private,BEV,3
2026,06,11,TOYOTA,28,Madrid,Private,ICE,58
2026,06,11,TOYOTA,28,Madrid,Private,PHEV,6
2026,06,11,TOYOTA,28,Madrid,RAC,BEV,9
2026,06,11,TOYOTA,28,Madrid,RAC,ICE,60
2026,06,11,VOLKSWAGEN,28,Madrid,Corporate,BEV,3
2026,06,11,VOLKSWAGEN,28,Madrid,Corporate,ICE,106
2026,06,11,VOLKSWAGEN,28,Madrid,Corporate,PHEV,6
2026,06,11,VOLKSWAGEN,28,Madrid,Private,ICE,12
2026,06,11,VOLKSWAGEN,28,Madrid,Private,PHEV,5
2026,06,11,VOLKSWAGEN,28,Madrid,RAC,ICE,1
2026,06,11,VOLVO,28,Madrid,Corporate,BEV,2
2026,06,11,VOLVO,28,Madrid,Corporate,ICE,11
2026,06,11,VOLVO,28,Madrid,Corporate,PHEV,7
2026,06,11,VOLVO,28,Madrid,Private,BEV,2
2026,06,11,VOLVO,28,Madrid,Private,ICE,4
2026,06,11,VOLVO,28,Madrid,Private,PHEV,1
2026,06,11,VOLVO,28,Madrid,RAC,ICE,3
2026,06,11,XPENG,28,Madrid,Corporate,BEV,1
2026,06,11,AUDI,29,Málaga,Private,ICE,1
2026,06,11,BYD,29,Málaga,Private,BEV,1
2026,06,11,BYD,29,Málaga,Private,PHEV,4
2026,06,11,CITROEN,29,Málaga,Corporate,ICE,1
2026,06,11,CUPRA,29,Málaga,Private,ICE,2
2026,06,11,DACIA,29,Málaga,Private,ICE,9
2026,06,11,DR,29,Málaga,Corporate,ICE,1
2026,06,11,EBRO,29,Málaga,Corporate,PHEV,1
2026,06,11,EBRO,29,Málaga,Private,ICE,2
2026,06,11,FORD,29,Málaga,Private,ICE,2
2026,06,11,HONDA,29,Málaga,Private,ICE,1
2026,06,11,KIA,29,Málaga,Private,ICE,1
2026,06,11,LEAPMOTOR,29,Málaga,Private,BEV,1
2026,06,11,LEXUS,29,Málaga,Corporate,PHEV,1
2026,06,11,LEXUS,29,Málaga,Private,PHEV,1
2026,06,11,LYNK & CO,29,Málaga,Private,BEV,1
2026,06,11,MAZDA,29,Málaga,Private,BEV,1
2026,06,11,MERCEDES,29,Málaga,Private,PHEV,1
2026,06,11,MERCEDES,29,Málaga,RAC,ICE,1
2026,06,11,MG,29,Málaga,Private,ICE,1
2026,06,11,MINI,29,Málaga,Private,ICE,1
2026,06,11,NISSAN,29,Málaga,Private,ICE,3
2026,06,11,OMODA,29,Málaga,Private,ICE,1
2026,06,11,OPEL,29,Málaga,Private,ICE,1
2026,06,11,PEUGEOT,29,Málaga,Private,ICE,2
2026,06,11,RENAULT,29,Málaga,Private,BEV,1
2026,06,11,RENAULT,29,Málaga,Private,ICE,3
2026,06,11,SEAT,29,Málaga,Private,ICE,4
2026,06,11,SUBARU,29,Málaga,Private,ICE,1
2026,06,11,SUZUKI,29,Málaga,Private,ICE,1
2026,06,11,TESLA,29,Málaga,Corporate,BEV,1
2026,06,11,TESLA,29,Málaga,Private,BEV,10
2026,06,11,TOYOTA,29,Málaga,Corporate,ICE,2
2026,06,11,TOYOTA,29,Málaga,Private,ICE,11
2026,06,11,TOYOTA,29,Málaga,Private,PHEV,2
2026,06,11,VOLKSWAGEN,29,Málaga,Private,ICE,1
2026,06,11,VOLVO,29,Málaga,Private,BEV,1
2026,06,11,XPENG,29,Málaga,Corporate,BEV,1
2026,06,11,XPENG,29,Málaga,Private,BEV,1
2026,06,11,BMW,30,Murcia,Private,PHEV,1
2026,06,11,BYD,30,Murcia,Private,PHEV,2
2026,06,11,CHANGAN,30,Murcia,Private,BEV,1
2026,06,11,CITROEN,30,Murcia,Corporate,ICE,4
2026,06,11,CITROEN,30,Murcia,Private,ICE,1
2026,06,11,DACIA,30,Murcia,Private,ICE,5
2026,06,11,EBRO,30,Murcia,Private,PHEV,2
2026,06,11,FIAT,30,Murcia,Private,ICE,1
2026,06,11,FORD,30,Murcia,Private,PHEV,1
2026,06,11,KIA,30,Murcia,Private,ICE,4
2026,06,11,LEXUS,30,Murcia,Private,ICE,1
2026,06,11,LEXUS,30,Murcia,Private,PHEV,1
2026,06,11,MERCEDES,30,Murcia,Corporate,ICE,13
2026,06,11,MERCEDES,30,Murcia,Corporate,PHEV,1
2026,06,11,MERCEDES,30,Murcia,Private,BEV,1
2026,06,11,MERCEDES,30,Murcia,Private,ICE,2
2026,06,11,MERCEDES,30,Murcia,Private,PHEV,1
2026,06,11,MG,30,Murcia,Private,ICE,1
2026,06,11,NISSAN,30,Murcia,Private,ICE,2
2026,06,11,OMODA,30,Murcia,Private,ICE,1
2026,06,11,OPEL,30,Murcia,Corporate,ICE,2
2026,06,11,RENAULT,30,Murcia,Corporate,BEV,1
2026,06,11,RENAULT,30,Murcia,Private,BEV,2
2026,06,11,RENAULT,30,Murcia,Private,ICE,1
2026,06,11,SEAT,30,Murcia,Corporate,ICE,1
2026,06,11,SEAT,30,Murcia,Private,ICE,1
2026,06,11,SKODA,30,Murcia,Private,ICE,1
2026,06,11,TESLA,30,Murcia,Corporate,BEV,1
2026,06,11,TESLA,30,Murcia,Private,BEV,10
2026,06,11,TOYOTA,30,Murcia,Private,BEV,1
2026,06,11,TOYOTA,30,Murcia,Private,ICE,7
2026,06,11,VOLKSWAGEN,30,Murcia,Private,ICE,4
2026,06,11,VOLVO,30,Murcia,Corporate,PHEV,1
2026,06,11,VOLVO,30,Murcia,Private,ICE,1
2026,06,11,AUDI,31,Navarra,Private,ICE,2
2026,06,11,CITROEN,31,Navarra,Private,BEV,2
2026,06,11,DACIA,31,Navarra,Corporate,ICE,1
2026,06,11,DACIA,31,Navarra,Private,ICE,3
2026,06,11,EBRO,31,Navarra,Corporate,PHEV,1
2026,06,11,EBRO,31,Navarra,Private,PHEV,1
2026,06,11,HYUNDAI,31,Navarra,Private,ICE,1
2026,06,11,JAECOO,31,Navarra,Corporate,PHEV,1
2026,06,11,JAECOO,31,Navarra,Private,PHEV,1
2026,06,11,KIA,31,Navarra,Private,BEV,2
2026,06,11,LEAPMOTOR,31,Navarra,Private,BEV,1
2026,06,11,MAZDA,31,Navarra,Corporate,ICE,1
2026,06,11,MAZDA,31,Navarra,Private,ICE,1
2026,06,11,OMODA,31,Navarra,Private,ICE,1
2026,06,11,OMODA,31,Navarra,Private,PHEV,1
2026,06,11,PEUGEOT,31,Navarra,Private,BEV,1
2026,06,11,RENAULT,31,Navarra,Private,ICE,1
2026,06,11,SKODA,31,Navarra,Private,BEV,1
2026,06,11,TESLA,31,Navarra,Corporate,BEV,1
2026,06,11,TESLA,31,Navarra,Private,BEV,1
2026,06,11,TOYOTA,31,Navarra,Private,ICE,3
2026,06,11,VOLKSWAGEN,31,Navarra,Corporate,ICE,1
2026,06,11,VOLKSWAGEN,31,Navarra,Private,PHEV,1
2026,06,11,BYD,32,Ourense,Private,PHEV,1
2026,06,11,KIA,32,Ourense,Private,BEV,1
2026,06,11,KIA,32,Ourense,Private,ICE,1
2026,06,11,MERCEDES,32,Ourense,Private,ICE,1
2026,06,11,MG,32,Ourense,Private,BEV,1
2026,06,11,MG,32,Ourense,Private,ICE,1
2026,06,11,PEUGEOT,32,Ourense,Private,BEV,1
2026,06,11,RENAULT,32,Ourense,Private,ICE,1
2026,06,11,SEAT,32,Ourense,Private,ICE,1
2026,06,11,TESLA,32,Ourense,Private,BEV,1
2026,06,11,AUDI,33,Asturias,Private,PHEV,1
2026,06,11,BAW,33,Asturias,Private,ICE,1
2026,06,11,BMW,33,Asturias,Private,PHEV,1
2026,06,11,BYD,33,Asturias,Private,PHEV,2
2026,06,11,CITROEN,33,Asturias,Private,BEV,1
2026,06,11,CITROEN,33,Asturias,Private,ICE,1
2026,06,11,CUPRA,33,Asturias,Private,PHEV,1
2026,06,11,DACIA,33,Asturias,Private,ICE,2
2026,06,11,EBRO,33,Asturias,Corporate,ICE,1
2026,06,11,EBRO,33,Asturias,Private,ICE,1
2026,06,11,HONDA,33,Asturias,Private,ICE,1
2026,06,11,HYUNDAI,33,Asturias,Corporate,ICE,2
2026,06,11,KIA,33,Asturias,Private,ICE,1
2026,06,11,MAZDA,33,Asturias,Private,ICE,2
2026,06,11,MERCEDES,33,Asturias,Corporate,BEV,1
2026,06,11,MERCEDES,33,Asturias,Private,ICE,1
2026,06,11,MG,33,Asturias,Private,ICE,4
2026,06,11,MINI,33,Asturias,Corporate,BEV,3
2026,06,11,MINI,33,Asturias,Corporate,ICE,4
2026,06,11,MINI,33,Asturias,Private,ICE,1
2026,06,11,NISSAN,33,Asturias,Private,ICE,3
2026,06,11,RENAULT,33,Asturias,Private,ICE,1
2026,06,11,SEAT,33,Asturias,Corporate,ICE,1
2026,06,11,SEAT,33,Asturias,Private,ICE,2
2026,06,11,SKODA,33,Asturias,Private,BEV,2
2026,06,11,SKODA,33,Asturias,Private,ICE,3
2026,06,11,TESLA,33,Asturias,Private,BEV,2
2026,06,11,TOYOTA,33,Asturias,Private,ICE,1
2026,06,11,VOLKSWAGEN,33,Asturias,Corporate,BEV,1
2026,06,11,VOLKSWAGEN,33,Asturias,Private,ICE,2
2026,06,11,VOLKSWAGEN,33,Asturias,Private,PHEV,1
2026,06,11,VOLVO,33,Asturias,Private,BEV,1
2026,06,11,MG,34,Palencia,Private,ICE,1
2026,06,11,TOYOTA,34,Palencia,Private,BEV,1
2026,06,11,VOLVO,34,Palencia,Private,ICE,1
2026,06,11,AUDI,35,Las Palmas,Corporate,ICE,1
2026,06,11,AUDI,35,Las Palmas,Private,BEV,1
2026,06,11,AUDI,35,Las Palmas,Private,ICE,2
2026,06,11,AUDI,35,Las Palmas,Private,PHEV,1
2026,06,11,BMW,35,Las Palmas,Corporate,ICE,2
2026,06,11,BMW,35,Las Palmas,Private,BEV,1
2026,06,11,CITROEN,35,Las Palmas,Private,BEV,2
2026,06,11,CUPRA,35,Las Palmas,Private,BEV,1
2026,06,11,CUPRA,35,Las Palmas,Private,PHEV,2
2026,06,11,DACIA,35,Las Palmas,Corporate,ICE,9
2026,06,11,DACIA,35,Las Palmas,Private,ICE,4
2026,06,11,EBRO,35,Las Palmas,Private,PHEV,1
2026,06,11,FORD,35,Las Palmas,Private,PHEV,1
2026,06,11,HYUNDAI,35,Las Palmas,Private,ICE,3
2026,06,11,JAECOO,35,Las Palmas,Private,ICE,1
2026,06,11,LEAPMOTOR,35,Las Palmas,Private,BEV,3
2026,06,11,MAZDA,35,Las Palmas,Private,ICE,1
2026,06,11,MERCEDES,35,Las Palmas,Corporate,PHEV,1
2026,06,11,MERCEDES,35,Las Palmas,RAC,ICE,35
2026,06,11,MG,35,Las Palmas,Private,PHEV,1
2026,06,11,MINI,35,Las Palmas,Corporate,BEV,1
2026,06,11,NISSAN,35,Las Palmas,Corporate,ICE,1
2026,06,11,OPEL,35,Las Palmas,Private,BEV,1
2026,06,11,OPEL,35,Las Palmas,Private,ICE,1
2026,06,11,PEUGEOT,35,Las Palmas,Corporate,ICE,1
2026,06,11,PEUGEOT,35,Las Palmas,Private,ICE,1
2026,06,11,RENAULT,35,Las Palmas,Private,ICE,2
2026,06,11,SEAT,35,Las Palmas,Corporate,ICE,5
2026,06,11,SEAT,35,Las Palmas,Private,ICE,6
2026,06,11,SKODA,35,Las Palmas,Private,ICE,3
2026,06,11,SKODA,35,Las Palmas,Private,PHEV,1
2026,06,11,TOYOTA,35,Las Palmas,Corporate,ICE,1
2026,06,11,TOYOTA,35,Las Palmas,Private,BEV,3
2026,06,11,TOYOTA,35,Las Palmas,Private,ICE,1
2026,06,11,VOLKSWAGEN,35,Las Palmas,Corporate,ICE,3
2026,06,11,VOLKSWAGEN,35,Las Palmas,Private,BEV,1
2026,06,11,VOLKSWAGEN,35,Las Palmas,Private,ICE,1
2026,06,11,VOLKSWAGEN,35,Las Palmas,Private,PHEV,1
2026,06,11,AUDI,36,Pontevedra,Corporate,PHEV,1
2026,06,11,AUDI,36,Pontevedra,Private,ICE,1
2026,06,11,BMW,36,Pontevedra,Corporate,ICE,1
2026,06,11,BYD,36,Pontevedra,Corporate,PHEV,5
2026,06,11,CUPRA,36,Pontevedra,Corporate,ICE,1
2026,06,11,CUPRA,36,Pontevedra,Corporate,PHEV,1
2026,06,11,CUPRA,36,Pontevedra,Private,ICE,1
2026,06,11,DACIA,36,Pontevedra,Private,ICE,2
2026,06,11,FIAT,36,Pontevedra,Private,ICE,1
2026,06,11,HYUNDAI,36,Pontevedra,Private,BEV,1
2026,06,11,HYUNDAI,36,Pontevedra,Private,ICE,1
2026,06,11,KIA,36,Pontevedra,Private,BEV,5
2026,06,11,MERCEDES,36,Pontevedra,Corporate,ICE,1
2026,06,11,MERCEDES,36,Pontevedra,Private,ICE,1
2026,06,11,MERCEDES,36,Pontevedra,Private,PHEV,1
2026,06,11,MG,36,Pontevedra,Private,ICE,1
2026,06,11,MITSUBISHI,36,Pontevedra,Corporate,ICE,1
2026,06,11,NISSAN,36,Pontevedra,Private,BEV,1
2026,06,11,OPEL,36,Pontevedra,Private,BEV,2
2026,06,11,PEUGEOT,36,Pontevedra,Private,ICE,1
2026,06,11,PORSCHE,36,Pontevedra,Corporate,PHEV,1
2026,06,11,RENAULT,36,Pontevedra,Corporate,ICE,4
2026,06,11,RENAULT,36,Pontevedra,Private,BEV,1
2026,06,11,RENAULT,36,Pontevedra,Private,ICE,1
2026,06,11,RENAULT,36,Pontevedra,Private,PHEV,1
2026,06,11,SEAT,36,Pontevedra,Corporate,ICE,4
2026,06,11,SEAT,36,Pontevedra,Corporate,PHEV,1
2026,06,11,SEAT,36,Pontevedra,Private,ICE,2
2026,06,11,TESLA,36,Pontevedra,Private,BEV,1
2026,06,11,AUDI,37,Salamanca,Corporate,PHEV,1
2026,06,11,CITROEN,37,Salamanca,Private,ICE,1
2026,06,11,KIA,37,Salamanca,Private,ICE,1
2026,06,11,NISSAN,37,Salamanca,Private,ICE,1
2026,06,11,PEUGEOT,37,Salamanca,Private,ICE,1
2026,06,11,SEAT,37,Salamanca,Private,ICE,1
2026,06,11,SKODA,37,Salamanca,Private,PHEV,1
2026,06,11,TESLA,37,Salamanca,Private,BEV,1
2026,06,11,TOYOTA,37,Salamanca,Private,ICE,3
2026,06,11,TOYOTA,37,Salamanca,Private,PHEV,1
2026,06,11,AUDI,38,S.C. Tenerife,Private,BEV,1
2026,06,11,AUDI,38,S.C. Tenerife,Private,PHEV,1
2026,06,11,BMW,38,S.C. Tenerife,Corporate,BEV,1
2026,06,11,CHANGAN,38,S.C. Tenerife,Corporate,BEV,1
2026,06,11,CHANGAN,38,S.C. Tenerife,Private,BEV,2
2026,06,11,CITROEN,38,S.C. Tenerife,Private,ICE,1
2026,06,11,CUPRA,38,S.C. Tenerife,Corporate,BEV,2
2026,06,11,CUPRA,38,S.C. Tenerife,Private,PHEV,1
2026,06,11,DACIA,38,S.C. Tenerife,Private,ICE,8
2026,06,11,DONGFENG,38,S.C. Tenerife,Private,BEV,1
2026,06,11,FORD,38,S.C. Tenerife,Private,ICE,3
2026,06,11,FORD,38,S.C. Tenerife,Private,PHEV,2
2026,06,11,HONDA,38,S.C. Tenerife,Private,ICE,1
2026,06,11,HYUNDAI,38,S.C. Tenerife,Private,ICE,2
2026,06,11,KIA,38,S.C. Tenerife,Private,BEV,3
2026,06,11,LAND ROVER,38,S.C. Tenerife,Private,PHEV,1
2026,06,11,LEAPMOTOR,38,S.C. Tenerife,Private,BEV,1
2026,06,11,MG,38,S.C. Tenerife,Private,PHEV,1
2026,06,11,NISSAN,38,S.C. Tenerife,Private,ICE,2
2026,06,11,PEUGEOT,38,S.C. Tenerife,Private,BEV,1
2026,06,11,PEUGEOT,38,S.C. Tenerife,Private,ICE,1
2026,06,11,RENAULT,38,S.C. Tenerife,Private,BEV,1
2026,06,11,RENAULT,38,S.C. Tenerife,Private,ICE,2
2026,06,11,SEAT,38,S.C. Tenerife,Private,ICE,6
2026,06,11,SKODA,38,S.C. Tenerife,Private,ICE,1
2026,06,11,TESLA,38,S.C. Tenerife,Private,BEV,1
2026,06,11,TOYOTA,38,S.C. Tenerife,Private,ICE,4
2026,06,11,TOYOTA,38,S.C. Tenerife,Private,PHEV,1
2026,06,11,VOLKSWAGEN,38,S.C. Tenerife,Corporate,ICE,2
2026,06,11,VOLKSWAGEN,38,S.C. Tenerife,Private,BEV,1
2026,06,11,VOLKSWAGEN,38,S.C. Tenerife,Private,ICE,4
2026,06,11,VOLKSWAGEN,38,S.C. Tenerife,Private,PHEV,1
2026,06,11,BMW,39,Cantabria,Corporate,BEV,1
2026,06,11,BYD,39,Cantabria,Private,BEV,1
2026,06,11,BYD,39,Cantabria,Private,PHEV,2
2026,06,11,CUPRA,39,Cantabria,Corporate,BEV,1
2026,06,11,CUPRA,39,Cantabria,Private,ICE,1
2026,06,11,DACIA,39,Cantabria,Corporate,ICE,1
2026,06,11,DACIA,39,Cantabria,Private,ICE,1
2026,06,11,EBRO,39,Cantabria,Private,ICE,2
2026,06,11,EBRO,39,Cantabria,Private,PHEV,1
2026,06,11,KG MOBILITY,39,Cantabria,Private,ICE,1
2026,06,11,KIA,39,Cantabria,Private,ICE,1
2026,06,11,LEXUS,39,Cantabria,Private,ICE,1
2026,06,11,LEXUS,39,Cantabria,Private,PHEV,1
2026,06,11,MG,39,Cantabria,Private,ICE,1
2026,06,11,PEUGEOT,39,Cantabria,Private,ICE,1
2026,06,11,RENAULT,39,Cantabria,Private,BEV,1
2026,06,11,SEAT,39,Cantabria,Private,ICE,1
2026,06,11,TESLA,39,Cantabria,Private,BEV,2
2026,06,11,VOLVO,39,Cantabria,Private,ICE,1
2026,06,11,DACIA,40,Segovia,Private,ICE,1
2026,06,11,EBRO,40,Segovia,Private,PHEV,1
2026,06,11,OMODA,40,Segovia,Private,PHEV,1
2026,06,11,SKODA,40,Segovia,Private,ICE,1
2026,06,11,TOYOTA,40,Segovia,Corporate,ICE,1
2026,06,11,AUDI,41,Sevilla,Corporate,ICE,1
2026,06,11,AUDI,41,Sevilla,Private,ICE,2
2026,06,11,AUDI,41,Sevilla,Private,PHEV,1
2026,06,11,BMW,41,Sevilla,Corporate,PHEV,1
2026,06,11,CITROEN,41,Sevilla,Private,BEV,2
2026,06,11,CITROEN,41,Sevilla,Private,ICE,3
2026,06,11,DACIA,41,Sevilla,Corporate,BEV,1
2026,06,11,DACIA,41,Sevilla,Corporate,ICE,1
2026,06,11,DACIA,41,Sevilla,Private,ICE,13
2026,06,11,EBRO,41,Sevilla,Private,ICE,2
2026,06,11,GEELY,41,Sevilla,Private,PHEV,5
2026,06,11,HONDA,41,Sevilla,Private,ICE,2
2026,06,11,HYUNDAI,41,Sevilla,Private,PHEV,1
2026,06,11,JAECOO,41,Sevilla,Private,ICE,1
2026,06,11,JAECOO,41,Sevilla,Private,PHEV,2
2026,06,11,KG MOBILITY,41,Sevilla,Private,ICE,1
2026,06,11,KIA,41,Sevilla,Private,ICE,2
2026,06,11,LEAPMOTOR,41,Sevilla,Private,BEV,2
2026,06,11,LEXUS,41,Sevilla,Private,ICE,1
2026,06,11,MAZDA,41,Sevilla,Private,ICE,1
2026,06,11,MERCEDES,41,Sevilla,Corporate,ICE,2
2026,06,11,MERCEDES,41,Sevilla,Corporate,PHEV,1
2026,06,11,MERCEDES,41,Sevilla,Private,ICE,1
2026,06,11,MERCEDES,41,Sevilla,Private,PHEV,1
2026,06,11,MG,41,Sevilla,Private,ICE,3
2026,06,11,MG,41,Sevilla,Private,PHEV,1
2026,06,11,MINI,41,Sevilla,Corporate,BEV,1
2026,06,11,NISSAN,41,Sevilla,Private,ICE,3
2026,06,11,OMODA,41,Sevilla,Private,ICE,2
2026,06,11,OPEL,41,Sevilla,Private,BEV,1
2026,06,11,PEUGEOT,41,Sevilla,Private,ICE,5
2026,06,11,PORSCHE,41,Sevilla,Private,PHEV,1
2026,06,11,RENAULT,41,Sevilla,Private,ICE,2
2026,06,11,SEAT,41,Sevilla,Private,ICE,6
2026,06,11,SIN MARCA,41,Sevilla,Private,ICE,1
2026,06,11,SKODA,41,Sevilla,Private,ICE,2
2026,06,11,TESLA,41,Sevilla,Corporate,BEV,1
2026,06,11,TESLA,41,Sevilla,Private,BEV,6
2026,06,11,TOYOTA,41,Sevilla,Corporate,ICE,1
2026,06,11,TOYOTA,41,Sevilla,Private,BEV,3
2026,06,11,TOYOTA,41,Sevilla,Private,ICE,11
2026,06,11,TOYOTA,41,Sevilla,Private,PHEV,1
2026,06,11,VOLKSWAGEN,41,Sevilla,Private,ICE,8
2026,06,11,VOLVO,41,Sevilla,Private,ICE,4
2026,06,11,DACIA,42,Soria,Private,ICE,1
2026,06,11,JAECOO,42,Soria,Corporate,ICE,1
2026,06,11,JAECOO,42,Soria,Private,ICE,1
2026,06,11,AUDI,43,Tarragona,Private,ICE,1
2026,06,11,BAW,43,Tarragona,Private,ICE,1
2026,06,11,BMW,43,Tarragona,Corporate,ICE,1
2026,06,11,BMW,43,Tarragona,Private,ICE,1
2026,06,11,BYD,43,Tarragona,Private,BEV,1
2026,06,11,BYD,43,Tarragona,Private,PHEV,1
2026,06,11,CHEVROLET,43,Tarragona,Private,ICE,1
2026,06,11,CITROEN,43,Tarragona,Private,ICE,2
2026,06,11,CUPRA,43,Tarragona,Private,ICE,1
2026,06,11,CUPRA,43,Tarragona,Private,PHEV,1
2026,06,11,DACIA,43,Tarragona,Private,ICE,2
2026,06,11,DACIA,43,Tarragona,RAC,ICE,1
2026,06,11,EBRO,43,Tarragona,Private,ICE,3
2026,06,11,HYUNDAI,43,Tarragona,Private,ICE,3
2026,06,11,JAECOO,43,Tarragona,Corporate,PHEV,1
2026,06,11,JEEP,43,Tarragona,Corporate,ICE,1
2026,06,11,KIA,43,Tarragona,Private,ICE,2
2026,06,11,MAZDA,43,Tarragona,Private,ICE,2
2026,06,11,MERCEDES,43,Tarragona,Corporate,ICE,1
2026,06,11,MERCEDES,43,Tarragona,Private,BEV,1
2026,06,11,MERCEDES,43,Tarragona,Private,ICE,1
2026,06,11,MERCEDES,43,Tarragona,Private,PHEV,1
2026,06,11,MG,43,Tarragona,Corporate,ICE,1
2026,06,11,MG,43,Tarragona,Private,ICE,3
2026,06,11,MG,43,Tarragona,Private,PHEV,1
2026,06,11,NISSAN,43,Tarragona,Private,ICE,2
2026,06,11,OPEL,43,Tarragona,Private,ICE,1
2026,06,11,RENAULT,43,Tarragona,Private,ICE,1
2026,06,11,SEAT,43,Tarragona,Private,ICE,3
2026,06,11,SKODA,43,Tarragona,Private,ICE,1
2026,06,11,SUZUKI,43,Tarragona,Corporate,ICE,1
2026,06,11,SUZUKI,43,Tarragona,Private,ICE,1
2026,06,11,TESLA,43,Tarragona,Private,BEV,4
2026,06,11,TOYOTA,43,Tarragona,Private,ICE,4
2026,06,11,VOLKSWAGEN,43,Tarragona,Private,ICE,2
2026,06,11,VOLKSWAGEN,43,Tarragona,Private,PHEV,1
2026,06,11,BYD,44,Teruel,Private,PHEV,1
2026,06,11,KG MOBILITY,44,Teruel,Private,ICE,1
2026,06,11,RENAULT,44,Teruel,Private,ICE,1
2026,06,11,TOYOTA,44,Teruel,Corporate,ICE,1
2026,06,11,VOLKSWAGEN,44,Teruel,Private,ICE,1
2026,06,11,CUPRA,45,Toledo,Private,BEV,1
2026,06,11,DACIA,45,Toledo,Private,ICE,5
2026,06,11,EBRO,45,Toledo,Private,ICE,1
2026,06,11,EBRO,45,Toledo,Private,PHEV,1
2026,06,11,HYUNDAI,45,Toledo,Private,ICE,1
2026,06,11,JAECOO,45,Toledo,Corporate,PHEV,1
2026,06,11,JAECOO,45,Toledo,Private,PHEV,1
2026,06,11,KIA,45,Toledo,Private,BEV,1
2026,06,11,KIA,45,Toledo,Private,ICE,2
2026,06,11,LAMBORGHINI,45,Toledo,Corporate,PHEV,1
2026,06,11,MAZDA,45,Toledo,Private,ICE,1
2026,06,11,MG,45,Toledo,Private,ICE,2
2026,06,11,MG,45,Toledo,Private,PHEV,1
2026,06,11,OMODA,45,Toledo,Private,ICE,2
2026,06,11,PEUGEOT,45,Toledo,Private,ICE,1
2026,06,11,PEUGEOT,45,Toledo,Private,PHEV,1
2026,06,11,SEAT,45,Toledo,Private,ICE,1
2026,06,11,SUBARU,45,Toledo,Private,ICE,1
2026,06,11,TESLA,45,Toledo,Corporate,BEV,2
2026,06,11,TESLA,45,Toledo,Private,BEV,7
2026,06,11,TOYOTA,45,Toledo,Private,ICE,2
2026,06,11,AUDI,46,Valencia,Corporate,PHEV,1
2026,06,11,AUDI,46,Valencia,Private,ICE,2
2026,06,11,AUDI,46,Valencia,Private,PHEV,1
2026,06,11,BMW,46,Valencia,Corporate,BEV,1
2026,06,11,BMW,46,Valencia,Corporate,ICE,4
2026,06,11,BMW,46,Valencia,Private,BEV,2
2026,06,11,BMW,46,Valencia,Private,ICE,1
2026,06,11,BYD,46,Valencia,Private,BEV,2
2026,06,11,BYD,46,Valencia,Private,PHEV,1
2026,06,11,CHANGAN,46,Valencia,Private,BEV,2
2026,06,11,CITROEN,46,Valencia,Private,BEV,2
2026,06,11,CITROEN,46,Valencia,Private,ICE,4
2026,06,11,CUPRA,46,Valencia,Private,ICE,2
2026,06,11,DACIA,46,Valencia,Private,ICE,21
2026,06,11,EBRO,46,Valencia,Corporate,ICE,1
2026,06,11,EBRO,46,Valencia,Corporate,PHEV,2
2026,06,11,EBRO,46,Valencia,Private,ICE,8
2026,06,11,EBRO,46,Valencia,Private,PHEV,1
2026,06,11,FIAT,46,Valencia,Corporate,ICE,1
2026,06,11,FORD,46,Valencia,Corporate,PHEV,1
2026,06,11,FORD,46,Valencia,Private,BEV,1
2026,06,11,FORD,46,Valencia,Private,ICE,3
2026,06,11,FORD,46,Valencia,Private,PHEV,3
2026,06,11,FORD,46,Valencia,RAC,PHEV,3
2026,06,11,GEELY,46,Valencia,Private,BEV,1
2026,06,11,GEELY,46,Valencia,Private,PHEV,1
2026,06,11,HYUNDAI,46,Valencia,Private,ICE,3
2026,06,11,JAECOO,46,Valencia,Private,ICE,2
2026,06,11,JAECOO,46,Valencia,Private,PHEV,2
2026,06,11,KIA,46,Valencia,Private,ICE,4
2026,06,11,LAND ROVER,46,Valencia,Corporate,PHEV,1
2026,06,11,LEAPMOTOR,46,Valencia,Private,BEV,2
2026,06,11,LEXUS,46,Valencia,Private,ICE,1
2026,06,11,MAZDA,46,Valencia,Corporate,ICE,1
2026,06,11,MAZDA,46,Valencia,Private,ICE,6
2026,06,11,MERCEDES,46,Valencia,Corporate,ICE,2
2026,06,11,MERCEDES,46,Valencia,Corporate,PHEV,2
2026,06,11,MERCEDES,46,Valencia,Private,BEV,1
2026,06,11,MERCEDES,46,Valencia,Private,PHEV,2
2026,06,11,MG,46,Valencia,Private,ICE,7
2026,06,11,MINI,46,Valencia,Corporate,ICE,2
2026,06,11,MINI,46,Valencia,Private,BEV,2
2026,06,11,MINI,46,Valencia,Private,ICE,3
2026,06,11,NISSAN,46,Valencia,Private,ICE,2
2026,06,11,OMODA,46,Valencia,Private,ICE,3
2026,06,11,OPEL,46,Valencia,Private,ICE,2
2026,06,11,PEUGEOT,46,Valencia,Corporate,PHEV,1
2026,06,11,PEUGEOT,46,Valencia,Private,BEV,1
2026,06,11,PEUGEOT,46,Valencia,Private,ICE,2
2026,06,11,RENAULT,46,Valencia,Private,BEV,1
2026,06,11,RENAULT,46,Valencia,Private,ICE,3
2026,06,11,RENAULT,46,Valencia,Private,PHEV,1
2026,06,11,SEAT,46,Valencia,Private,ICE,3
2026,06,11,SKODA,46,Valencia,Private,BEV,1
2026,06,11,SKODA,46,Valencia,Private,ICE,4
2026,06,11,SKODA,46,Valencia,Private,PHEV,1
2026,06,11,TESLA,46,Valencia,Corporate,BEV,1
2026,06,11,TESLA,46,Valencia,Private,BEV,14
2026,06,11,TOYOTA,46,Valencia,Corporate,BEV,1
2026,06,11,TOYOTA,46,Valencia,Corporate,ICE,12
2026,06,11,TOYOTA,46,Valencia,Corporate,PHEV,1
2026,06,11,TOYOTA,46,Valencia,Private,BEV,1
2026,06,11,TOYOTA,46,Valencia,Private,ICE,12
2026,06,11,VOLKSWAGEN,46,Valencia,Private,ICE,14
2026,06,11,VOLKSWAGEN,46,Valencia,Private,PHEV,2
2026,06,11,XPENG,46,Valencia,Corporate,BEV,1
2026,06,11,ZEEKR,46,Valencia,Corporate,BEV,2
2026,06,11,DACIA,47,Valladolid,Private,ICE,1
2026,06,11,DR,47,Valladolid,Private,ICE,1
2026,06,11,EBRO,47,Valladolid,Private,ICE,1
2026,06,11,FERRARI,47,Valladolid,Private,PHEV,1
2026,06,11,KIA,47,Valladolid,Private,ICE,1
2026,06,11,LEXUS,47,Valladolid,Private,PHEV,1
2026,06,11,MERCEDES,47,Valladolid,Private,ICE,1
2026,06,11,OMODA,47,Valladolid,Private,ICE,1
2026,06,11,RENAULT,47,Valladolid,Corporate,ICE,3
2026,06,11,RENAULT,47,Valladolid,Private,BEV,2
2026,06,11,RENAULT,47,Valladolid,Private,ICE,2
2026,06,11,SEAT,47,Valladolid,Private,ICE,1
2026,06,11,SKODA,47,Valladolid,Private,ICE,1
2026,06,11,TESLA,47,Valladolid,Private,BEV,1
2026,06,11,TOYOTA,47,Valladolid,Private,ICE,3
2026,06,11,TOYOTA,47,Valladolid,Private,PHEV,2
2026,06,11,VOLKSWAGEN,47,Valladolid,Private,ICE,1
2026,06,11,VOLVO,47,Valladolid,Private,BEV,1
2026,06,11,XPENG,47,Valladolid,Private,BEV,1
2026,06,11,AUDI,48,Bizkaia,Corporate,ICE,1
2026,06,11,AUDI,48,Bizkaia,Private,PHEV,2
2026,06,11,BMW,48,Bizkaia,Private,ICE,1
2026,06,11,BMW,48,Bizkaia,Private,PHEV,1
2026,06,11,BYD,48,Bizkaia,Private,PHEV,2
2026,06,11,CHANGAN,48,Bizkaia,Corporate,BEV,1
2026,06,11,CHANGAN,48,Bizkaia,Private,BEV,1
2026,06,11,CITROEN,48,Bizkaia,Private,ICE,1
2026,06,11,DACIA,48,Bizkaia,Corporate,ICE,1
2026,06,11,DACIA,48,Bizkaia,Private,ICE,4
2026,06,11,EBRO,48,Bizkaia,Private,ICE,2
2026,06,11,KIA,48,Bizkaia,Private,ICE,1
2026,06,11,LAND ROVER,48,Bizkaia,Private,ICE,1
2026,06,11,MERCEDES,48,Bizkaia,Corporate,ICE,1
2026,06,11,MERCEDES,48,Bizkaia,Corporate,PHEV,1
2026,06,11,MERCEDES,48,Bizkaia,Private,ICE,1
2026,06,11,MG,48,Bizkaia,Private,ICE,2
2026,06,11,MG,48,Bizkaia,Private,PHEV,1
2026,06,11,MINI,48,Bizkaia,Private,ICE,1
2026,06,11,NISSAN,48,Bizkaia,Private,ICE,1
2026,06,11,OMODA,48,Bizkaia,Corporate,ICE,1
2026,06,11,OPEL,48,Bizkaia,Private,ICE,1
2026,06,11,PEUGEOT,48,Bizkaia,Private,BEV,1
2026,06,11,SEAT,48,Bizkaia,Private,ICE,3
2026,06,11,SKODA,48,Bizkaia,Private,BEV,1
2026,06,11,SKODA,48,Bizkaia,Private,ICE,1
2026,06,11,SUZUKI,48,Bizkaia,Private,ICE,1
2026,06,11,TESLA,48,Bizkaia,Corporate,BEV,1
2026,06,11,TESLA,48,Bizkaia,Private,BEV,4
2026,06,11,TOYOTA,48,Bizkaia,Private,ICE,5
2026,06,11,TOYOTA,48,Bizkaia,Private,PHEV,3
2026,06,11,VOLKSWAGEN,48,Bizkaia,Private,ICE,3
2026,06,11,VOLKSWAGEN,48,Bizkaia,Private,PHEV,1
2026,06,11,AUDI,49,Zamora,Private,ICE,1
2026,06,11,BYD,49,Zamora,Private,PHEV,1
2026,06,11,DACIA,49,Zamora,Private,ICE,1
2026,06,11,HYUNDAI,49,Zamora,Private,ICE,1
2026,06,11,MAZDA,49,Zamora,Corporate,ICE,1
2026,06,11,MAZDA,49,Zamora,Private,ICE,1
2026,06,11,TOYOTA,49,Zamora,Private,ICE,1
2026,06,11,VOLKSWAGEN,49,Zamora,Private,BEV,1
2026,06,11,AUDI,50,Zaragoza,Private,PHEV,1
2026,06,11,BMW,50,Zaragoza,Corporate,BEV,1
2026,06,11,BMW,50,Zaragoza,Corporate,ICE,1
2026,06,11,BYD,50,Zaragoza,Private,PHEV,1
2026,06,11,CHANGAN,50,Zaragoza,Private,BEV,1
2026,06,11,DACIA,50,Zaragoza,Corporate,ICE,1
2026,06,11,DACIA,50,Zaragoza,Private,ICE,3
2026,06,11,EBRO,50,Zaragoza,Private,ICE,1
2026,06,11,GEELY,50,Zaragoza,Private,PHEV,1
2026,06,11,HONDA,50,Zaragoza,Private,ICE,3
2026,06,11,KIA,50,Zaragoza,Private,BEV,1
2026,06,11,KIA,50,Zaragoza,Private,ICE,6
2026,06,11,LEAPMOTOR,50,Zaragoza,Private,BEV,2
2026,06,11,MAZDA,50,Zaragoza,Private,ICE,1
2026,06,11,MERCEDES,50,Zaragoza,Private,PHEV,1
2026,06,11,MERCEDES-V,50,Zaragoza,Private,ICE,1
2026,06,11,MG,50,Zaragoza,Corporate,BEV,1
2026,06,11,MG,50,Zaragoza,Private,ICE,2
2026,06,11,MG,50,Zaragoza,Private,PHEV,1
2026,06,11,MINI,50,Zaragoza,Corporate,ICE,1
2026,06,11,NISSAN,50,Zaragoza,Corporate,ICE,2
2026,06,11,NISSAN,50,Zaragoza,Private,ICE,1
2026,06,11,OMODA,50,Zaragoza,Corporate,PHEV,1
2026,06,11,OPEL,50,Zaragoza,Private,ICE,1
2026,06,11,PEUGEOT,50,Zaragoza,Private,ICE,2
2026,06,11,RENAULT,50,Zaragoza,Private,BEV,1
2026,06,11,RENAULT,50,Zaragoza,Private,PHEV,1
2026,06,11,SEAT,50,Zaragoza,Private,ICE,1
2026,06,11,TOYOTA,50,Zaragoza,Private,BEV,1
2026,06,11,TOYOTA,50,Zaragoza,Private,ICE,4
2026,06,11,TOYOTA,50,Zaragoza,Private,PHEV,2
2026,06,11,VOLKSWAGEN,50,Zaragoza,Corporate,ICE,1
2026,06,11,VOLKSWAGEN,50,Zaragoza,Private,ICE,5
2026,06,11,RENAULT,51,Ceuta,Private,ICE,1
2026,06,11,VOLKSWAGEN,51,Ceuta,Private,ICE,2
2026,06,11,EVO,52,Melilla,Private,ICE,1
2026,06,11,FORD,52,Melilla,Private,PHEV,1
2026,06,11,MG,52,Melilla,Private,ICE,1
2026,06,11,MITSUBISHI,52,Melilla,Private,PHEV,1
2026,06,11,RENAULT,52,Melilla,Private,ICE,1
