anyo,mes,marca,modelo,canal,fuel_type,fuel,segmento,subseg,hp,body_type,count
2023,11,ABARTH,500,Corporate,BEV,Electrico,UKL0,REST,Standard,HACH 3P,1
2023,11,ABARTH,500,Private,BEV,Electrico,UKL0,REST,Standard,HACH 3P,3
2023,11,ACURA,,Corporate,ICE,Gasolina,,REST,Standard,,1
2023,11,AIWAYS,U5,Private,BEV,Electrico,UKL2,REST,Standard,SAV,1
2023,11,ALFA ROMEO,GIULIA,Corporate,ICE,Gasolina,KKL,REST,Standard,SEDAN,4
2023,11,ALFA ROMEO,GIULIA,Private,ICE,Gasolina,KKL,REST,Standard,SEDAN,6
2023,11,ALFA ROMEO,GIULIA,RAC,ICE,Gasolina,KKL,REST,Standard,SEDAN,2
2023,11,ALFA ROMEO,STELVIO,Corporate,ICE,Gasolina,KKL,REST,Standard,SAV,72
2023,11,ALFA ROMEO,STELVIO,Private,ICE,Gasolina,KKL,REST,Standard,SAV,4
2023,11,ALFA ROMEO,STELVIO,RAC,ICE,Gasolina,KKL,REST,Standard,SAV,46
2023,11,ALFA ROMEO,TONALE,Corporate,ICE,Gasolina/Electrico Enchufable,UKL2,REST,Standard,SAV,71
2023,11,ALFA ROMEO,TONALE,Corporate,PHEV,Gasolina/Electrico Enchufable,UKL2,REST,Standard,SAV,9
2023,11,ALFA ROMEO,TONALE,Private,ICE,Gasolina/Electrico Enchufable,UKL2,REST,Standard,SAV,8
2023,11,ALFA ROMEO,TONALE,Private,PHEV,Gasolina/Electrico Enchufable,UKL2,REST,Standard,SAV,5
2023,11,ALFA ROMEO,TONALE,RAC,ICE,Gasolina/Electrico Enchufable,UKL2,REST,Standard,SAV,21
2023,11,ALLIED,,Corporate,ICE,Diesel,,REST,Standard,,1
2023,11,ALLIED VEHICLES LTD,,Private,ICE,Gasolina,,REST,Standard,,2
2023,11,ASTON MARTIN,DBX,Private,ICE,Gasolina,GKL+,FOCUS SEGMENT,Standard,SAV,1
2023,11,AUDI,,Private,BEV,Electrico,,REST,Standard,,2
2023,11,AUDI,A1,Corporate,ICE,Gasolina,UKL1,FOCUS SEGMENT,Standard,HACH 5P,190
2023,11,AUDI,A1,Private,ICE,Gasolina,UKL1,FOCUS SEGMENT,Standard,HACH 5P,101
2023,11,AUDI,A1,RAC,ICE,Gasolina,UKL1,FOCUS SEGMENT,Standard,HACH 5P,2
2023,11,AUDI,A3,Corporate,ICE,Gasolina/Electrico Enchufable,UKL2,FOCUS SEGMENT,M,HACH 5P,6
2023,11,AUDI,A3,Corporate,ICE,Gasolina/Electrico Enchufable,UKL2,FOCUS SEGMENT,M Performance,HACH 5P,4
2023,11,AUDI,A3,Corporate,ICE,Gasolina/Electrico Enchufable,UKL2,FOCUS SEGMENT,Standard,HACH 5P,428
2023,11,AUDI,A3,Corporate,PHEV,Gasolina/Electrico Enchufable,UKL2,FOCUS SEGMENT,Standard,HACH 5P,7
2023,11,AUDI,A3,Private,ICE,Gasolina/Electrico Enchufable,UKL2,FOCUS SEGMENT,M,HACH 5P,5
2023,11,AUDI,A3,Private,ICE,Gasolina/Electrico Enchufable,UKL2,FOCUS SEGMENT,M Performance,HACH 5P,4
2023,11,AUDI,A3,Private,ICE,Gasolina/Electrico Enchufable,UKL2,FOCUS SEGMENT,Standard,HACH 5P,91
2023,11,AUDI,A3,Private,PHEV,Gasolina/Electrico Enchufable,UKL2,FOCUS SEGMENT,Standard,HACH 5P,9
2023,11,AUDI,A3,RAC,ICE,Gasolina/Electrico Enchufable,UKL2,FOCUS SEGMENT,M,HACH 5P,1
2023,11,AUDI,A3,RAC,ICE,Gasolina/Electrico Enchufable,UKL2,FOCUS SEGMENT,Standard,HACH 5P,3
2023,11,AUDI,A4,Corporate,ICE,Gasolina Mild Hybrid,KKL,FOCUS SEGMENT,M,ESTATE,3
2023,11,AUDI,A4,Corporate,ICE,Gasolina Mild Hybrid,KKL,FOCUS SEGMENT,Standard,ESTATE,71
2023,11,AUDI,A4,Private,ICE,Gasolina Mild Hybrid,KKL,FOCUS SEGMENT,Standard,ESTATE,9
2023,11,AUDI,A4 ALLROAD,Corporate,ICE,Diesel Mild Hybrid,KKL,FOCUS SEGMENT,Standard,ESTATE,7
2023,11,AUDI,A4 ALLROAD,Private,ICE,Diesel Mild Hybrid,KKL,FOCUS SEGMENT,Standard,ESTATE,5
2023,11,AUDI,A4 ALLROAD,RAC,ICE,Diesel Mild Hybrid,KKL,FOCUS SEGMENT,Standard,ESTATE,1
2023,11,AUDI,A5,Corporate,ICE,Gasolina/Electrico Enchufable,KKL,FOCUS SEGMENT,M,SEDAN,1
2023,11,AUDI,A5,Corporate,ICE,Gasolina/Electrico Enchufable,KKL,FOCUS SEGMENT,Standard,SEDAN,23
2023,11,AUDI,A5,Private,ICE,Gasolina/Electrico Enchufable,KKL,FOCUS SEGMENT,M,SEDAN,1
2023,11,AUDI,A5,Private,ICE,Gasolina/Electrico Enchufable,KKL,FOCUS SEGMENT,Standard,SEDAN,7
2023,11,AUDI,A5,RAC,ICE,Gasolina/Electrico Enchufable,KKL,FOCUS SEGMENT,Standard,SEDAN,2
2023,11,AUDI,A6,Corporate,ICE,Gasolina/Electrico Enchufable,MKL,FOCUS SEGMENT,M,SEDAN,4
2023,11,AUDI,A6,Corporate,ICE,Gasolina/Electrico Enchufable,MKL,FOCUS SEGMENT,Standard,SEDAN,28
2023,11,AUDI,A6,Corporate,PHEV,Gasolina/Electrico Enchufable,MKL,FOCUS SEGMENT,Standard,SEDAN,7
2023,11,AUDI,A6,Private,BEV,Gasolina/Electrico Enchufable,MKL,FOCUS SEGMENT,M,SEDAN,0
2023,11,AUDI,A6,Private,ICE,Gasolina/Electrico Enchufable,MKL,FOCUS SEGMENT,M,SEDAN,2
2023,11,AUDI,A6,Private,ICE,Gasolina/Electrico Enchufable,MKL,FOCUS SEGMENT,Standard,SEDAN,4
2023,11,AUDI,A6,Private,PHEV,Gasolina/Electrico Enchufable,MKL,FOCUS SEGMENT,Standard,SEDAN,1
2023,11,AUDI,A6,RAC,ICE,Gasolina/Electrico Enchufable,MKL,FOCUS SEGMENT,Standard,SEDAN,1
2023,11,AUDI,A6 ALLROAD,Corporate,ICE,Gasolina/Electrico Enchufable,MKL,FOCUS SEGMENT,Standard,ESTATE,1
2023,11,AUDI,A7,Corporate,ICE,Diesel Mild Hybrid,MKL,FOCUS SEGMENT,M Performance,SEDAN,4
2023,11,AUDI,A7,Corporate,PHEV,Diesel Mild Hybrid,MKL,FOCUS SEGMENT,M Performance,SEDAN,2
2023,11,AUDI,A7,Private,PHEV,Diesel Mild Hybrid,MKL,FOCUS SEGMENT,M Performance,SEDAN,1
2023,11,AUDI,A8,Corporate,ICE,Gasolina/Electrico Enchufable,GKL,FOCUS SEGMENT,M Performance,SEDAN,1
2023,11,AUDI,A8,Corporate,ICE,Gasolina/Electrico Enchufable,GKL,FOCUS SEGMENT,Standard,SEDAN,1
2023,11,AUDI,A8,Private,ICE,Gasolina/Electrico Enchufable,GKL,FOCUS SEGMENT,Standard,SEDAN,1
2023,11,AUDI,A8,Private,PHEV,Gasolina/Electrico Enchufable,GKL,FOCUS SEGMENT,Standard,SEDAN,1
2023,11,AUDI,E-TRON GT,Private,BEV,Electrico,GKL,FOCUS SEGMENT,Standard,SEDAN,1
2023,11,AUDI,Q2,Corporate,ICE,Gasolina,UKL2,FOCUS SEGMENT,Standard,SAV,122
2023,11,AUDI,Q2,Private,ICE,Gasolina,UKL2,FOCUS SEGMENT,Standard,SAV,144
2023,11,AUDI,Q2,RAC,ICE,Gasolina,UKL2,FOCUS SEGMENT,Standard,SAV,1
2023,11,AUDI,Q3,Corporate,ICE,Gasolina/Electrico Enchufable,UKL2,FOCUS SEGMENT,Standard,SAV,210
2023,11,AUDI,Q3,Corporate,PHEV,Gasolina/Electrico Enchufable,UKL2,FOCUS SEGMENT,Standard,SAV,22
2023,11,AUDI,Q3,Private,ICE,Gasolina/Electrico Enchufable,UKL2,FOCUS SEGMENT,M,SAV,1
2023,11,AUDI,Q3,Private,ICE,Gasolina/Electrico Enchufable,UKL2,FOCUS SEGMENT,Standard,SAV,55
2023,11,AUDI,Q3,Private,PHEV,Gasolina/Electrico Enchufable,UKL2,FOCUS SEGMENT,Standard,SAV,21
2023,11,AUDI,Q3,RAC,ICE,Gasolina/Electrico Enchufable,UKL2,FOCUS SEGMENT,Standard,SAV,9
2023,11,AUDI,Q3 SPORTBACK,Corporate,ICE,Gasolina/Electrico Enchufable,UKL2,FOCUS SEGMENT,M,SAV,5
2023,11,AUDI,Q3 SPORTBACK,Corporate,ICE,Gasolina/Electrico Enchufable,UKL2,FOCUS SEGMENT,Standard,SAV,294
2023,11,AUDI,Q3 SPORTBACK,Corporate,PHEV,Gasolina/Electrico Enchufable,UKL2,FOCUS SEGMENT,Standard,SAV,47
2023,11,AUDI,Q3 SPORTBACK,Private,ICE,Gasolina/Electrico Enchufable,UKL2,FOCUS SEGMENT,M,SAV,5
2023,11,AUDI,Q3 SPORTBACK,Private,ICE,Gasolina/Electrico Enchufable,UKL2,FOCUS SEGMENT,Standard,SAV,123
2023,11,AUDI,Q3 SPORTBACK,Private,PHEV,Gasolina/Electrico Enchufable,UKL2,FOCUS SEGMENT,Standard,SAV,20
2023,11,AUDI,Q4 E-TRON,Corporate,BEV,Electrico,UKL2,FOCUS SEGMENT,Standard,SAV,33
2023,11,AUDI,Q4 E-TRON,Private,BEV,Electrico,UKL2,FOCUS SEGMENT,Standard,SAV,19
2023,11,AUDI,Q4 SPORTBACK E-TRON,Corporate,BEV,Electrico,UKL2,FOCUS SEGMENT,Standard,SAV,30
2023,11,AUDI,Q4 SPORTBACK E-TRON,Private,BEV,Electrico,UKL2,FOCUS SEGMENT,Standard,SAV,13
2023,11,AUDI,Q5,Corporate,ICE,Gasolina/Electrico Enchufable,KKL,FOCUS SEGMENT,M Performance,SAV,1
2023,11,AUDI,Q5,Corporate,ICE,Gasolina/Electrico Enchufable,KKL,FOCUS SEGMENT,Standard,SAV,84
2023,11,AUDI,Q5,Corporate,PHEV,Gasolina/Electrico Enchufable,KKL,FOCUS SEGMENT,Standard,SAV,29
2023,11,AUDI,Q5,Private,ICE,Gasolina/Electrico Enchufable,KKL,FOCUS SEGMENT,M Performance,SAV,2
2023,11,AUDI,Q5,Private,ICE,Gasolina/Electrico Enchufable,KKL,FOCUS SEGMENT,Standard,SAV,6
2023,11,AUDI,Q5,Private,PHEV,Gasolina/Electrico Enchufable,KKL,FOCUS SEGMENT,Standard,SAV,4
2023,11,AUDI,Q5 SPORTBACK,Corporate,ICE,Gasolina/Electrico Enchufable,KKL,FOCUS SEGMENT,M Performance,SAV,2
2023,11,AUDI,Q5 SPORTBACK,Corporate,ICE,Gasolina/Electrico Enchufable,KKL,FOCUS SEGMENT,Standard,SAV,133
2023,11,AUDI,Q5 SPORTBACK,Corporate,PHEV,Gasolina/Electrico Enchufable,KKL,FOCUS SEGMENT,Standard,SAV,44
2023,11,AUDI,Q5 SPORTBACK,Private,ICE,Gasolina/Electrico Enchufable,KKL,FOCUS SEGMENT,Standard,SAV,45
2023,11,AUDI,Q5 SPORTBACK,Private,PHEV,Gasolina/Electrico Enchufable,KKL,FOCUS SEGMENT,Standard,SAV,11
2023,11,AUDI,Q5 SPORTBACK,RAC,ICE,Gasolina/Electrico Enchufable,KKL,FOCUS SEGMENT,Standard,SAV,5
2023,11,AUDI,Q7,Corporate,ICE,Gasolina/Electrico Enchufable,MKL,FOCUS SEGMENT,Standard,SAV,10
2023,11,AUDI,Q7,Corporate,PHEV,Gasolina/Electrico Enchufable,MKL,FOCUS SEGMENT,Standard,SAV,7
2023,11,AUDI,Q7,Private,ICE,Gasolina/Electrico Enchufable,MKL,FOCUS SEGMENT,Standard,SAV,2
2023,11,AUDI,Q8,Corporate,BEV,Gasolina/Electrico Enchufable,MKL,FOCUS SEGMENT,Standard,SAV,8
2023,11,AUDI,Q8,Corporate,ICE,Gasolina/Electrico Enchufable,MKL,FOCUS SEGMENT,M,SAV,4
2023,11,AUDI,Q8,Corporate,ICE,Gasolina/Electrico Enchufable,MKL,FOCUS SEGMENT,M Performance,SAV,1
2023,11,AUDI,Q8,Corporate,ICE,Gasolina/Electrico Enchufable,MKL,FOCUS SEGMENT,Standard,SAV,41
2023,11,AUDI,Q8,Corporate,PHEV,Gasolina/Electrico Enchufable,MKL,FOCUS SEGMENT,Standard,SAV,14
2023,11,AUDI,Q8,Private,BEV,Gasolina/Electrico Enchufable,MKL,FOCUS SEGMENT,M Performance,SAV,1
2023,11,AUDI,Q8,Private,ICE,Gasolina/Electrico Enchufable,MKL,FOCUS SEGMENT,M,SAV,1
2023,11,AUDI,Q8,Private,ICE,Gasolina/Electrico Enchufable,MKL,FOCUS SEGMENT,Standard,SAV,7
2023,11,AUDI,Q8,Private,PHEV,Gasolina/Electrico Enchufable,MKL,FOCUS SEGMENT,Standard,SAV,6
2023,11,AUDI,Q8,RAC,BEV,Gasolina/Electrico Enchufable,MKL,FOCUS SEGMENT,Standard,SAV,2
2023,11,AUDI,Q8,RAC,ICE,Gasolina/Electrico Enchufable,MKL,FOCUS SEGMENT,Standard,SAV,1
2023,11,AUDI,R8,Corporate,ICE,Gasolina,GKL,FOCUS SEGMENT,M,COUPE,1
2023,11,AUDI,RS,Corporate,ICE,Gasolina,,,M,,2
2023,11,AUDI,TT,Private,ICE,Gasolina,KKL,FOCUS SEGMENT,Standard,COUPE,2
2023,11,BENTLEY,BENTAYGA,Private,ICE,Gasolina/Electrico Enchufable,GKL+,FOCUS SEGMENT,Standard,SAV,2
2023,11,BENTLEY,CONTINENTAL,Corporate,ICE,Gasolina/Electrico Enchufable,GKL+,FOCUS SEGMENT,Standard,CABRIO,1
2023,11,BENTLEY,CONTINENTAL,Private,ICE,Gasolina/Electrico Enchufable,GKL+,FOCUS SEGMENT,Standard,CABRIO,1
2023,11,BENTLEY,FLYING SPUR,Corporate,ICE,Gasolina,GKL+,FOCUS SEGMENT,Standard,SEDAN,1
2023,11,BMW,,Private,ICE,Gasolina,,REST,Standard,,1
2023,11,BMW,I4,Corporate,BEV,Electrico,KKL,FOCUS SEGMENT,M Performance,SEDAN,5
2023,11,BMW,I4,Corporate,BEV,Electrico,KKL,FOCUS SEGMENT,Standard,SEDAN,24
2023,11,BMW,I4,Private,BEV,Electrico,KKL,FOCUS SEGMENT,M Performance,SEDAN,3
2023,11,BMW,I4,Private,BEV,Electrico,KKL,FOCUS SEGMENT,Standard,SEDAN,11
2023,11,BMW,I5,Corporate,BEV,Electrico,MKL,FOCUS SEGMENT,M Performance,ESTATE,1
2023,11,BMW,I5,Corporate,BEV,Electrico,MKL,FOCUS SEGMENT,Standard,ESTATE,5
2023,11,BMW,I5,Private,BEV,Electrico,MKL,FOCUS SEGMENT,Standard,ESTATE,4
2023,11,BMW,I7,Corporate,BEV,Electrico,GKL,FOCUS SEGMENT,Standard,SEDAN,1
2023,11,BMW,IX,Corporate,BEV,Electrico,MKL,FOCUS SEGMENT,Standard,SAV,4
2023,11,BMW,IX,Private,BEV,Electrico,MKL,FOCUS SEGMENT,Standard,SAV,1
2023,11,BMW,IX1,Corporate,BEV,Electrico,UKL2,FOCUS SEGMENT,Standard,SAV,98
2023,11,BMW,IX1,Private,BEV,Electrico,UKL2,FOCUS SEGMENT,Standard,SAV,57
2023,11,BMW,IX3,Corporate,BEV,Electrico,KKL,FOCUS SEGMENT,Standard,SAV,11
2023,11,BMW,IX3,Private,BEV,Electrico,KKL,FOCUS SEGMENT,Standard,SAV,4
2023,11,BMW,IX3,RAC,BEV,Electrico,KKL,FOCUS SEGMENT,Standard,SAV,1
2023,11,BMW,SERIE 1,Corporate,ICE,Gasolina,UKL2,FOCUS SEGMENT,M Performance,HACH 5P,6
2023,11,BMW,SERIE 1,Corporate,ICE,Gasolina,UKL2,FOCUS SEGMENT,Standard,HACH 5P,176
2023,11,BMW,SERIE 1,Private,ICE,Gasolina,UKL2,FOCUS SEGMENT,M Performance,HACH 5P,3
2023,11,BMW,SERIE 1,Private,ICE,Gasolina,UKL2,FOCUS SEGMENT,Standard,HACH 5P,133
2023,11,BMW,SERIE 2,Corporate,ICE,Gasolina/Electrico Enchufable,UKL2,FOCUS SEGMENT,M,MPV,7
2023,11,BMW,SERIE 2,Corporate,ICE,Gasolina/Electrico Enchufable,UKL2,FOCUS SEGMENT,M Performance,MPV,1
2023,11,BMW,SERIE 2,Corporate,ICE,Gasolina/Electrico Enchufable,UKL2,FOCUS SEGMENT,Standard,MPV,153
2023,11,BMW,SERIE 2,Corporate,PHEV,Gasolina/Electrico Enchufable,UKL2,FOCUS SEGMENT,Standard,MPV,16
2023,11,BMW,SERIE 2,Private,ICE,Gasolina/Electrico Enchufable,UKL2,FOCUS SEGMENT,M,MPV,9
2023,11,BMW,SERIE 2,Private,ICE,Gasolina/Electrico Enchufable,UKL2,FOCUS SEGMENT,M Performance,MPV,1
2023,11,BMW,SERIE 2,Private,ICE,Gasolina/Electrico Enchufable,UKL2,FOCUS SEGMENT,Standard,MPV,135
2023,11,BMW,SERIE 2,Private,PHEV,Gasolina/Electrico Enchufable,UKL2,FOCUS SEGMENT,Standard,MPV,17
2023,11,BMW,SERIE 3,Corporate,ICE,Gasolina,KKL,FOCUS SEGMENT,M,ESTATE,15
2023,11,BMW,SERIE 3,Corporate,ICE,Gasolina,KKL,FOCUS SEGMENT,M Performance,ESTATE,2
2023,11,BMW,SERIE 3,Corporate,ICE,Gasolina,KKL,FOCUS SEGMENT,Standard,ESTATE,209
2023,11,BMW,SERIE 3,Corporate,PHEV,Gasolina,KKL,FOCUS SEGMENT,Standard,ESTATE,38
2023,11,BMW,SERIE 3,Private,ICE,Gasolina,KKL,FOCUS SEGMENT,M,ESTATE,8
2023,11,BMW,SERIE 3,Private,ICE,Gasolina,KKL,FOCUS SEGMENT,M Performance,ESTATE,2
2023,11,BMW,SERIE 3,Private,ICE,Gasolina,KKL,FOCUS SEGMENT,Standard,ESTATE,85
2023,11,BMW,SERIE 3,Private,PHEV,Gasolina,KKL,FOCUS SEGMENT,Standard,ESTATE,3
2023,11,BMW,SERIE 3,RAC,PHEV,Gasolina,KKL,FOCUS SEGMENT,Standard,ESTATE,9
2023,11,BMW,SERIE 4,Corporate,ICE,Gasolina,KKL,FOCUS SEGMENT,M,CABRIO,6
2023,11,BMW,SERIE 4,Corporate,ICE,Gasolina,KKL,FOCUS SEGMENT,M Performance,CABRIO,9
2023,11,BMW,SERIE 4,Corporate,ICE,Gasolina,KKL,FOCUS SEGMENT,Standard,CABRIO,57
2023,11,BMW,SERIE 4,Private,ICE,Gasolina,KKL,FOCUS SEGMENT,M,CABRIO,3
2023,11,BMW,SERIE 4,Private,ICE,Gasolina,KKL,FOCUS SEGMENT,M Performance,CABRIO,3
2023,11,BMW,SERIE 4,Private,ICE,Gasolina,KKL,FOCUS SEGMENT,Standard,CABRIO,41
2023,11,BMW,SERIE 5,Corporate,ICE,Gasolina/Electrico Enchufable,MKL,FOCUS SEGMENT,Standard,ESTATE,11
2023,11,BMW,SERIE 5,Corporate,PHEV,Gasolina/Electrico Enchufable,MKL,FOCUS SEGMENT,Standard,ESTATE,3
2023,11,BMW,SERIE 5,Private,ICE,Gasolina/Electrico Enchufable,MKL,FOCUS SEGMENT,Standard,ESTATE,2
2023,11,BMW,SERIE 7,Corporate,ICE,Gasolina/Electrico Enchufable,GKL,FOCUS SEGMENT,Standard,SEDAN,10
2023,11,BMW,SERIE 7,Corporate,PHEV,Gasolina/Electrico Enchufable,GKL,FOCUS SEGMENT,Standard,SEDAN,2
2023,11,BMW,SERIE 7,Private,PHEV,Gasolina/Electrico Enchufable,GKL,FOCUS SEGMENT,Standard,SEDAN,1
2023,11,BMW,SERIE 8,Corporate,ICE,Diesel Mild Hybrid,GKL,FOCUS SEGMENT,M,COUPE,1
2023,11,BMW,SERIE 8,Corporate,ICE,Diesel Mild Hybrid,GKL,FOCUS SEGMENT,M Performance,COUPE,1
2023,11,BMW,SERIE 8,Corporate,ICE,Diesel Mild Hybrid,GKL,FOCUS SEGMENT,Standard,COUPE,3
2023,11,BMW,SERIE 8,Private,ICE,Diesel Mild Hybrid,GKL,FOCUS SEGMENT,M,COUPE,1
2023,11,BMW,SERIE 8,Private,ICE,Diesel Mild Hybrid,GKL,FOCUS SEGMENT,M Performance,COUPE,1
2023,11,BMW,SERIE 8,Private,ICE,Diesel Mild Hybrid,GKL,FOCUS SEGMENT,Standard,COUPE,1
2023,11,BMW,X1,Corporate,ICE,Gasolina/Electrico Enchufable,UKL2,FOCUS SEGMENT,Standard,SAV,672
2023,11,BMW,X1,Corporate,PHEV,Gasolina/Electrico Enchufable,UKL2,FOCUS SEGMENT,Standard,SAV,91
2023,11,BMW,X1,Private,ICE,Gasolina/Electrico Enchufable,UKL2,FOCUS SEGMENT,Standard,SAV,369
2023,11,BMW,X1,Private,PHEV,Gasolina/Electrico Enchufable,UKL2,FOCUS SEGMENT,Standard,SAV,61
2023,11,BMW,X1,RAC,ICE,Gasolina/Electrico Enchufable,UKL2,FOCUS SEGMENT,Standard,SAV,1
2023,11,BMW,X2,Corporate,ICE,Diesel Mild Hybrid,UKL2,FOCUS SEGMENT,Standard,SAV,50
2023,11,BMW,X2,Corporate,PHEV,Diesel Mild Hybrid,UKL2,FOCUS SEGMENT,Standard,SAV,11
2023,11,BMW,X2,Private,ICE,Diesel Mild Hybrid,UKL2,FOCUS SEGMENT,Standard,SAV,82
2023,11,BMW,X2,Private,PHEV,Diesel Mild Hybrid,UKL2,FOCUS SEGMENT,Standard,SAV,1
2023,11,BMW,X3,Corporate,ICE,Gasolina Mild Hybrid,KKL,FOCUS SEGMENT,M,SAV,1
2023,11,BMW,X3,Corporate,ICE,Gasolina Mild Hybrid,KKL,FOCUS SEGMENT,M Performance,SAV,13
2023,11,BMW,X3,Corporate,ICE,Gasolina Mild Hybrid,KKL,FOCUS SEGMENT,Standard,SAV,384
2023,11,BMW,X3,Corporate,PHEV,Gasolina Mild Hybrid,KKL,FOCUS SEGMENT,Standard,SAV,120
2023,11,BMW,X3,Private,ICE,Gasolina Mild Hybrid,KKL,FOCUS SEGMENT,M Performance,SAV,9
2023,11,BMW,X3,Private,ICE,Gasolina Mild Hybrid,KKL,FOCUS SEGMENT,Standard,SAV,127
2023,11,BMW,X3,Private,PHEV,Gasolina Mild Hybrid,KKL,FOCUS SEGMENT,Standard,SAV,2
2023,11,BMW,X4,Corporate,ICE,Diesel Mild Hybrid,KKL,FOCUS SEGMENT,M,SAV,2
2023,11,BMW,X4,Corporate,ICE,Diesel Mild Hybrid,KKL,FOCUS SEGMENT,M Performance,SAV,8
2023,11,BMW,X4,Corporate,ICE,Diesel Mild Hybrid,KKL,FOCUS SEGMENT,Standard,SAV,101
2023,11,BMW,X4,Private,ICE,Diesel Mild Hybrid,KKL,FOCUS SEGMENT,M Performance,SAV,5
2023,11,BMW,X4,Private,ICE,Diesel Mild Hybrid,KKL,FOCUS SEGMENT,Standard,SAV,45
2023,11,BMW,X5,Corporate,ICE,Gasolina/Electrico Enchufable,MKL,FOCUS SEGMENT,M,SAV,1
2023,11,BMW,X5,Corporate,ICE,Gasolina/Electrico Enchufable,MKL,FOCUS SEGMENT,M Performance,SAV,1
2023,11,BMW,X5,Corporate,ICE,Gasolina/Electrico Enchufable,MKL,FOCUS SEGMENT,Standard,SAV,40
2023,11,BMW,X5,Corporate,PHEV,Gasolina/Electrico Enchufable,MKL,FOCUS SEGMENT,Standard,SAV,29
2023,11,BMW,X5,Private,ICE,Gasolina/Electrico Enchufable,MKL,FOCUS SEGMENT,Standard,SAV,13
2023,11,BMW,X5,Private,PHEV,Gasolina/Electrico Enchufable,MKL,FOCUS SEGMENT,Standard,SAV,4
2023,11,BMW,X5,RAC,ICE,Gasolina/Electrico Enchufable,MKL,FOCUS SEGMENT,M,SAV,1
2023,11,BMW,X6,Corporate,ICE,Gasolina Mild Hybrid,MKL,FOCUS SEGMENT,M Performance,SAV,4
2023,11,BMW,X6,Corporate,ICE,Gasolina Mild Hybrid,MKL,FOCUS SEGMENT,Standard,SAV,26
2023,11,BMW,X6,Private,ICE,Gasolina Mild Hybrid,MKL,FOCUS SEGMENT,Standard,SAV,7
2023,11,BMW,X7,Corporate,ICE,Gasolina Mild Hybrid,GKL,FOCUS SEGMENT,M Performance,SAV,1
2023,11,BMW,X7,Corporate,ICE,Gasolina Mild Hybrid,GKL,FOCUS SEGMENT,Standard,SAV,14
2023,11,BMW,X7,Private,ICE,Gasolina Mild Hybrid,GKL,FOCUS SEGMENT,Standard,SAV,1
2023,11,BMW,XM,Corporate,PHEV,Gasolina/Electrico Enchufable,GKL,FOCUS SEGMENT,M,SAV,9
2023,11,BMW,Z4,Corporate,ICE,Gasolina,KKL,FOCUS SEGMENT,Standard,ROADSTER,2
2023,11,BMW,Z4,Private,ICE,Gasolina,KKL,FOCUS SEGMENT,M Performance,ROADSTER,1
2023,11,BMW,Z4,Private,ICE,Gasolina,KKL,FOCUS SEGMENT,Standard,ROADSTER,4
2023,11,BYD,ATTO 3,Corporate,BEV,Electrico,UKL2,REST,Standard,SAV,6
2023,11,BYD,ATTO 3,Private,BEV,Electrico,UKL2,REST,Standard,SAV,59
2023,11,BYD,DOLPHIN,Corporate,BEV,Electrico,UKL1,REST,Standard,HACH 5P,7
2023,11,BYD,DOLPHIN,Private,BEV,Electrico,UKL1,REST,Standard,HACH 5P,59
2023,11,BYD,SEAL,Corporate,BEV,Electrico,KKL,REST,Standard,SEDAN,13
2023,11,BYD,TANG,Corporate,BEV,Electrico,KKL,REST,Standard,SAV,4
2023,11,BYD,TANG,Private,BEV,Electrico,KKL,REST,Standard,SAV,2
2023,11,CADILLAC,ESCALADE,Private,ICE,Gasolina,GKL,FOCUS SEGMENT,Standard,SUV,1
2023,11,CHEVROLET,,Corporate,ICE,Gasolina,,REST,Standard,,3
2023,11,CITROEN,BERLINGO,Corporate,BEV,Electrico,SKL,REST,Standard,TRANSPORTER,46
2023,11,CITROEN,BERLINGO,Corporate,ICE,Electrico,SKL,REST,Standard,TRANSPORTER,53
2023,11,CITROEN,BERLINGO,Private,BEV,Electrico,SKL,REST,Standard,TRANSPORTER,14
2023,11,CITROEN,BERLINGO,Private,ICE,Electrico,SKL,REST,Standard,TRANSPORTER,14
2023,11,CITROEN,BERLINGO,RAC,BEV,Electrico,SKL,REST,Standard,TRANSPORTER,1
2023,11,CITROEN,C3,Corporate,ICE,Gasolina Mild Hybrid,UKL1,REST,Standard,HACH 5P,724
2023,11,CITROEN,C3,Private,ICE,Gasolina Mild Hybrid,UKL1,REST,Standard,HACH 5P,342
2023,11,CITROEN,C3,RAC,ICE,Gasolina Mild Hybrid,UKL1,REST,Standard,HACH 5P,245
2023,11,CITROEN,C3 AIRCROSS,Corporate,ICE,Gasolina Mild Hybrid,UKL2,REST,Standard,SAV,178
2023,11,CITROEN,C3 AIRCROSS,Private,ICE,Gasolina Mild Hybrid,UKL2,REST,Standard,SAV,173
2023,11,CITROEN,C3 AIRCROSS,RAC,ICE,Gasolina Mild Hybrid,UKL2,REST,Standard,SAV,34
2023,11,CITROEN,C4,Corporate,BEV,Gasolina Mild Hybrid,UKL2,REST,Standard,HACH 5P,29
2023,11,CITROEN,C4,Corporate,ICE,Gasolina Mild Hybrid,UKL2,REST,Standard,HACH 5P,317
2023,11,CITROEN,C4,Private,BEV,Gasolina Mild Hybrid,UKL2,REST,Standard,HACH 5P,48
2023,11,CITROEN,C4,Private,ICE,Gasolina Mild Hybrid,UKL2,REST,Standard,HACH 5P,259
2023,11,CITROEN,C4,RAC,BEV,Gasolina Mild Hybrid,UKL2,REST,Standard,HACH 5P,2
2023,11,CITROEN,C4,RAC,ICE,Gasolina Mild Hybrid,UKL2,REST,Standard,HACH 5P,56
2023,11,CITROEN,C4X,Corporate,BEV,Gasolina Mild Hybrid,UKL2,REST,Standard,SEDAN,7
2023,11,CITROEN,C4X,Corporate,ICE,Gasolina Mild Hybrid,UKL2,REST,Standard,SEDAN,86
2023,11,CITROEN,C4X,Private,BEV,Gasolina Mild Hybrid,UKL2,REST,Standard,SEDAN,6
2023,11,CITROEN,C4X,Private,ICE,Gasolina Mild Hybrid,UKL2,REST,Standard,SEDAN,45
2023,11,CITROEN,C4X,RAC,BEV,Gasolina Mild Hybrid,UKL2,REST,Standard,SEDAN,1
2023,11,CITROEN,C4X,RAC,ICE,Gasolina Mild Hybrid,UKL2,REST,Standard,SEDAN,1
2023,11,CITROEN,C5 AIRCROSS,Corporate,ICE,Gasolina/Electrico Enchufable,UKL2,REST,Standard,SAV,76
2023,11,CITROEN,C5 AIRCROSS,Corporate,PHEV,Gasolina/Electrico Enchufable,UKL2,REST,Standard,SAV,31
2023,11,CITROEN,C5 AIRCROSS,Private,ICE,Gasolina/Electrico Enchufable,UKL2,REST,Standard,SAV,127
2023,11,CITROEN,C5 AIRCROSS,Private,PHEV,Gasolina/Electrico Enchufable,UKL2,REST,Standard,SAV,21
2023,11,CITROEN,C5 AIRCROSS,RAC,ICE,Gasolina/Electrico Enchufable,UKL2,REST,Standard,SAV,1
2023,11,CITROEN,C5 AIRCROSS,RAC,PHEV,Gasolina/Electrico Enchufable,UKL2,REST,Standard,SAV,1
2023,11,CITROEN,C5X,Corporate,ICE,Gasolina/Electrico Enchufable,MKL,REST,Standard,SEDAN,5
2023,11,CITROEN,C5X,Corporate,PHEV,Gasolina/Electrico Enchufable,MKL,REST,Standard,SEDAN,66
2023,11,CITROEN,C5X,Private,ICE,Gasolina/Electrico Enchufable,MKL,REST,Standard,SEDAN,26
2023,11,CITROEN,C5X,Private,PHEV,Gasolina/Electrico Enchufable,MKL,REST,Standard,SEDAN,7
2023,11,CITROEN,C5X,RAC,PHEV,Gasolina/Electrico Enchufable,MKL,REST,Standard,SEDAN,1
2023,11,CITROEN,JUMPY,Corporate,BEV,Electrico,SKL,REST,Standard,TRANSPORTER,2
2023,11,CITROEN,JUMPY,Corporate,ICE,Electrico,SKL,REST,Standard,TRANSPORTER,1
2023,11,CITROEN,JUMPY,Private,BEV,Electrico,SKL,REST,Standard,TRANSPORTER,1
2023,11,CITROEN,JUMPY,Private,ICE,Electrico,SKL,REST,Standard,TRANSPORTER,1
2023,11,CITROEN,SPACETOURER,Corporate,BEV,Electrico,SKL,REST,Standard,TRANSPORTER,28
2023,11,CITROEN,SPACETOURER,Corporate,ICE,Electrico,SKL,REST,Standard,TRANSPORTER,1
2023,11,CUPRA,BORN,Corporate,BEV,Electrico,UKL2,REST,Standard,HACH 5P,54
2023,11,CUPRA,BORN,Private,BEV,Electrico,UKL2,REST,Standard,HACH 5P,51
2023,11,CUPRA,BORN,RAC,BEV,Electrico,UKL2,REST,Standard,HACH 5P,21
2023,11,CUPRA,CUPRA ATECA,Corporate,ICE,Gasolina,UKL2,REST,Standard,SAT,22
2023,11,CUPRA,CUPRA ATECA,Private,ICE,Gasolina,UKL2,REST,Standard,SAT,5
2023,11,CUPRA,CUPRA LEON,Corporate,ICE,Gasolina/Electrico Enchufable,UKL2,REST,Standard,HACH 5P,149
2023,11,CUPRA,CUPRA LEON,Corporate,PHEV,Gasolina/Electrico Enchufable,UKL2,REST,Standard,HACH 5P,35
2023,11,CUPRA,CUPRA LEON,Private,ICE,Gasolina/Electrico Enchufable,UKL2,REST,Standard,HACH 5P,93
2023,11,CUPRA,CUPRA LEON,Private,PHEV,Gasolina/Electrico Enchufable,UKL2,REST,Standard,HACH 5P,1
2023,11,CUPRA,CUPRA LEON,RAC,ICE,Gasolina/Electrico Enchufable,UKL2,REST,Standard,HACH 5P,155
2023,11,CUPRA,FORMENTOR,Corporate,ICE,Gasolina/Electrico Enchufable,UKL2,REST,Standard,SAT,205
2023,11,CUPRA,FORMENTOR,Corporate,PHEV,Gasolina/Electrico Enchufable,UKL2,REST,Standard,SAT,67
2023,11,CUPRA,FORMENTOR,Private,ICE,Gasolina/Electrico Enchufable,UKL2,REST,Standard,SAT,190
2023,11,CUPRA,FORMENTOR,Private,PHEV,Gasolina/Electrico Enchufable,UKL2,REST,Standard,SAT,68
2023,11,CUPRA,FORMENTOR,RAC,ICE,Gasolina/Electrico Enchufable,UKL2,REST,Standard,SAT,5
2023,11,CUPRA,TAVASCAN,Corporate,BEV,Electrico,UKL2,REST,Standard,SAV,1
2023,11,DACIA,DUSTER,Corporate,ICE,Gasolina/Electrico,SKL,REST,Standard,PICKUP,304
2023,11,DACIA,DUSTER,Private,ICE,Gasolina/Electrico,SKL,REST,Standard,PICKUP,665
2023,11,DACIA,JOGGER,Corporate,ICE,Gasolina/Electrico,UKL2,REST,Standard,MPV,93
2023,11,DACIA,JOGGER,Private,ICE,Gasolina/Electrico,UKL2,REST,Standard,MPV,608
2023,11,DACIA,JOGGER,RAC,ICE,Gasolina/Electrico,UKL2,REST,Standard,MPV,11
2023,11,DACIA,SANDERO,Corporate,ICE,Gasolina,UKL1,REST,Standard,HACH 5P,310
2023,11,DACIA,SANDERO,Private,ICE,Gasolina,UKL1,REST,Standard,HACH 5P,2633
2023,11,DACIA,SANDERO,RAC,ICE,Gasolina,UKL1,REST,Standard,HACH 5P,19
2023,11,DACIA,SPRING,Corporate,BEV,Electrico,UKL0,REST,Standard,SAV,91
2023,11,DACIA,SPRING,Private,BEV,Electrico,UKL0,REST,Standard,SAV,80
2023,11,DFSK,580,Private,ICE,Gasolina,UKL2,REST,Standard,SUV,2
2023,11,DFSK,580,RAC,ICE,Gasolina,UKL2,REST,Standard,SUV,1
2023,11,DFSK,FENGON,Corporate,ICE,Gasolina,,,Standard,,6
2023,11,DFSK,FENGON,Private,ICE,Gas Licuado con petroleo (GLP),,,Standard,,1
2023,11,DFSK,FENGON,Private,ICE,Gasolina,,,Standard,,7
2023,11,DFSK,FENGON,RAC,ICE,Gasolina,,,Standard,,29
2023,11,DFSK,IX5,Corporate,ICE,Gasolina,KKL,REST,Standard,SAV,1
2023,11,DFSK,IX5,Private,ICE,Gasolina,KKL,REST,Standard,SAV,1
2023,11,DODGE,,Corporate,ICE,Gasolina,,REST,Standard,,1
2023,11,DR,,Private,BEV,Electrico,,REST,Standard,,1
2023,11,DR,DR3.0,Private,ICE,Gas Licuado con petroleo (GLP),,,Standard,,1
2023,11,DR,EVO,Corporate,ICE,Gas Licuado con petroleo (GLP),,,Standard,,1
2023,11,DR,EVO,Corporate,ICE,Gasolina,,,Standard,,2
2023,11,DR,EVO,Private,ICE,Gas Licuado con petroleo (GLP),,,Standard,,6
2023,11,DR,EVO,Private,ICE,Gasolina,,,Standard,,5
2023,11,DR,EVO,RAC,ICE,Gasolina,,,Standard,,8
2023,11,DR,EVO4,Corporate,ICE,Gas Licuado con petroleo (GLP),,,Standard,,2
2023,11,DR,EVO4,Private,ICE,Gas Licuado con petroleo (GLP),,,Standard,,7
2023,11,DR,EVO4,Private,ICE,Gasolina,,,Standard,,2
2023,11,DR,EVO4,RAC,ICE,Gasolina,,,Standard,,3
2023,11,DR,EVO7,Corporate,ICE,Gasolina,,,Standard,,4
2023,11,DS,DS3 CROSSBACK,Corporate,BEV,Gasolina Mild Hybrid,UKL1,REST,Standard,HACH 3P,1
2023,11,DS,DS3 CROSSBACK,Corporate,ICE,Gasolina Mild Hybrid,UKL1,REST,Standard,HACH 3P,1
2023,11,DS,DS3 CROSSBACK,Private,BEV,Gasolina Mild Hybrid,UKL1,REST,Standard,HACH 3P,1
2023,11,DS,DS3 CROSSBACK,Private,ICE,Gasolina Mild Hybrid,UKL1,REST,Standard,HACH 3P,5
2023,11,DS,DS3 CROSSBACK,RAC,ICE,Gasolina Mild Hybrid,UKL1,REST,Standard,HACH 3P,26
2023,11,DS,DS4,Corporate,ICE,Gasolina/Electrico Enchufable,UKL2,REST,Standard,HACH 5P,26
2023,11,DS,DS4,Corporate,PHEV,Gasolina/Electrico Enchufable,UKL2,REST,Standard,HACH 5P,10
2023,11,DS,DS4,Private,ICE,Gasolina/Electrico Enchufable,UKL2,REST,Standard,HACH 5P,8
2023,11,DS,DS4,Private,PHEV,Gasolina/Electrico Enchufable,UKL2,REST,Standard,HACH 5P,16
2023,11,DS,DS4,RAC,PHEV,Gasolina/Electrico Enchufable,UKL2,REST,Standard,HACH 5P,5
2023,11,DS,DS7 CROSSBACK,Corporate,ICE,Gasolina/Electrico Enchufable,UKL2,REST,Standard,SAV,106
2023,11,DS,DS7 CROSSBACK,Corporate,PHEV,Gasolina/Electrico Enchufable,UKL2,REST,Standard,SAV,50
2023,11,DS,DS7 CROSSBACK,Private,ICE,Gasolina/Electrico Enchufable,UKL2,REST,Standard,SAV,12
2023,11,DS,DS7 CROSSBACK,Private,PHEV,Gasolina/Electrico Enchufable,UKL2,REST,Standard,SAV,21
2023,11,DS,DS7 CROSSBACK,RAC,ICE,Gasolina/Electrico Enchufable,UKL2,REST,Standard,SAV,39
2023,11,DS,DS7 CROSSBACK,RAC,PHEV,Gasolina/Electrico Enchufable,UKL2,REST,Standard,SAV,5
2023,11,DS,DS9,Corporate,PHEV,Gasolina,KKL,REST,Standard,SEDAN,3
2023,11,FERRARI,296,Corporate,PHEV,Gasolina/Electrico Enchufable,GKL+,FOCUS SEGMENT,Standard,COUPE,2
2023,11,FERRARI,PUROSANGUE,Private,ICE,Gasolina,GKL+,FOCUS SEGMENT,Standard,SAV,1
2023,11,FIAT,,Corporate,ICE,Gasolina,,REST,Standard,,4
2023,11,FIAT,,Private,ICE,Gasolina,,REST,Standard,,5
2023,11,FIAT,,RAC,ICE,Gasolina,,REST,Standard,,11
2023,11,FIAT,500,Corporate,BEV,Gasolina Mild Hybrid,UKL0,REST,Standard,HACH 3P,69
2023,11,FIAT,500,Corporate,ICE,Gasolina Mild Hybrid,UKL0,REST,Standard,HACH 3P,298
2023,11,FIAT,500,Private,BEV,Gasolina Mild Hybrid,UKL0,REST,Standard,HACH 3P,19
2023,11,FIAT,500,Private,ICE,Gasolina Mild Hybrid,UKL0,REST,Standard,HACH 3P,118
2023,11,FIAT,500,RAC,BEV,Gasolina Mild Hybrid,UKL0,REST,Standard,HACH 3P,1
2023,11,FIAT,500,RAC,ICE,Gasolina Mild Hybrid,UKL0,REST,Standard,HACH 3P,206
2023,11,FIAT,500X,Corporate,ICE,Gasolina,,,Standard,,2
2023,11,FIAT,500X,Private,ICE,Gasolina,,,Standard,,21
2023,11,FIAT,PANDA,Corporate,ICE,Gasolina Mild Hybrid,UKL0,REST,Standard,HACH 5P,285
2023,11,FIAT,PANDA,Private,ICE,Gasolina Mild Hybrid,UKL0,REST,Standard,HACH 5P,104
2023,11,FIAT,PANDA,RAC,ICE,Gasolina Mild Hybrid,UKL0,REST,Standard,HACH 5P,34
2023,11,FIAT,TIPO,Corporate,ICE,Diesel,UKL2,REST,Standard,HACH 5P,1
2023,11,FIAT,TIPO,Private,ICE,Diesel,UKL2,REST,Standard,HACH 5P,3
2023,11,FORD,,Corporate,ICE,Gasolina,,REST,Standard,,1
2023,11,FORD,,Private,ICE,Gasolina,,REST,Standard,,1
2023,11,FORD,BRONCO,Corporate,ICE,Gasolina,MKL,REST,Standard,SUV,4
2023,11,FORD,BRONCO,Private,ICE,Gasolina,MKL,REST,Standard,SUV,0
2023,11,FORD,ECOSPORT,Private,ICE,Gasolina,UKL1,REST,Standard,SAV,4
2023,11,FORD,EXPLORER,Corporate,PHEV,Gasolina/Electrico Enchufable,SKL,REST,Standard,PICKUP,7
2023,11,FORD,EXPLORER,Private,PHEV,Gasolina/Electrico Enchufable,SKL,REST,Standard,PICKUP,2
2023,11,FORD,FIESTA,Corporate,ICE,Gasolina Mild Hybrid,UKL1,REST,Standard,HACH 5P,32
2023,11,FORD,FIESTA,Private,ICE,Gasolina Mild Hybrid,UKL1,REST,Standard,HACH 5P,22
2023,11,FORD,FOCUS,Corporate,ICE,Gasolina Mild Hybrid,UKL2,REST,Standard,HACH 5P,230
2023,11,FORD,FOCUS,Private,ICE,Gasolina Mild Hybrid,UKL2,REST,Standard,HACH 5P,212
2023,11,FORD,FOCUS,RAC,ICE,Gasolina Mild Hybrid,UKL2,REST,Standard,HACH 5P,1
2023,11,FORD,KUGA,Corporate,ICE,Gasolina/Electrico Enchufable,UKL2,REST,Standard,SAV,220
2023,11,FORD,KUGA,Corporate,PHEV,Gasolina/Electrico Enchufable,UKL2,REST,Standard,SAV,100
2023,11,FORD,KUGA,Private,ICE,Gasolina/Electrico Enchufable,UKL2,REST,Standard,SAV,193
2023,11,FORD,KUGA,Private,PHEV,Gasolina/Electrico Enchufable,UKL2,REST,Standard,SAV,156
2023,11,FORD,KUGA,RAC,ICE,Gasolina/Electrico Enchufable,UKL2,REST,Standard,SAV,1
2023,11,FORD,KUGA,RAC,PHEV,Gasolina/Electrico Enchufable,UKL2,REST,Standard,SAV,16
2023,11,FORD,MUSTANG,Corporate,ICE,Gasolina,MKL,REST,Standard,CABRIO,9
2023,11,FORD,MUSTANG,Private,ICE,Gasolina,MKL,REST,Standard,CABRIO,4
2023,11,FORD,MUSTANG MACH-E,Corporate,BEV,Electrico,KKL,REST,Standard,SAV,39
2023,11,FORD,MUSTANG MACH-E,Private,BEV,Electrico,KKL,REST,Standard,SAV,27
2023,11,FORD,MUSTANG MACH-E,RAC,BEV,Electrico,KKL,REST,Standard,SAV,51
2023,11,FORD,PUMA,Corporate,ICE,Gasolina Mild Hybrid,UKL1,REST,Standard,SAV,251
2023,11,FORD,PUMA,Private,ICE,Gasolina Mild Hybrid,UKL1,REST,Standard,SAV,515
2023,11,FORD,PUMA,RAC,ICE,Gasolina Mild Hybrid,UKL1,REST,Standard,SAV,6
2023,11,FORD,TOURNEO,Corporate,ICE,Gasolina/Electrico Enchufable,SKL,REST,Standard,TRANSPORTER,39
2023,11,FORD,TOURNEO,Private,ICE,Gasolina/Electrico Enchufable,SKL,REST,Standard,TRANSPORTER,51
2023,11,FORD,TOURNEO,RAC,ICE,Gasolina/Electrico Enchufable,SKL,REST,Standard,TRANSPORTER,1
2023,11,FORD,TRANSIT,Corporate,ICE,Electrico,SKL,REST,Standard,TRANSPORTER,6
2023,11,FORD,TRANSIT CUSTOM,Corporate,ICE,Gasolina/Electrico Enchufable,SKL,REST,Standard,TRANSPORTER,8
2023,11,FORD,TRANSIT CUSTOM,Private,ICE,Gasolina/Electrico Enchufable,SKL,REST,Standard,TRANSPORTER,18
2023,11,FORD,TRANSIT CUSTOM,RAC,ICE,Gasolina/Electrico Enchufable,SKL,REST,Standard,TRANSPORTER,6
2023,11,GMC,,Corporate,ICE,Gasolina,,REST,Standard,,1
2023,11,HONDA,,Corporate,ICE,Gasolina,,REST,Standard,,2
2023,11,HONDA,CIVIC,Corporate,ICE,Gasolina/Electrico,UKL2,REST,Standard,HACH 5P,7
2023,11,HONDA,CIVIC,Private,ICE,Gasolina/Electrico,UKL2,REST,Standard,HACH 5P,37
2023,11,HONDA,CR-V,Corporate,ICE,Gasolina/Electrico Enchufable,KKL,REST,Standard,SAV,1
2023,11,HONDA,CR-V,Corporate,PHEV,Gasolina/Electrico Enchufable,KKL,REST,Standard,SAV,2
2023,11,HONDA,CR-V,Private,ICE,Gasolina/Electrico Enchufable,KKL,REST,Standard,SAV,6
2023,11,HONDA,CR-V,Private,PHEV,Gasolina/Electrico Enchufable,KKL,REST,Standard,SAV,2
2023,11,HONDA,E,Corporate,BEV,Electrico,UKL1,REST,Standard,HACH 5P,1
2023,11,HONDA,E,Private,BEV,Electrico,UKL1,REST,Standard,HACH 5P,4
2023,11,HONDA,HR-V,Corporate,ICE,Gasolina/Electrico,UKL1,REST,Standard,SAV,61
2023,11,HONDA,HR-V,Private,ICE,Gasolina/Electrico,UKL1,REST,Standard,SAV,96
2023,11,HONDA,JAZZ,Corporate,ICE,Gasolina/Electrico,UKL1,REST,Standard,HACH 5P,1
2023,11,HONDA,JAZZ,Private,ICE,Gasolina/Electrico,UKL1,REST,Standard,HACH 5P,12
2023,11,HONDA,ZR-V,Corporate,ICE,Gasolina/Electrico,UKL2,REST,Standard,SAV,12
2023,11,HONDA,ZR-V,Private,ICE,Gasolina/Electrico,UKL2,REST,Standard,SAV,31
2023,11,HYUNDAI,,Corporate,ICE,Gasolina,,REST,Standard,,2
2023,11,HYUNDAI,BAYON,Corporate,ICE,Gasolina Mild Hybrid,UKL1,REST,Standard,SAV,62
2023,11,HYUNDAI,BAYON,Private,ICE,Gasolina Mild Hybrid,UKL1,REST,Standard,SAV,335
2023,11,HYUNDAI,BAYON,RAC,ICE,Gasolina Mild Hybrid,UKL1,REST,Standard,SAV,232
2023,11,HYUNDAI,I10,Corporate,ICE,Gasolina,UKL0,REST,Standard,HACH 5P,82
2023,11,HYUNDAI,I10,Private,ICE,Gasolina,UKL0,REST,Standard,HACH 5P,293
2023,11,HYUNDAI,I10,RAC,ICE,Gasolina,UKL0,REST,Standard,HACH 5P,31
2023,11,HYUNDAI,I20,Corporate,ICE,Gasolina Mild Hybrid,UKL1,REST,Standard,HACH 5P,158
2023,11,HYUNDAI,I20,Private,ICE,Gasolina Mild Hybrid,UKL1,REST,Standard,HACH 5P,691
2023,11,HYUNDAI,I20,RAC,ICE,Gasolina Mild Hybrid,UKL1,REST,Standard,HACH 5P,27
2023,11,HYUNDAI,I30,Corporate,ICE,Gasolina Mild Hybrid,UKL2,REST,Standard,HACH 5P,88
2023,11,HYUNDAI,I30,Private,ICE,Gasolina Mild Hybrid,UKL2,REST,Standard,HACH 5P,315
2023,11,HYUNDAI,I30,RAC,ICE,Gasolina Mild Hybrid,UKL2,REST,Standard,HACH 5P,6
2023,11,HYUNDAI,IONIQ 5,Corporate,BEV,Electrico,UKL2,REST,Standard,SAV,12
2023,11,HYUNDAI,IONIQ 5,Private,BEV,Electrico,UKL2,REST,Standard,SAV,17
2023,11,HYUNDAI,IONIQ 6,Corporate,BEV,Electrico,KKL,REST,Standard,SEDAN,2
2023,11,HYUNDAI,IONIQ 6,Private,BEV,Electrico,KKL,REST,Standard,SEDAN,2
2023,11,HYUNDAI,KONA,Corporate,BEV,Gasolina/Electrico,UKL1,REST,Standard,SAV,27
2023,11,HYUNDAI,KONA,Corporate,ICE,Gasolina/Electrico,UKL1,REST,Standard,SAV,176
2023,11,HYUNDAI,KONA,Private,BEV,Gasolina/Electrico,UKL1,REST,Standard,SAV,52
2023,11,HYUNDAI,KONA,Private,ICE,Gasolina/Electrico,UKL1,REST,Standard,SAV,773
2023,11,HYUNDAI,SANTA FE,Corporate,ICE,Gasolina/Electrico Enchufable,MKL,REST,Standard,SAV,15
2023,11,HYUNDAI,SANTA FE,Corporate,PHEV,Gasolina/Electrico Enchufable,MKL,REST,Standard,SAV,7
2023,11,HYUNDAI,SANTA FE,Private,ICE,Gasolina/Electrico Enchufable,MKL,REST,Standard,SAV,19
2023,11,HYUNDAI,SANTA FE,Private,PHEV,Gasolina/Electrico Enchufable,MKL,REST,Standard,SAV,8
2023,11,HYUNDAI,STARIA,Corporate,ICE,Gasolina/Electrico,MKL,REST,Standard,MPV,5
2023,11,HYUNDAI,STARIA,Private,ICE,Gasolina/Electrico,MKL,REST,Standard,MPV,4
2023,11,HYUNDAI,STARIA,RAC,ICE,Gasolina/Electrico,MKL,REST,Standard,MPV,5
2023,11,HYUNDAI,TUCSON,Corporate,ICE,Gasolina/Electrico Enchufable,UKL2,REST,Standard,SAV,405
2023,11,HYUNDAI,TUCSON,Corporate,PHEV,Gasolina/Electrico Enchufable,UKL2,REST,Standard,SAV,136
2023,11,HYUNDAI,TUCSON,Private,ICE,Gasolina/Electrico Enchufable,UKL2,REST,Standard,SAV,1073
2023,11,HYUNDAI,TUCSON,Private,PHEV,Gasolina/Electrico Enchufable,UKL2,REST,Standard,SAV,178
2023,11,HYUNDAI,TUCSON,RAC,ICE,Gasolina/Electrico Enchufable,UKL2,REST,Standard,SAV,143
2023,11,INEOS,GRENADIER,Corporate,ICE,Gasolina,MKL,REST,Standard,PICKUP,4
2023,11,INEOS,GRENADIER,Private,ICE,Gasolina,MKL,REST,Standard,PICKUP,3
2023,11,INEOS,GRENADIER,RAC,ICE,Gasolina,MKL,REST,Standard,PICKUP,1
2023,11,INFINITI,,Private,ICE,Diesel,,REST,Standard,,1
2023,11,IVECO,DAILY,Corporate,ICE,Gas natural comprimido (GNC),SKL,REST,Standard,TRANSPORTER,1
2023,11,JAGUAR,,Corporate,ICE,Gasolina,,REST,Standard,,1
2023,11,JAGUAR,,Private,ICE,Gasolina,,REST,Standard,,1
2023,11,JAGUAR,E-PACE,Corporate,ICE,Diesel,UKL2,FOCUS SEGMENT,Standard,SAV,8
2023,11,JAGUAR,E-PACE,Corporate,PHEV,Diesel,UKL2,FOCUS SEGMENT,Standard,SAV,4
2023,11,JAGUAR,E-PACE,Private,ICE,Diesel,UKL2,FOCUS SEGMENT,Standard,SAV,5
2023,11,JAGUAR,E-PACE,Private,PHEV,Diesel,UKL2,FOCUS SEGMENT,Standard,SAV,2
2023,11,JAGUAR,E-PACE,RAC,ICE,Diesel,UKL2,FOCUS SEGMENT,Standard,SAV,1
2023,11,JAGUAR,F-PACE,Corporate,ICE,Diesel Mild Hybrid,KKL,FOCUS SEGMENT,Standard,SAV,5
2023,11,JAGUAR,F-PACE,Corporate,PHEV,Diesel Mild Hybrid,KKL,FOCUS SEGMENT,Standard,SAV,4
2023,11,JAGUAR,F-PACE,Private,ICE,Diesel Mild Hybrid,KKL,FOCUS SEGMENT,Standard,SAV,2
2023,11,JAGUAR,F-PACE,RAC,ICE,Diesel Mild Hybrid,KKL,FOCUS SEGMENT,Standard,SAV,2
2023,11,JAGUAR,F-TYPE,Corporate,ICE,Gasolina,MKL,FOCUS SEGMENT,Standard,COUPE,4
2023,11,JEEP,AVENGER,Corporate,BEV,Gasolina Mild Hybrid,UKL1,REST,Standard,SAV,26
2023,11,JEEP,AVENGER,Corporate,ICE,Gasolina Mild Hybrid,UKL1,REST,Standard,SAV,377
2023,11,JEEP,AVENGER,Private,BEV,Gasolina Mild Hybrid,UKL1,REST,Standard,SAV,12
2023,11,JEEP,AVENGER,Private,ICE,Gasolina Mild Hybrid,UKL1,REST,Standard,SAV,172
2023,11,JEEP,AVENGER,RAC,ICE,Gasolina Mild Hybrid,UKL1,REST,Standard,SAV,260
2023,11,JEEP,COMPASS,Corporate,ICE,Gasolina/Electrico Enchufable,UKL2,REST,Standard,SAV,42
2023,11,JEEP,COMPASS,Corporate,PHEV,Gasolina/Electrico Enchufable,UKL2,REST,Standard,SAV,44
2023,11,JEEP,COMPASS,Private,ICE,Gasolina/Electrico Enchufable,UKL2,REST,Standard,SAV,13
2023,11,JEEP,COMPASS,Private,PHEV,Gasolina/Electrico Enchufable,UKL2,REST,Standard,SAV,22
2023,11,JEEP,COMPASS,RAC,PHEV,Gasolina/Electrico Enchufable,UKL2,REST,Standard,SAV,10
2023,11,JEEP,GRAND CHEROKEE,Corporate,PHEV,Gasolina/Electrico Enchufable,MKL,REST,Standard,SUV,5
2023,11,JEEP,GRAND CHEROKEE,Private,PHEV,Gasolina/Electrico Enchufable,MKL,REST,Standard,SUV,1
2023,11,JEEP,RENEGADE,Corporate,ICE,Gasolina/Electrico Enchufable,UKL1,REST,Standard,SAV,76
2023,11,JEEP,RENEGADE,Corporate,PHEV,Gasolina/Electrico Enchufable,UKL1,REST,Standard,SAV,51
2023,11,JEEP,RENEGADE,Private,ICE,Gasolina/Electrico Enchufable,UKL1,REST,Standard,SAV,57
2023,11,JEEP,RENEGADE,Private,PHEV,Gasolina/Electrico Enchufable,UKL1,REST,Standard,SAV,9
2023,11,JEEP,RENEGADE,RAC,ICE,Gasolina/Electrico Enchufable,UKL1,REST,Standard,SAV,11
2023,11,JEEP,WRANGLER,Corporate,ICE,Gasolina/Electrico Enchufable,UKL2,REST,Standard,SUV,2
2023,11,JEEP,WRANGLER,Corporate,PHEV,Gasolina/Electrico Enchufable,UKL2,REST,Standard,SUV,1
2023,11,JEEP,WRANGLER,Private,PHEV,Gasolina/Electrico Enchufable,UKL2,REST,Standard,SUV,2
2023,11,KIA,,Corporate,ICE,Gasolina,,REST,Standard,,2
2023,11,KIA,,Private,ICE,Gasolina,,REST,Standard,,2
2023,11,KIA,CEED,Corporate,ICE,Gasolina Mild Hybrid,UKL2,REST,Standard,HACH 5P,270
2023,11,KIA,CEED,Corporate,PHEV,Gasolina Mild Hybrid,UKL2,REST,Standard,HACH 5P,11
2023,11,KIA,CEED,Private,ICE,Gasolina Mild Hybrid,UKL2,REST,Standard,HACH 5P,305
2023,11,KIA,CEED,Private,PHEV,Gasolina Mild Hybrid,UKL2,REST,Standard,HACH 5P,19
2023,11,KIA,CEED,RAC,ICE,Gasolina Mild Hybrid,UKL2,REST,Standard,HACH 5P,1
2023,11,KIA,EV6,Corporate,BEV,Electrico,KKL,REST,Standard,SAV,39
2023,11,KIA,EV6,Private,BEV,Electrico,KKL,REST,Standard,SAV,166
2023,11,KIA,EV9,Corporate,BEV,Electrico,MKL,REST,Standard,MPV,27
2023,11,KIA,EV9,Private,BEV,Electrico,MKL,REST,Standard,MPV,6
2023,11,KIA,NIRO,Corporate,BEV,Gasolina/Electrico Enchufable,UKL2,REST,Standard,SAV,16
2023,11,KIA,NIRO,Corporate,ICE,Gasolina/Electrico Enchufable,UKL2,REST,Standard,SAV,150
2023,11,KIA,NIRO,Corporate,PHEV,Gasolina/Electrico Enchufable,UKL2,REST,Standard,SAV,57
2023,11,KIA,NIRO,Private,BEV,Gasolina/Electrico Enchufable,UKL2,REST,Standard,SAV,142
2023,11,KIA,NIRO,Private,ICE,Gasolina/Electrico Enchufable,UKL2,REST,Standard,SAV,460
2023,11,KIA,NIRO,Private,PHEV,Gasolina/Electrico Enchufable,UKL2,REST,Standard,SAV,75
2023,11,KIA,PICANTO,Corporate,ICE,Gasolina,UKL0,REST,Standard,HACH 5P,49
2023,11,KIA,PICANTO,Private,ICE,Gasolina,UKL0,REST,Standard,HACH 5P,121
2023,11,KIA,PICANTO,RAC,ICE,Gasolina,UKL0,REST,Standard,HACH 5P,25
2023,11,KIA,PROCEED,Corporate,ICE,Gasolina,,,Standard,,1
2023,11,KIA,PROCEED,Private,ICE,Gasolina,,,Standard,,8
2023,11,KIA,RIO,Corporate,ICE,Gasolina,UKL1,REST,Standard,HACH 5P,6
2023,11,KIA,RIO,Private,ICE,Gasolina,UKL1,REST,Standard,HACH 5P,85
2023,11,KIA,RIO,RAC,ICE,Gasolina,UKL1,REST,Standard,HACH 5P,173
2023,11,KIA,SORENTO,Corporate,ICE,Gasolina/Electrico Enchufable,KKL,REST,Standard,SAV,24
2023,11,KIA,SORENTO,Corporate,PHEV,Gasolina/Electrico Enchufable,KKL,REST,Standard,SAV,48
2023,11,KIA,SORENTO,Private,ICE,Gasolina/Electrico Enchufable,KKL,REST,Standard,SAV,55
2023,11,KIA,SORENTO,Private,PHEV,Gasolina/Electrico Enchufable,KKL,REST,Standard,SAV,30
2023,11,KIA,SORENTO,RAC,ICE,Gasolina/Electrico Enchufable,KKL,REST,Standard,SAV,50
2023,11,KIA,SPORTAGE,Corporate,ICE,Gasolina/Electrico Enchufable,UKL2,REST,Standard,SAV,293
2023,11,KIA,SPORTAGE,Corporate,PHEV,Gasolina/Electrico Enchufable,UKL2,REST,Standard,SAV,67
2023,11,KIA,SPORTAGE,Private,ICE,Gasolina/Electrico Enchufable,UKL2,REST,Standard,SAV,963
2023,11,KIA,SPORTAGE,Private,PHEV,Gasolina/Electrico Enchufable,UKL2,REST,Standard,SAV,154
2023,11,KIA,SPORTAGE,RAC,ICE,Gasolina/Electrico Enchufable,UKL2,REST,Standard,SAV,1
2023,11,KIA,STONIC,Corporate,ICE,Gasolina Mild Hybrid,UKL1,REST,Standard,SAV,318
2023,11,KIA,STONIC,Private,ICE,Gasolina Mild Hybrid,UKL1,REST,Standard,SAV,806
2023,11,KIA,STONIC,RAC,ICE,Gasolina Mild Hybrid,UKL1,REST,Standard,SAV,74
2023,11,KIA,XCEED,Corporate,ICE,Gasolina Mild Hybrid,UKL2,REST,Standard,HACH 5P,73
2023,11,KIA,XCEED,Corporate,PHEV,Gasolina Mild Hybrid,UKL2,REST,Standard,HACH 5P,90
2023,11,KIA,XCEED,Private,ICE,Gasolina Mild Hybrid,UKL2,REST,Standard,HACH 5P,441
2023,11,KIA,XCEED,Private,PHEV,Gasolina Mild Hybrid,UKL2,REST,Standard,HACH 5P,62
2023,11,KIA,XCEED,RAC,ICE,Gasolina Mild Hybrid,UKL2,REST,Standard,HACH 5P,2
2023,11,LAMBORGHINI,URUS,Corporate,ICE,Gasolina/Electrico Enchufable,GKL+,FOCUS SEGMENT,Standard,SAV,2
2023,11,LAMBORGHINI,URUS,Private,ICE,Gasolina/Electrico Enchufable,GKL+,FOCUS SEGMENT,Standard,SAV,1
2023,11,LAND ROVER,DEFENDER,Corporate,ICE,Gasolina/Electrico Enchufable,MKL,FOCUS SEGMENT,Standard,SUV,32
2023,11,LAND ROVER,DEFENDER,Corporate,PHEV,Gasolina/Electrico Enchufable,MKL,FOCUS SEGMENT,Standard,SUV,10
2023,11,LAND ROVER,DEFENDER,Private,BEV,Gasolina/Electrico Enchufable,MKL,FOCUS SEGMENT,Standard,SUV,1
2023,11,LAND ROVER,DEFENDER,Private,ICE,Gasolina/Electrico Enchufable,MKL,FOCUS SEGMENT,Standard,SUV,10
2023,11,LAND ROVER,DEFENDER,Private,PHEV,Gasolina/Electrico Enchufable,MKL,FOCUS SEGMENT,Standard,SUV,7
2023,11,LAND ROVER,DEFENDER,RAC,ICE,Gasolina/Electrico Enchufable,MKL,FOCUS SEGMENT,Standard,SUV,1
2023,11,LAND ROVER,DISCOVERY,Corporate,ICE,Gasolina/Electrico Enchufable,MKL,FOCUS SEGMENT,Standard,SUV,9
2023,11,LAND ROVER,DISCOVERY,Corporate,PHEV,Gasolina/Electrico Enchufable,MKL,FOCUS SEGMENT,Standard,SUV,6
2023,11,LAND ROVER,DISCOVERY,Private,ICE,Gasolina/Electrico Enchufable,MKL,FOCUS SEGMENT,Standard,SUV,3
2023,11,LAND ROVER,DISCOVERY,Private,PHEV,Gasolina/Electrico Enchufable,MKL,FOCUS SEGMENT,Standard,SUV,1
2023,11,LAND ROVER,RANGE ROVER,Corporate,ICE,Gasolina/Electrico Enchufable,GKL,FOCUS SEGMENT,Standard,SAV,18
2023,11,LAND ROVER,RANGE ROVER,Corporate,PHEV,Gasolina/Electrico Enchufable,GKL,FOCUS SEGMENT,Standard,SAV,8
2023,11,LAND ROVER,RANGE ROVER,Private,ICE,Gasolina/Electrico Enchufable,GKL,FOCUS SEGMENT,Standard,SAV,4
2023,11,LAND ROVER,RANGE ROVER,Private,PHEV,Gasolina/Electrico Enchufable,GKL,FOCUS SEGMENT,Standard,SAV,3
2023,11,LAND ROVER,RANGE ROVER EVOQUE,Corporate,ICE,Gasolina/Electrico Enchufable,UKL2,FOCUS SEGMENT,Standard,SAV,15
2023,11,LAND ROVER,RANGE ROVER EVOQUE,Corporate,PHEV,Gasolina/Electrico Enchufable,UKL2,FOCUS SEGMENT,Standard,SAV,16
2023,11,LAND ROVER,RANGE ROVER EVOQUE,Private,ICE,Gasolina/Electrico Enchufable,UKL2,FOCUS SEGMENT,Standard,SAV,12
2023,11,LAND ROVER,RANGE ROVER EVOQUE,Private,PHEV,Gasolina/Electrico Enchufable,UKL2,FOCUS SEGMENT,Standard,SAV,7
2023,11,LAND ROVER,RANGE ROVER EVOQUE,RAC,ICE,Gasolina/Electrico Enchufable,UKL2,FOCUS SEGMENT,Standard,SAV,1
2023,11,LAND ROVER,RANGE ROVER EVOQUE,RAC,PHEV,Gasolina/Electrico Enchufable,UKL2,FOCUS SEGMENT,Standard,SAV,10
2023,11,LAND ROVER,RANGE ROVER SPORT,Corporate,ICE,Gasolina/Electrico Enchufable,MKL,FOCUS SEGMENT,Standard,SAV,28
2023,11,LAND ROVER,RANGE ROVER SPORT,Corporate,PHEV,Gasolina/Electrico Enchufable,MKL,FOCUS SEGMENT,Standard,SAV,33
2023,11,LAND ROVER,RANGE ROVER SPORT,Private,ICE,Gasolina/Electrico Enchufable,MKL,FOCUS SEGMENT,Standard,SAV,6
2023,11,LAND ROVER,RANGE ROVER SPORT,Private,PHEV,Gasolina/Electrico Enchufable,MKL,FOCUS SEGMENT,Standard,SAV,6
2023,11,LAND ROVER,RANGE ROVER VELAR,Corporate,ICE,Gasolina/Electrico Enchufable,MKL,FOCUS SEGMENT,Standard,SAV,18
2023,11,LAND ROVER,RANGE ROVER VELAR,Corporate,PHEV,Gasolina/Electrico Enchufable,MKL,FOCUS SEGMENT,Standard,SAV,16
2023,11,LAND ROVER,RANGE ROVER VELAR,Private,ICE,Gasolina/Electrico Enchufable,MKL,FOCUS SEGMENT,Standard,SAV,5
2023,11,LAND ROVER,RANGE ROVER VELAR,Private,PHEV,Gasolina/Electrico Enchufable,MKL,FOCUS SEGMENT,Standard,SAV,6
2023,11,LEXUS,ES,Corporate,ICE,Gasolina/Electrico,MKL,FOCUS SEGMENT,Standard,SEDAN,15
2023,11,LEXUS,ES,Private,ICE,Gasolina/Electrico,MKL,FOCUS SEGMENT,Standard,SEDAN,15
2023,11,LEXUS,LM,Corporate,ICE,Gasolina/Electrico,MKL,REST,Standard,MPV,2
2023,11,LEXUS,NX,Corporate,ICE,Gasolina/Electrico Enchufable,KKL,FOCUS SEGMENT,Standard,SAV,97
2023,11,LEXUS,NX,Corporate,PHEV,Gasolina/Electrico Enchufable,KKL,FOCUS SEGMENT,Standard,SAV,28
2023,11,LEXUS,NX,Private,ICE,Gasolina/Electrico Enchufable,KKL,FOCUS SEGMENT,Standard,SAV,101
2023,11,LEXUS,NX,Private,PHEV,Gasolina/Electrico Enchufable,KKL,FOCUS SEGMENT,Standard,SAV,16
2023,11,LEXUS,NX,RAC,PHEV,Gasolina/Electrico Enchufable,KKL,FOCUS SEGMENT,Standard,SAV,1
2023,11,LEXUS,RX,Corporate,ICE,Gasolina/Electrico Enchufable,MKL,FOCUS SEGMENT,Standard,SAV,13
2023,11,LEXUS,RX,Corporate,PHEV,Gasolina/Electrico Enchufable,MKL,FOCUS SEGMENT,Standard,SAV,23
2023,11,LEXUS,RX,Private,ICE,Gasolina/Electrico Enchufable,MKL,FOCUS SEGMENT,Standard,SAV,3
2023,11,LEXUS,RX,Private,PHEV,Gasolina/Electrico Enchufable,MKL,FOCUS SEGMENT,Standard,SAV,6
2023,11,LEXUS,RZ,Corporate,BEV,Electrico,KKL,FOCUS SEGMENT,Standard,SAT,1
2023,11,LEXUS,RZ,Private,BEV,Electrico,KKL,FOCUS SEGMENT,Standard,SAT,1
2023,11,LEXUS,UX,Corporate,BEV,Gasolina/Electrico,UKL2,FOCUS SEGMENT,Standard,SAV,1
2023,11,LEXUS,UX,Corporate,ICE,Gasolina/Electrico,UKL2,FOCUS SEGMENT,Standard,SAV,81
2023,11,LEXUS,UX,Private,ICE,Gasolina/Electrico,UKL2,FOCUS SEGMENT,Standard,SAV,125
2023,11,LEXUS,UX,RAC,BEV,Gasolina/Electrico,UKL2,FOCUS SEGMENT,Standard,SAV,3
2023,11,LEXUS,UX,RAC,ICE,Gasolina/Electrico,UKL2,FOCUS SEGMENT,Standard,SAV,2
2023,11,LYNK & CO,LYNK&CO 01,Corporate,PHEV,Gasolina/Electrico Enchufable,UKL2,REST,Standard,SAV,26
2023,11,LYNK & CO,LYNK&CO 01,Private,PHEV,Gasolina/Electrico Enchufable,UKL2,REST,Standard,SAV,2
2023,11,LYNK & CO,LYNK&CO 01,RAC,PHEV,Gasolina/Electrico Enchufable,UKL2,REST,Standard,SAV,70
2023,11,MASERATI,GRANTURISMO,Private,ICE,Gasolina,GKL,FOCUS SEGMENT,Standard,COUPE,1
2023,11,MASERATI,GRECALE,Corporate,ICE,Gasolina Mild Hybrid,KKL,FOCUS SEGMENT,Standard,SAV,16
2023,11,MASERATI,GRECALE,Private,ICE,Gasolina Mild Hybrid,KKL,FOCUS SEGMENT,Standard,SAV,6
2023,11,MASERATI,GRECALE,RAC,ICE,Gasolina Mild Hybrid,KKL,FOCUS SEGMENT,Standard,SAV,4
2023,11,MASERATI,LEVANTE,Corporate,ICE,Gasolina,MKL,FOCUS SEGMENT,Standard,SAV,5
2023,11,MAZDA,CX30,Corporate,ICE,Gasolina Mild Hybrid,UKL2,REST,Standard,SAV,129
2023,11,MAZDA,CX30,Private,ICE,Gasolina Mild Hybrid,UKL2,REST,Standard,SAV,274
2023,11,MAZDA,CX5,Corporate,ICE,Gasolina Mild Hybrid,UKL2,REST,Standard,SAV,90
2023,11,MAZDA,CX5,Private,ICE,Gasolina Mild Hybrid,UKL2,REST,Standard,SAV,316
2023,11,MAZDA,CX5,RAC,ICE,Gasolina Mild Hybrid,UKL2,REST,Standard,SAV,1
2023,11,MAZDA,CX60,Corporate,ICE,Gasolina/Electrico Enchufable,KKL,REST,Standard,SAV,47
2023,11,MAZDA,CX60,Corporate,PHEV,Gasolina/Electrico Enchufable,KKL,REST,Standard,SAV,30
2023,11,MAZDA,CX60,Private,ICE,Gasolina/Electrico Enchufable,KKL,REST,Standard,SAV,42
2023,11,MAZDA,CX60,Private,PHEV,Gasolina/Electrico Enchufable,KKL,REST,Standard,SAV,27
2023,11,MAZDA,MAZDA 2,Corporate,ICE,Gasolina/Electrico,UKL1,REST,Standard,HACH 5P,94
2023,11,MAZDA,MAZDA 2,Private,ICE,Gasolina/Electrico,UKL1,REST,Standard,HACH 5P,87
2023,11,MAZDA,MAZDA 2,RAC,ICE,Gasolina/Electrico,UKL1,REST,Standard,HACH 5P,8
2023,11,MAZDA,MAZDA 3,Corporate,ICE,Gasolina Mild Hybrid,UKL2,REST,Standard,SEDAN,73
2023,11,MAZDA,MAZDA 3,Private,ICE,Gasolina Mild Hybrid,UKL2,REST,Standard,SEDAN,197
2023,11,MAZDA,MAZDA 6,Corporate,ICE,Gasolina,KKL,REST,Standard,ESTATE,3
2023,11,MAZDA,MAZDA 6,Private,ICE,Gasolina,KKL,REST,Standard,ESTATE,1
2023,11,MAZDA,MX-30,Corporate,BEV,Gasolina/Electrico Enchufable,UKL2,REST,Standard,HACH 5P,18
2023,11,MAZDA,MX-30,Corporate,PHEV,Gasolina/Electrico Enchufable,UKL2,REST,Standard,HACH 5P,20
2023,11,MAZDA,MX-30,Private,BEV,Gasolina/Electrico Enchufable,UKL2,REST,Standard,HACH 5P,2
2023,11,MAZDA,MX-30,Private,PHEV,Gasolina/Electrico Enchufable,UKL2,REST,Standard,HACH 5P,14
2023,11,MAZDA,MX-5,Corporate,ICE,Gasolina,UKL2,REST,Standard,ROADSTER,3
2023,11,MAZDA,MX-5,Private,ICE,Gasolina,UKL2,REST,Standard,ROADSTER,28
2023,11,MCLAREN,GT,Corporate,ICE,Gasolina,GKL+,FOCUS SEGMENT,Standard,CABRIO,1
2023,11,MERCEDES,,Corporate,ICE,Gasolina,,REST,Standard,,1
2023,11,MERCEDES,,Private,ICE,Diesel,,REST,Standard,,2
2023,11,MERCEDES,CITAN,Corporate,ICE,Gasolina,SKL,REST,Standard,TRANSPORTER,26
2023,11,MERCEDES,CITAN,Private,ICE,Gasolina,SKL,REST,Standard,TRANSPORTER,2
2023,11,MERCEDES,CITAN,RAC,ICE,Gasolina,SKL,REST,Standard,TRANSPORTER,1
2023,11,MERCEDES,CLASE A,Corporate,ICE,Gasolina/Electrico Enchufable,UKL2,FOCUS SEGMENT,M,HACH 5P,3
2023,11,MERCEDES,CLASE A,Corporate,ICE,Gasolina/Electrico Enchufable,UKL2,FOCUS SEGMENT,Standard,HACH 5P,161
2023,11,MERCEDES,CLASE A,Corporate,PHEV,Gasolina/Electrico Enchufable,UKL2,FOCUS SEGMENT,Standard,HACH 5P,65
2023,11,MERCEDES,CLASE A,Private,ICE,Gasolina/Electrico Enchufable,UKL2,FOCUS SEGMENT,M,HACH 5P,3
2023,11,MERCEDES,CLASE A,Private,ICE,Gasolina/Electrico Enchufable,UKL2,FOCUS SEGMENT,M Performance,HACH 5P,4
2023,11,MERCEDES,CLASE A,Private,ICE,Gasolina/Electrico Enchufable,UKL2,FOCUS SEGMENT,Standard,HACH 5P,91
2023,11,MERCEDES,CLASE A,Private,PHEV,Gasolina/Electrico Enchufable,UKL2,FOCUS SEGMENT,Standard,HACH 5P,25
2023,11,MERCEDES,CLASE A,RAC,ICE,Gasolina/Electrico Enchufable,UKL2,FOCUS SEGMENT,Standard,HACH 5P,53
2023,11,MERCEDES,CLASE A,RAC,PHEV,Gasolina/Electrico Enchufable,UKL2,FOCUS SEGMENT,Standard,HACH 5P,27
2023,11,MERCEDES,CLASE B,Corporate,ICE,Gasolina/Electrico Enchufable,UKL2,FOCUS SEGMENT,Standard,MPV,44
2023,11,MERCEDES,CLASE B,Corporate,PHEV,Gasolina/Electrico Enchufable,UKL2,FOCUS SEGMENT,Standard,MPV,12
2023,11,MERCEDES,CLASE B,Private,ICE,Gasolina/Electrico Enchufable,UKL2,FOCUS SEGMENT,Standard,MPV,13
2023,11,MERCEDES,CLASE B,Private,PHEV,Gasolina/Electrico Enchufable,UKL2,FOCUS SEGMENT,Standard,MPV,5
2023,11,MERCEDES,CLASE B,RAC,ICE,Gasolina/Electrico Enchufable,UKL2,FOCUS SEGMENT,Standard,MPV,15
2023,11,MERCEDES,CLASE C,Corporate,ICE,Gasolina/Electrico Enchufable,KKL,FOCUS SEGMENT,M Performance,SEDAN,2
2023,11,MERCEDES,CLASE C,Corporate,ICE,Gasolina/Electrico Enchufable,KKL,FOCUS SEGMENT,Standard,SEDAN,141
2023,11,MERCEDES,CLASE C,Corporate,PHEV,Gasolina/Electrico Enchufable,KKL,FOCUS SEGMENT,Standard,SEDAN,27
2023,11,MERCEDES,CLASE C,Private,BEV,Gasolina/Electrico Enchufable,KKL,FOCUS SEGMENT,Standard,SEDAN,0
2023,11,MERCEDES,CLASE C,Private,ICE,Gasolina/Electrico Enchufable,KKL,FOCUS SEGMENT,M Performance,SEDAN,1
2023,11,MERCEDES,CLASE C,Private,ICE,Gasolina/Electrico Enchufable,KKL,FOCUS SEGMENT,Standard,SEDAN,56
2023,11,MERCEDES,CLASE C,Private,PHEV,Gasolina/Electrico Enchufable,KKL,FOCUS SEGMENT,Standard,SEDAN,13
2023,11,MERCEDES,CLASE C,RAC,ICE,Gasolina/Electrico Enchufable,KKL,FOCUS SEGMENT,Standard,SEDAN,25
2023,11,MERCEDES,CLASE CLA,Corporate,ICE,Gasolina/Electrico Enchufable,UKL2,FOCUS SEGMENT,M,SEDAN,1
2023,11,MERCEDES,CLASE CLA,Corporate,ICE,Gasolina/Electrico Enchufable,UKL2,FOCUS SEGMENT,M Performance,SEDAN,3
2023,11,MERCEDES,CLASE CLA,Corporate,ICE,Gasolina/Electrico Enchufable,UKL2,FOCUS SEGMENT,Standard,SEDAN,91
2023,11,MERCEDES,CLASE CLA,Corporate,PHEV,Gasolina/Electrico Enchufable,UKL2,FOCUS SEGMENT,Standard,SEDAN,45
2023,11,MERCEDES,CLASE CLA,Private,ICE,Gasolina/Electrico Enchufable,UKL2,FOCUS SEGMENT,M,SEDAN,1
2023,11,MERCEDES,CLASE CLA,Private,ICE,Gasolina/Electrico Enchufable,UKL2,FOCUS SEGMENT,M Performance,SEDAN,1
2023,11,MERCEDES,CLASE CLA,Private,ICE,Gasolina/Electrico Enchufable,UKL2,FOCUS SEGMENT,Standard,SEDAN,59
2023,11,MERCEDES,CLASE CLA,Private,PHEV,Gasolina/Electrico Enchufable,UKL2,FOCUS SEGMENT,Standard,SEDAN,10
2023,11,MERCEDES,CLASE CLA,RAC,ICE,Gasolina/Electrico Enchufable,UKL2,FOCUS SEGMENT,Standard,SEDAN,2
2023,11,MERCEDES,CLASE CLE,Corporate,ICE,Gasolina/Electrico Enchufable,MKL,FOCUS SEGMENT,Standard,COUPE,46
2023,11,MERCEDES,CLASE CLE,Private,ICE,Gasolina/Electrico Enchufable,MKL,FOCUS SEGMENT,Standard,COUPE,0
2023,11,MERCEDES,CLASE CLS,Corporate,ICE,Diesel,MKL,FOCUS SEGMENT,Standard,SEDAN,1
2023,11,MERCEDES,CLASE E,Corporate,BEV,Gasolina/Electrico Enchufable,MKL,FOCUS SEGMENT,Standard,ESTATE,1
2023,11,MERCEDES,CLASE E,Corporate,ICE,Gasolina/Electrico Enchufable,MKL,FOCUS SEGMENT,Standard,ESTATE,62
2023,11,MERCEDES,CLASE E,Private,ICE,Gasolina/Electrico Enchufable,MKL,FOCUS SEGMENT,Standard,ESTATE,20
2023,11,MERCEDES,CLASE G,Corporate,ICE,Gasolina Mild Hybrid,GKL,FOCUS SEGMENT,M,SAV,6
2023,11,MERCEDES,CLASE G,Corporate,ICE,Gasolina Mild Hybrid,GKL,FOCUS SEGMENT,Standard,SAV,7
2023,11,MERCEDES,CLASE G,Private,ICE,Gasolina Mild Hybrid,GKL,FOCUS SEGMENT,M,SAV,5
2023,11,MERCEDES,CLASE G,Private,ICE,Gasolina Mild Hybrid,GKL,FOCUS SEGMENT,Standard,SAV,3
2023,11,MERCEDES,CLASE G,RAC,ICE,Gasolina Mild Hybrid,GKL,FOCUS SEGMENT,M,SAV,1
2023,11,MERCEDES,CLASE GLA,Corporate,ICE,Gasolina/Electrico Enchufable,UKL2,FOCUS SEGMENT,M Performance,SAV,11
2023,11,MERCEDES,CLASE GLA,Corporate,ICE,Gasolina/Electrico Enchufable,UKL2,FOCUS SEGMENT,Standard,SAV,450
2023,11,MERCEDES,CLASE GLA,Corporate,PHEV,Gasolina/Electrico Enchufable,UKL2,FOCUS SEGMENT,Standard,SAV,71
2023,11,MERCEDES,CLASE GLA,Private,ICE,Gasolina/Electrico Enchufable,UKL2,FOCUS SEGMENT,M Performance,SAV,2
2023,11,MERCEDES,CLASE GLA,Private,ICE,Gasolina/Electrico Enchufable,UKL2,FOCUS SEGMENT,Standard,SAV,223
2023,11,MERCEDES,CLASE GLA,Private,PHEV,Gasolina/Electrico Enchufable,UKL2,FOCUS SEGMENT,Standard,SAV,56
2023,11,MERCEDES,CLASE GLA,RAC,ICE,Gasolina/Electrico Enchufable,UKL2,FOCUS SEGMENT,Standard,SAV,1
2023,11,MERCEDES,CLASE GLA,RAC,PHEV,Gasolina/Electrico Enchufable,UKL2,FOCUS SEGMENT,Standard,SAV,111
2023,11,MERCEDES,CLASE GLB,Corporate,ICE,Gasolina Mild Hybrid,UKL2,FOCUS SEGMENT,M Performance,SAV,6
2023,11,MERCEDES,CLASE GLB,Corporate,ICE,Gasolina Mild Hybrid,UKL2,FOCUS SEGMENT,Standard,SAV,179
2023,11,MERCEDES,CLASE GLB,Private,ICE,Gasolina Mild Hybrid,UKL2,FOCUS SEGMENT,Standard,SAV,47
2023,11,MERCEDES,CLASE GLB,RAC,ICE,Gasolina Mild Hybrid,UKL2,FOCUS SEGMENT,Standard,SAV,17
2023,11,MERCEDES,CLASE GLC,Corporate,ICE,Gasolina/Electrico Enchufable,KKL,FOCUS SEGMENT,Standard,SAV,326
2023,11,MERCEDES,CLASE GLC,Corporate,PHEV,Gasolina/Electrico Enchufable,KKL,FOCUS SEGMENT,Standard,SAV,184
2023,11,MERCEDES,CLASE GLC,Private,ICE,Gasolina/Electrico Enchufable,KKL,FOCUS SEGMENT,Standard,SAV,105
2023,11,MERCEDES,CLASE GLC,Private,PHEV,Gasolina/Electrico Enchufable,KKL,FOCUS SEGMENT,Standard,SAV,72
2023,11,MERCEDES,CLASE GLC,RAC,ICE,Gasolina/Electrico Enchufable,KKL,FOCUS SEGMENT,Standard,SAV,3
2023,11,MERCEDES,CLASE GLE,Corporate,BEV,Gasolina/Electrico Enchufable,MKL,FOCUS SEGMENT,Standard,SAV,1
2023,11,MERCEDES,CLASE GLE,Corporate,ICE,Gasolina/Electrico Enchufable,MKL,FOCUS SEGMENT,M,SAV,5
2023,11,MERCEDES,CLASE GLE,Corporate,ICE,Gasolina/Electrico Enchufable,MKL,FOCUS SEGMENT,M Performance,SAV,14
2023,11,MERCEDES,CLASE GLE,Corporate,ICE,Gasolina/Electrico Enchufable,MKL,FOCUS SEGMENT,Standard,SAV,31
2023,11,MERCEDES,CLASE GLE,Corporate,PHEV,Gasolina/Electrico Enchufable,MKL,FOCUS SEGMENT,Standard,SAV,19
2023,11,MERCEDES,CLASE GLE,Private,ICE,Gasolina/Electrico Enchufable,MKL,FOCUS SEGMENT,M,SAV,1
2023,11,MERCEDES,CLASE GLE,Private,ICE,Gasolina/Electrico Enchufable,MKL,FOCUS SEGMENT,M Performance,SAV,7
2023,11,MERCEDES,CLASE GLE,Private,ICE,Gasolina/Electrico Enchufable,MKL,FOCUS SEGMENT,Standard,SAV,9
2023,11,MERCEDES,CLASE GLE COUPE,Corporate,ICE,Gasolina/Electrico Enchufable,MKL,FOCUS SEGMENT,Standard,SAV,26
2023,11,MERCEDES,CLASE GLE COUPE,Corporate,PHEV,Gasolina/Electrico Enchufable,MKL,FOCUS SEGMENT,Standard,SAV,27
2023,11,MERCEDES,CLASE GLE COUPE,Private,ICE,Gasolina/Electrico Enchufable,MKL,FOCUS SEGMENT,Standard,SAV,13
2023,11,MERCEDES,CLASE GLE COUPE,Private,PHEV,Gasolina/Electrico Enchufable,MKL,FOCUS SEGMENT,Standard,SAV,5
2023,11,MERCEDES,CLASE GLE COUPE,RAC,PHEV,Gasolina/Electrico Enchufable,MKL,FOCUS SEGMENT,Standard,SAV,1
2023,11,MERCEDES,CLASE GLS,Corporate,ICE,Gasolina Mild Hybrid,GKL,FOCUS SEGMENT,M,SAV,1
2023,11,MERCEDES,CLASE GLS,Corporate,ICE,Gasolina Mild Hybrid,GKL,FOCUS SEGMENT,Standard,SAV,4
2023,11,MERCEDES,CLASE GLS,Private,ICE,Gasolina Mild Hybrid,GKL,FOCUS SEGMENT,Standard,SAV,1
2023,11,MERCEDES,CLASE S,Corporate,ICE,Gasolina/Electrico Enchufable,GKL,FOCUS SEGMENT,Standard,SEDAN,15
2023,11,MERCEDES,CLASE S,Corporate,PHEV,Gasolina/Electrico Enchufable,GKL,FOCUS SEGMENT,M Performance,SEDAN,1
2023,11,MERCEDES,CLASE S,Corporate,PHEV,Gasolina/Electrico Enchufable,GKL,FOCUS SEGMENT,Standard,SEDAN,5
2023,11,MERCEDES,CLASE SL,Corporate,ICE,Gasolina Mild Hybrid,GKL,FOCUS SEGMENT,M Performance,ROADSTER,2
2023,11,MERCEDES,CLASE SL,Private,ICE,Gasolina Mild Hybrid,GKL,FOCUS SEGMENT,M Performance,ROADSTER,3
2023,11,MERCEDES,CLASE SL,RAC,ICE,Gasolina Mild Hybrid,GKL,FOCUS SEGMENT,M Performance,ROADSTER,2
2023,11,MERCEDES,CLASE T,Corporate,ICE,Gasolina,SKL,REST,Standard,TRANSPORTER,43
2023,11,MERCEDES,CLASE T,Private,ICE,Gasolina,SKL,REST,Standard,TRANSPORTER,17
2023,11,MERCEDES,CLASE T,RAC,ICE,Gasolina,SKL,REST,Standard,TRANSPORTER,6
2023,11,MERCEDES,CLASE V,Corporate,ICE,Gasolina Mild Hybrid,MKL,REST,Standard,MPV,65
2023,11,MERCEDES,CLASE V,Private,ICE,Gasolina Mild Hybrid,MKL,REST,Standard,MPV,34
2023,11,MERCEDES,CLASE V,RAC,ICE,Gasolina Mild Hybrid,MKL,REST,Standard,MPV,18
2023,11,MERCEDES,ECITAN,Corporate,BEV,Electrico,SKL,REST,Standard,TRANSPORTER,3
2023,11,MERCEDES,ECITAN,RAC,BEV,Electrico,SKL,REST,Standard,TRANSPORTER,4
2023,11,MERCEDES,EQA,Corporate,BEV,Electrico,UKL2,FOCUS SEGMENT,Standard,SAV,77
2023,11,MERCEDES,EQA,Private,BEV,Electrico,UKL2,FOCUS SEGMENT,Standard,SAV,52
2023,11,MERCEDES,EQA,RAC,BEV,Electrico,UKL2,FOCUS SEGMENT,Standard,SAV,38
2023,11,MERCEDES,EQB,Corporate,BEV,Electrico,UKL2,FOCUS SEGMENT,Standard,SAV,20
2023,11,MERCEDES,EQB,Private,BEV,Electrico,UKL2,FOCUS SEGMENT,Standard,SAV,14
2023,11,MERCEDES,EQB,RAC,BEV,Electrico,UKL2,FOCUS SEGMENT,Standard,SAV,7
2023,11,MERCEDES,EQC,Corporate,BEV,Electrico,KKL,FOCUS SEGMENT,Standard,SAV,3
2023,11,MERCEDES,EQC,Private,BEV,Electrico,KKL,FOCUS SEGMENT,Standard,SAV,1
2023,11,MERCEDES,EQE,Corporate,BEV,Electrico,MKL,FOCUS SEGMENT,M Performance,SEDAN,8
2023,11,MERCEDES,EQE,Corporate,BEV,Electrico,MKL,FOCUS SEGMENT,Standard,SEDAN,96
2023,11,MERCEDES,EQE,Private,BEV,Electrico,MKL,FOCUS SEGMENT,M Performance,SEDAN,1
2023,11,MERCEDES,EQE,Private,BEV,Electrico,MKL,FOCUS SEGMENT,Standard,SEDAN,8
2023,11,MERCEDES,EQS,Corporate,BEV,Electrico,GKL,FOCUS SEGMENT,M Performance,SAV,2
2023,11,MERCEDES,EQS,Corporate,BEV,Electrico,GKL,FOCUS SEGMENT,Standard,SAV,23
2023,11,MERCEDES,EQS,Private,BEV,Electrico,GKL,FOCUS SEGMENT,Standard,SAV,1
2023,11,MERCEDES,EQT,Corporate,BEV,Electrico,SKL,REST,Standard,TRANSPORTER,7
2023,11,MERCEDES,EQT,RAC,BEV,Electrico,SKL,REST,Standard,TRANSPORTER,3
2023,11,MERCEDES,EQV,Corporate,BEV,Electrico,MKL,REST,Standard,MPV,12
2023,11,MERCEDES,EQV,Private,BEV,Electrico,MKL,REST,Standard,MPV,1
2023,11,MERCEDES,SPRINTER 300,Corporate,ICE,Diesel,SKL,REST,Standard,TRANSPORTER,6
2023,11,MERCEDES,SPRINTER 300,RAC,ICE,Diesel,SKL,REST,Standard,TRANSPORTER,1
2023,11,MERCEDES-V,VITO,Corporate,ICE,Diesel,SKL,REST,Standard,TRANSPORTER,3
2023,11,MERCEDES-V,VITO,Private,ICE,Diesel,SKL,REST,Standard,TRANSPORTER,8
2023,11,MERCEDES-V,VITO,RAC,ICE,Diesel,SKL,REST,Standard,TRANSPORTER,2
2023,11,MG,EHS,Corporate,PHEV,Gasolina/Electrico Enchufable,KKL,REST,Standard,SAV,17
2023,11,MG,EHS,Private,PHEV,Gasolina/Electrico Enchufable,KKL,REST,Standard,SAV,166
2023,11,MG,HS,Corporate,ICE,Gasolina/Electrico Enchufable,KKL,REST,Standard,SAV,14
2023,11,MG,HS,Private,ICE,Gasolina/Electrico Enchufable,KKL,REST,Standard,SAV,190
2023,11,MG,MARVEL R,Corporate,BEV,Electrico,UKL2,REST,Standard,SAV,4
2023,11,MG,MARVEL R,Private,BEV,Electrico,UKL2,REST,Standard,SAV,13
2023,11,MG,MG 4,Corporate,BEV,Electrico,UKL2,REST,Standard,HACH 5P,21
2023,11,MG,MG 4,Private,BEV,Electrico,UKL2,REST,Standard,HACH 5P,184
2023,11,MG,MG 5,Corporate,BEV,Electrico,UKL2,REST,Standard,ESTATE,2
2023,11,MG,MG 5,Private,BEV,Electrico,UKL2,REST,Standard,ESTATE,3
2023,11,MG,ZS,Corporate,BEV,Gasolina/Electrico,UKL1,REST,Standard,SAV,2
2023,11,MG,ZS,Corporate,ICE,Gasolina/Electrico,UKL1,REST,Standard,SAV,132
2023,11,MG,ZS,Private,BEV,Gasolina/Electrico,UKL1,REST,Standard,SAV,38
2023,11,MG,ZS,Private,ICE,Gasolina/Electrico,UKL1,REST,Standard,SAV,1928
2023,11,MG,ZS,RAC,ICE,Gasolina/Electrico,UKL1,REST,Standard,SAV,5
2023,11,MINI,CLUBMAN,Corporate,ICE,Diesel,UKL2,FOCUS SEGMENT,JCW,ESTATE,1
2023,11,MINI,CLUBMAN,Corporate,ICE,Diesel,UKL2,FOCUS SEGMENT,Standard,ESTATE,5
2023,11,MINI,CLUBMAN,Private,ICE,Diesel,UKL2,FOCUS SEGMENT,Standard,ESTATE,6
2023,11,MINI,COUNTRYMAN,Corporate,ICE,Electrico,UKL2,FOCUS SEGMENT,JCW,SAV,1
2023,11,MINI,COUNTRYMAN,Corporate,ICE,Electrico,UKL2,FOCUS SEGMENT,Standard,SAV,40
2023,11,MINI,COUNTRYMAN,Corporate,PHEV,Electrico,UKL2,FOCUS SEGMENT,Standard,SAV,43
2023,11,MINI,COUNTRYMAN,Private,ICE,Electrico,UKL2,FOCUS SEGMENT,Standard,SAV,32
2023,11,MINI,COUNTRYMAN,Private,PHEV,Electrico,UKL2,FOCUS SEGMENT,Standard,SAV,59
2023,11,MINI,HATCHBACK,Corporate,BEV,Electrico,UKL1,FOCUS SEGMENT,Standard,HACH 3P,58
2023,11,MINI,HATCHBACK,Corporate,ICE,Electrico,UKL1,FOCUS SEGMENT,JCW,HACH 3P,14
2023,11,MINI,HATCHBACK,Corporate,ICE,Electrico,UKL1,FOCUS SEGMENT,Standard,HACH 3P,112
2023,11,MINI,HATCHBACK,Private,BEV,Electrico,UKL1,FOCUS SEGMENT,Standard,HACH 3P,87
2023,11,MINI,HATCHBACK,Private,ICE,Electrico,UKL1,FOCUS SEGMENT,JCW,HACH 3P,18
2023,11,MINI,HATCHBACK,Private,ICE,Electrico,UKL1,FOCUS SEGMENT,Standard,HACH 3P,237
2023,11,MINI,HATCHBACK,RAC,ICE,Electrico,UKL1,FOCUS SEGMENT,Standard,HACH 3P,14
2023,11,MITSUBISHI,ASX,Corporate,ICE,Gasolina/Electrico,UKL2,REST,Standard,SAV,77
2023,11,MITSUBISHI,ASX,Corporate,PHEV,Gasolina/Electrico,UKL2,REST,Standard,SAV,4
2023,11,MITSUBISHI,ASX,Private,ICE,Gasolina/Electrico,UKL2,REST,Standard,SAV,80
2023,11,MITSUBISHI,ASX,Private,PHEV,Gasolina/Electrico,UKL2,REST,Standard,SAV,5
2023,11,MITSUBISHI,ASX,RAC,ICE,Gasolina/Electrico,UKL2,REST,Standard,SAV,1
2023,11,MITSUBISHI,COLT,Corporate,ICE,Gasolina/Electrico,UKL1,REST,Standard,HACH 3P,28
2023,11,MITSUBISHI,COLT,Private,ICE,Gasolina/Electrico,UKL1,REST,Standard,HACH 3P,5
2023,11,MITSUBISHI,ECLIPSE CROSS,Corporate,PHEV,Gasolina/Electrico Enchufable,UKL2,REST,Standard,SAV,40
2023,11,MITSUBISHI,ECLIPSE CROSS,Private,PHEV,Gasolina/Electrico Enchufable,UKL2,REST,Standard,SAV,12
2023,11,MITSUBISHI,ECLIPSE CROSS,RAC,PHEV,Gasolina/Electrico Enchufable,UKL2,REST,Standard,SAV,100
2023,11,MITSUBISHI,OUTLANDER,Corporate,ICE,Gasolina/Electrico Enchufable,KKL,REST,Standard,SAV,1
2023,11,MITSUBISHI,SPACE STAR,Corporate,ICE,Gasolina,UKL1,REST,Standard,HACH 5P,34
2023,11,MITSUBISHI,SPACE STAR,Private,ICE,Gasolina,UKL1,REST,Standard,HACH 5P,28
2023,11,MITSUBISHI,SPACE STAR,RAC,ICE,Gasolina,UKL1,REST,Standard,HACH 5P,4
2023,11,NISSAN,ARIYA,Corporate,BEV,Electrico,UKL2,REST,Standard,SAV,5
2023,11,NISSAN,ARIYA,Private,BEV,Electrico,UKL2,REST,Standard,SAV,8
2023,11,NISSAN,JUKE,Corporate,ICE,Gasolina/Electrico,UKL1,REST,Standard,SAV,226
2023,11,NISSAN,JUKE,Private,ICE,Gasolina/Electrico,UKL1,REST,Standard,SAV,326
2023,11,NISSAN,JUKE,RAC,ICE,Gasolina/Electrico,UKL1,REST,Standard,SAV,37
2023,11,NISSAN,LEAF,Corporate,BEV,Electrico,UKL2,REST,Standard,HACH 5P,12
2023,11,NISSAN,LEAF,Private,BEV,Electrico,UKL2,REST,Standard,HACH 5P,8
2023,11,NISSAN,PRIMASTAR,Corporate,ICE,Diesel,SKL,REST,Standard,TRANSPORTER,3
2023,11,NISSAN,PRIMASTAR,Private,ICE,Diesel,SKL,REST,Standard,TRANSPORTER,1
2023,11,NISSAN,PRIMASTAR,RAC,ICE,Diesel,SKL,REST,Standard,TRANSPORTER,2
2023,11,NISSAN,QASHQAI,Corporate,ICE,Gasolina/Electrico,UKL2,REST,Standard,SAT,795
2023,11,NISSAN,QASHQAI,Private,ICE,Gasolina/Electrico,UKL2,REST,Standard,SAT,634
2023,11,NISSAN,QASHQAI,RAC,ICE,Gasolina/Electrico,UKL2,REST,Standard,SAT,1
2023,11,NISSAN,TOWNSTAR,Corporate,ICE,Gasolina,SKL,REST,Standard,TRANSPORTER,13
2023,11,NISSAN,TOWNSTAR,Private,ICE,Gasolina,SKL,REST,Standard,TRANSPORTER,35
2023,11,NISSAN,X-TRAIL,Corporate,ICE,Gasolina/Electrico,KKL,REST,Standard,SUV,106
2023,11,NISSAN,X-TRAIL,Private,ICE,Gasolina/Electrico,KKL,REST,Standard,SUV,166
2023,11,OMODA,OMODA 5,Corporate,ICE,Gasolina/Electrico,UKL2,REST,Standard,SAV,23
2023,11,OMODA,OMODA 5,Private,ICE,Gasolina/Electrico,UKL2,REST,Standard,SAV,21
2023,11,OMODA,OMODA 5,RAC,ICE,Gasolina/Electrico,UKL2,REST,Standard,SAV,17
2023,11,OPEL,ASTRA,Corporate,BEV,Gasolina/Electrico Enchufable,UKL2,REST,Standard,HACH 5P,22
2023,11,OPEL,ASTRA,Corporate,ICE,Gasolina/Electrico Enchufable,UKL2,REST,Standard,HACH 5P,24
2023,11,OPEL,ASTRA,Corporate,PHEV,Gasolina/Electrico Enchufable,UKL2,REST,Standard,HACH 5P,47
2023,11,OPEL,ASTRA,Private,ICE,Gasolina/Electrico Enchufable,UKL2,REST,Standard,HACH 5P,31
2023,11,OPEL,ASTRA,Private,PHEV,Gasolina/Electrico Enchufable,UKL2,REST,Standard,HACH 5P,10
2023,11,OPEL,ASTRA,RAC,BEV,Gasolina/Electrico Enchufable,UKL2,REST,Standard,HACH 5P,1
2023,11,OPEL,ASTRA,RAC,ICE,Gasolina/Electrico Enchufable,UKL2,REST,Standard,HACH 5P,3
2023,11,OPEL,COMBO,Corporate,BEV,Gasolina,SKL,REST,Standard,TRANSPORTER,13
2023,11,OPEL,COMBO,Private,BEV,Gasolina,SKL,REST,Standard,TRANSPORTER,2
2023,11,OPEL,CORSA,Corporate,BEV,Gasolina Mild Hybrid,UKL1,REST,Standard,HACH 5P,31
2023,11,OPEL,CORSA,Corporate,ICE,Gasolina Mild Hybrid,UKL1,REST,Standard,HACH 5P,427
2023,11,OPEL,CORSA,Private,BEV,Gasolina Mild Hybrid,UKL1,REST,Standard,HACH 5P,9
2023,11,OPEL,CORSA,Private,ICE,Gasolina Mild Hybrid,UKL1,REST,Standard,HACH 5P,267
2023,11,OPEL,CORSA,RAC,BEV,Gasolina Mild Hybrid,UKL1,REST,Standard,HACH 5P,1
2023,11,OPEL,CORSA,RAC,ICE,Gasolina Mild Hybrid,UKL1,REST,Standard,HACH 5P,372
2023,11,OPEL,CROSSLAND,Corporate,ICE,Diesel,UKL1,REST,Standard,SAV,94
2023,11,OPEL,CROSSLAND,Private,ICE,Diesel,UKL1,REST,Standard,SAV,164
2023,11,OPEL,CROSSLAND,RAC,ICE,Diesel,UKL1,REST,Standard,SAV,10
2023,11,OPEL,GRANDLAND X,Corporate,ICE,Gasolina/Electrico Enchufable,UKL2,REST,Standard,SAV,28
2023,11,OPEL,GRANDLAND X,Corporate,PHEV,Gasolina/Electrico Enchufable,UKL2,REST,Standard,SAV,39
2023,11,OPEL,GRANDLAND X,Private,ICE,Gasolina/Electrico Enchufable,UKL2,REST,Standard,SAV,35
2023,11,OPEL,GRANDLAND X,Private,PHEV,Gasolina/Electrico Enchufable,UKL2,REST,Standard,SAV,4
2023,11,OPEL,GRANDLAND X,RAC,PHEV,Gasolina/Electrico Enchufable,UKL2,REST,Standard,SAV,73
2023,11,OPEL,MOKKA,Corporate,BEV,Gasolina Mild Hybrid,UKL1,REST,Standard,SAV,10
2023,11,OPEL,MOKKA,Corporate,ICE,Gasolina Mild Hybrid,UKL1,REST,Standard,SAV,109
2023,11,OPEL,MOKKA,Private,BEV,Gasolina Mild Hybrid,UKL1,REST,Standard,SAV,10
2023,11,OPEL,MOKKA,Private,ICE,Gasolina Mild Hybrid,UKL1,REST,Standard,SAV,128
2023,11,OPEL,MOKKA,RAC,BEV,Gasolina Mild Hybrid,UKL1,REST,Standard,SAV,1
2023,11,OPEL,MOKKA,RAC,ICE,Gasolina Mild Hybrid,UKL1,REST,Standard,SAV,2
2023,11,OPEL,VIVARO,Corporate,BEV,Electrico,SKL,REST,Standard,TRANSPORTER,4
2023,11,OPEL,ZAFIRA LIFE,Corporate,BEV,Electrico,SKL,REST,Standard,TRANSPORTER,1
2023,11,PEUGEOT,2008,Corporate,BEV,Gasolina Mild Hybrid,UKL1,REST,Standard,SAV,9
2023,11,PEUGEOT,2008,Corporate,ICE,Gasolina Mild Hybrid,UKL1,REST,Standard,SAV,332
2023,11,PEUGEOT,2008,Private,BEV,Gasolina Mild Hybrid,UKL1,REST,Standard,SAV,53
2023,11,PEUGEOT,2008,Private,ICE,Gasolina Mild Hybrid,UKL1,REST,Standard,SAV,544
2023,11,PEUGEOT,2008,RAC,ICE,Gasolina Mild Hybrid,UKL1,REST,Standard,SAV,201
2023,11,PEUGEOT,208,Corporate,BEV,Gasolina Mild Hybrid,UKL1,REST,Standard,HACH 5P,98
2023,11,PEUGEOT,208,Corporate,ICE,Gasolina Mild Hybrid,UKL1,REST,Standard,HACH 5P,278
2023,11,PEUGEOT,208,Private,BEV,Gasolina Mild Hybrid,UKL1,REST,Standard,HACH 5P,37
2023,11,PEUGEOT,208,Private,ICE,Gasolina Mild Hybrid,UKL1,REST,Standard,HACH 5P,399
2023,11,PEUGEOT,208,RAC,BEV,Gasolina Mild Hybrid,UKL1,REST,Standard,HACH 5P,6
2023,11,PEUGEOT,208,RAC,ICE,Gasolina Mild Hybrid,UKL1,REST,Standard,HACH 5P,43
2023,11,PEUGEOT,3008,Corporate,ICE,Gasolina/Electrico Enchufable,UKL2,REST,Standard,SAT,257
2023,11,PEUGEOT,3008,Corporate,PHEV,Gasolina/Electrico Enchufable,UKL2,REST,Standard,SAT,68
2023,11,PEUGEOT,3008,Private,ICE,Gasolina/Electrico Enchufable,UKL2,REST,Standard,SAT,268
2023,11,PEUGEOT,3008,Private,PHEV,Gasolina/Electrico Enchufable,UKL2,REST,Standard,SAT,130
2023,11,PEUGEOT,3008,RAC,ICE,Gasolina/Electrico Enchufable,UKL2,REST,Standard,SAT,1
2023,11,PEUGEOT,3008,RAC,PHEV,Gasolina/Electrico Enchufable,UKL2,REST,Standard,SAT,2
2023,11,PEUGEOT,308,Corporate,BEV,Gasolina/Electrico Enchufable,UKL2,REST,Standard,HACH 5P,24
2023,11,PEUGEOT,308,Corporate,ICE,Gasolina/Electrico Enchufable,UKL2,REST,Standard,HACH 5P,153
2023,11,PEUGEOT,308,Corporate,PHEV,Gasolina/Electrico Enchufable,UKL2,REST,Standard,HACH 5P,39
2023,11,PEUGEOT,308,Private,ICE,Gasolina/Electrico Enchufable,UKL2,REST,Standard,HACH 5P,119
2023,11,PEUGEOT,308,Private,PHEV,Gasolina/Electrico Enchufable,UKL2,REST,Standard,HACH 5P,14
2023,11,PEUGEOT,308,RAC,ICE,Gasolina/Electrico Enchufable,UKL2,REST,Standard,HACH 5P,3
2023,11,PEUGEOT,408,Corporate,ICE,Gasolina/Electrico Enchufable,UKL2,REST,Standard,SEDAN,19
2023,11,PEUGEOT,408,Corporate,PHEV,Gasolina/Electrico Enchufable,UKL2,REST,Standard,SEDAN,28
2023,11,PEUGEOT,408,Private,ICE,Gasolina/Electrico Enchufable,UKL2,REST,Standard,SEDAN,57
2023,11,PEUGEOT,408,Private,PHEV,Gasolina/Electrico Enchufable,UKL2,REST,Standard,SEDAN,31
2023,11,PEUGEOT,408,RAC,ICE,Gasolina/Electrico Enchufable,UKL2,REST,Standard,SEDAN,1
2023,11,PEUGEOT,5008,Corporate,ICE,Gasolina/Electrico Enchufable,KKL,REST,Standard,SUV,118
2023,11,PEUGEOT,5008,Private,ICE,Gasolina/Electrico Enchufable,KKL,REST,Standard,SUV,76
2023,11,PEUGEOT,5008,RAC,ICE,Gasolina/Electrico Enchufable,KKL,REST,Standard,SUV,11
2023,11,PEUGEOT,508,Corporate,ICE,Diesel,KKL,REST,Standard,ESTATE,55
2023,11,PEUGEOT,508,Corporate,PHEV,Diesel,KKL,REST,Standard,ESTATE,23
2023,11,PEUGEOT,508,Private,ICE,Diesel,KKL,REST,Standard,ESTATE,3
2023,11,PEUGEOT,508,Private,PHEV,Diesel,KKL,REST,Standard,ESTATE,20
2023,11,PEUGEOT,EXPERT,Corporate,BEV,Electrico,SKL,REST,Standard,TRANSPORTER,4
2023,11,PEUGEOT,EXPERT,Corporate,ICE,Electrico,SKL,REST,Standard,TRANSPORTER,2
2023,11,PEUGEOT,RIFTER,Corporate,BEV,Electrico,SKL,REST,Standard,TRANSPORTER,45
2023,11,PEUGEOT,RIFTER,Corporate,ICE,Electrico,SKL,REST,Standard,TRANSPORTER,49
2023,11,PEUGEOT,RIFTER,Private,BEV,Electrico,SKL,REST,Standard,TRANSPORTER,8
2023,11,PEUGEOT,RIFTER,Private,ICE,Electrico,SKL,REST,Standard,TRANSPORTER,36
2023,11,PEUGEOT,RIFTER,RAC,BEV,Electrico,SKL,REST,Standard,TRANSPORTER,1
2023,11,PEUGEOT,TRAVELLER,Corporate,BEV,Diesel,SKL,REST,Standard,TRANSPORTER,3
2023,11,PEUGEOT,TRAVELLER,Corporate,ICE,Diesel,SKL,REST,Standard,TRANSPORTER,1
2023,11,PEUGEOT,TRAVELLER,Private,BEV,Diesel,SKL,REST,Standard,TRANSPORTER,1
2023,11,POLARIS,,Private,ICE,Gasolina,,REST,Standard,,1
2023,11,POLARIS,,RAC,ICE,Gasolina,,REST,Standard,,1
2023,11,POLESTAR,,Corporate,BEV,Electrico,,REST,Standard,,7
2023,11,POLESTAR,POLESTAR 2,Corporate,BEV,Electrico,KKL,FOCUS SEGMENT,Standard,SEDAN,16
2023,11,POLESTAR,POLESTAR 2,Private,BEV,Electrico,KKL,FOCUS SEGMENT,Standard,SEDAN,1
2023,11,PORSCHE,718,Corporate,ICE,Gasolina,KKL,FOCUS SEGMENT,M Performance,ROADSTER,1
2023,11,PORSCHE,718,Corporate,ICE,Gasolina,KKL,FOCUS SEGMENT,Standard,ROADSTER,6
2023,11,PORSCHE,718,Private,ICE,Gasolina,KKL,FOCUS SEGMENT,M,ROADSTER,6
2023,11,PORSCHE,718,Private,ICE,Gasolina,KKL,FOCUS SEGMENT,M Performance,ROADSTER,3
2023,11,PORSCHE,718,Private,ICE,Gasolina,KKL,FOCUS SEGMENT,Standard,ROADSTER,6
2023,11,PORSCHE,911,Corporate,ICE,Gasolina/Electrico,GKL,FOCUS SEGMENT,M,COUPE,8
2023,11,PORSCHE,911,Corporate,ICE,Gasolina/Electrico,GKL,FOCUS SEGMENT,M Performance,COUPE,10
2023,11,PORSCHE,911,Corporate,ICE,Gasolina/Electrico,GKL,FOCUS SEGMENT,Standard,COUPE,5
2023,11,PORSCHE,911,Private,ICE,Gasolina/Electrico,GKL,FOCUS SEGMENT,M,COUPE,6
2023,11,PORSCHE,911,Private,ICE,Gasolina/Electrico,GKL,FOCUS SEGMENT,M Performance,COUPE,10
2023,11,PORSCHE,911,Private,ICE,Gasolina/Electrico,GKL,FOCUS SEGMENT,Standard,COUPE,15
2023,11,PORSCHE,CAYENNE,Corporate,ICE,Gasolina/Electrico Enchufable,MKL,FOCUS SEGMENT,Standard,SAV,5
2023,11,PORSCHE,CAYENNE,Private,ICE,Gasolina/Electrico Enchufable,MKL,FOCUS SEGMENT,Standard,SAV,3
2023,11,PORSCHE,CAYENNE COUPE,Corporate,BEV,Gasolina/Electrico Enchufable,MKL,FOCUS SEGMENT,Standard,SAV,1
2023,11,PORSCHE,CAYENNE COUPE,Corporate,ICE,Gasolina/Electrico Enchufable,MKL,FOCUS SEGMENT,M Performance,SAV,7
2023,11,PORSCHE,CAYENNE COUPE,Corporate,PHEV,Gasolina/Electrico Enchufable,MKL,FOCUS SEGMENT,Standard,SAV,2
2023,11,PORSCHE,CAYENNE COUPE,Private,BEV,Gasolina/Electrico Enchufable,MKL,FOCUS SEGMENT,Standard,SAV,1
2023,11,PORSCHE,CAYENNE COUPE,Private,ICE,Gasolina/Electrico Enchufable,MKL,FOCUS SEGMENT,M Performance,SAV,3
2023,11,PORSCHE,CAYENNE COUPE,Private,PHEV,Gasolina/Electrico Enchufable,MKL,FOCUS SEGMENT,Standard,SAV,1
2023,11,PORSCHE,MACAN,Corporate,ICE,Electrico,KKL,FOCUS SEGMENT,M Performance,SAV,36
2023,11,PORSCHE,MACAN,Corporate,ICE,Electrico,KKL,FOCUS SEGMENT,Standard,SAV,23
2023,11,PORSCHE,MACAN,Private,ICE,Electrico,KKL,FOCUS SEGMENT,M Performance,SAV,23
2023,11,PORSCHE,MACAN,Private,ICE,Electrico,KKL,FOCUS SEGMENT,Standard,SAV,29
2023,11,PORSCHE,MACAN,RAC,ICE,Electrico,KKL,FOCUS SEGMENT,Standard,SAV,1
2023,11,PORSCHE,PANAMERA,Corporate,ICE,Gasolina/Electrico Enchufable,GKL,FOCUS SEGMENT,M Performance,SEDAN,1
2023,11,PORSCHE,PANAMERA,Corporate,PHEV,Gasolina/Electrico Enchufable,GKL,FOCUS SEGMENT,M Performance,SEDAN,2
2023,11,PORSCHE,PANAMERA,Corporate,PHEV,Gasolina/Electrico Enchufable,GKL,FOCUS SEGMENT,Standard,SEDAN,9
2023,11,PORSCHE,PANAMERA,Private,PHEV,Gasolina/Electrico Enchufable,GKL,FOCUS SEGMENT,Standard,SEDAN,2
2023,11,PORSCHE,PANAMERA,RAC,PHEV,Gasolina/Electrico Enchufable,GKL,FOCUS SEGMENT,Standard,SEDAN,2
2023,11,PORSCHE,TAYCAN,Corporate,BEV,Electrico,GKL,FOCUS SEGMENT,M Performance,ESTATE,8
2023,11,PORSCHE,TAYCAN,Corporate,BEV,Electrico,GKL,FOCUS SEGMENT,Standard,ESTATE,19
2023,11,PORSCHE,TAYCAN,Private,BEV,Electrico,GKL,FOCUS SEGMENT,M Performance,ESTATE,1
2023,11,PORSCHE,TAYCAN,RAC,BEV,Electrico,GKL,FOCUS SEGMENT,M Performance,ESTATE,2
2023,11,PORSCHE,TAYCAN,RAC,BEV,Electrico,GKL,FOCUS SEGMENT,Standard,ESTATE,4
2023,11,REHATRANS,,Corporate,ICE,Diesel,,REST,Standard,,3
2023,11,RENAULT,,Corporate,ICE,Gasolina,,REST,Standard,,1
2023,11,RENAULT,ARKANA,Corporate,ICE,Gasolina/Electrico,UKL2,REST,Standard,SAV,342
2023,11,RENAULT,ARKANA,Private,ICE,Gasolina/Electrico,UKL2,REST,Standard,SAV,263
2023,11,RENAULT,ARKANA,RAC,ICE,Gasolina/Electrico,UKL2,REST,Standard,SAV,3
2023,11,RENAULT,AUSTRAL,Corporate,ICE,Gasolina/Electrico,UKL2,REST,Standard,SAV,166
2023,11,RENAULT,AUSTRAL,Private,ICE,Gasolina/Electrico,UKL2,REST,Standard,SAV,354
2023,11,RENAULT,AUSTRAL,RAC,ICE,Gasolina/Electrico,UKL2,REST,Standard,SAV,4
2023,11,RENAULT,CAPTUR,Corporate,ICE,Gasolina/Electrico,UKL1,REST,Standard,SAV,324
2023,11,RENAULT,CAPTUR,Corporate,PHEV,Gasolina/Electrico,UKL1,REST,Standard,SAV,10
2023,11,RENAULT,CAPTUR,Private,ICE,Gasolina/Electrico,UKL1,REST,Standard,SAV,589
2023,11,RENAULT,CAPTUR,Private,PHEV,Gasolina/Electrico,UKL1,REST,Standard,SAV,2
2023,11,RENAULT,CAPTUR,RAC,ICE,Gasolina/Electrico,UKL1,REST,Standard,SAV,33
2023,11,RENAULT,CLIO,Corporate,ICE,Gasolina/Electrico,UKL1,REST,Standard,HACH 5P,497
2023,11,RENAULT,CLIO,Private,ICE,Gasolina/Electrico,UKL1,REST,Standard,HACH 5P,634
2023,11,RENAULT,CLIO,RAC,ICE,Gasolina/Electrico,UKL1,REST,Standard,HACH 5P,19
2023,11,RENAULT,ESPACE,Corporate,ICE,Gasolina/Electrico,KKL,REST,Standard,SAV,277
2023,11,RENAULT,ESPACE,Private,ICE,Gasolina/Electrico,KKL,REST,Standard,SAV,83
2023,11,RENAULT,KANGOO,Corporate,ICE,Gasolina,SKL,REST,Standard,TRANSPORTER,60
2023,11,RENAULT,KANGOO,Private,ICE,Gasolina,SKL,REST,Standard,TRANSPORTER,65
2023,11,RENAULT,KANGOO,RAC,ICE,Gasolina,SKL,REST,Standard,TRANSPORTER,1
2023,11,RENAULT,KOLEOS,Corporate,ICE,Diesel,KKL,REST,Standard,SAV,8
2023,11,RENAULT,MEGANE,Corporate,BEV,Gasolina,UKL2,REST,Standard,HACH 5P,203
2023,11,RENAULT,MEGANE,Corporate,ICE,Gasolina,UKL2,REST,Standard,HACH 5P,128
2023,11,RENAULT,MEGANE,Private,BEV,Gasolina,UKL2,REST,Standard,HACH 5P,10
2023,11,RENAULT,MEGANE,Private,ICE,Gasolina,UKL2,REST,Standard,HACH 5P,24
2023,11,RENAULT,MEGANE,Private,PHEV,Gasolina,UKL2,REST,Standard,HACH 5P,1
2023,11,RENAULT,RAFALE,Corporate,ICE,Gasolina/Electrico Enchufable,UKL2,REST,Standard,SAV,5
2023,11,RENAULT,TRAFIC,Corporate,ICE,Electrico,SKL,REST,Standard,TRANSPORTER,6
2023,11,RENAULT,TRAFIC,Private,ICE,Electrico,SKL,REST,Standard,TRANSPORTER,14
2023,11,RENAULT,TRAFIC,RAC,ICE,Electrico,SKL,REST,Standard,TRANSPORTER,2
2023,11,RENAULT,TWINGO,Corporate,BEV,Electrico,UKL0,REST,Standard,HACH 5P,7
2023,11,RENAULT,TWINGO,Private,BEV,Electrico,UKL0,REST,Standard,HACH 5P,14
2023,11,RENAULT,ZOE,Corporate,BEV,Electrico,UKL1,REST,Standard,HACH 5P,30
2023,11,RENAULT,ZOE,Private,BEV,Electrico,UKL1,REST,Standard,HACH 5P,1
2023,11,ROLLS-ROYCE,CULLINAN,Private,ICE,Gasolina,GKL+,FOCUS SEGMENT,Standard,SAV,1
2023,11,SEAT,ARONA,Corporate,ICE,Gasolina,UKL1,REST,Standard,SAV,489
2023,11,SEAT,ARONA,Private,ICE,Gasolina,UKL1,REST,Standard,SAV,593
2023,11,SEAT,ARONA,RAC,ICE,Gasolina,UKL1,REST,Standard,SAV,102
2023,11,SEAT,ATECA,Corporate,ICE,Gasolina,UKL2,REST,Standard,SAT,158
2023,11,SEAT,ATECA,Private,ICE,Gasolina,UKL2,REST,Standard,SAT,307
2023,11,SEAT,IBIZA,Corporate,ICE,Gasolina,UKL1,REST,Standard,HACH 5P,799
2023,11,SEAT,IBIZA,Private,ICE,Gasolina,UKL1,REST,Standard,HACH 5P,735
2023,11,SEAT,IBIZA,RAC,ICE,Gasolina,UKL1,REST,Standard,HACH 5P,272
2023,11,SEAT,LEON,Corporate,ICE,Gasolina/Electrico Enchufable,UKL2,REST,Standard,HACH 5P,405
2023,11,SEAT,LEON,Corporate,PHEV,Gasolina/Electrico Enchufable,UKL2,REST,Standard,HACH 5P,21
2023,11,SEAT,LEON,Private,ICE,Gasolina/Electrico Enchufable,UKL2,REST,Standard,HACH 5P,442
2023,11,SEAT,LEON,Private,PHEV,Gasolina/Electrico Enchufable,UKL2,REST,Standard,HACH 5P,10
2023,11,SEAT,LEON,RAC,ICE,Gasolina/Electrico Enchufable,UKL2,REST,Standard,HACH 5P,17
2023,11,SEAT,TARRACO,Corporate,ICE,Diesel,KKL,REST,Standard,SAV,41
2023,11,SEAT,TARRACO,Corporate,PHEV,Diesel,KKL,REST,Standard,SAV,7
2023,11,SEAT,TARRACO,Private,ICE,Diesel,KKL,REST,Standard,SAV,60
2023,11,SEAT,TARRACO,Private,PHEV,Diesel,KKL,REST,Standard,SAV,9
2023,11,SERES,SERES 3,Private,BEV,Electrico,UKL2,REST,Standard,SAV,2
2023,11,SHINERAY,,Corporate,ICE,Gasolina,,REST,Standard,,1
2023,11,SHINERAY,,Private,ICE,Gasolina,,REST,Standard,,3
2023,11,SKODA,ENYAQ,Corporate,BEV,Electrico,UKL2,REST,Standard,SAV,9
2023,11,SKODA,ENYAQ,Private,BEV,Electrico,UKL2,REST,Standard,SAV,11
2023,11,SKODA,FABIA,Corporate,ICE,Gasolina,UKL1,REST,Standard,HACH 5P,144
2023,11,SKODA,FABIA,Private,ICE,Gasolina,UKL1,REST,Standard,HACH 5P,190
2023,11,SKODA,FABIA,RAC,ICE,Gasolina,UKL1,REST,Standard,HACH 5P,42
2023,11,SKODA,KAMIQ,Corporate,ICE,Gasolina,UKL1,REST,Standard,SAV,573
2023,11,SKODA,KAMIQ,Private,ICE,Gasolina,UKL1,REST,Standard,SAV,319
2023,11,SKODA,KAMIQ,RAC,ICE,Gasolina,UKL1,REST,Standard,SAV,62
2023,11,SKODA,KAROQ,Corporate,ICE,Gasolina,UKL2,REST,Standard,SAT,225
2023,11,SKODA,KAROQ,Private,ICE,Gasolina,UKL2,REST,Standard,SAT,318
2023,11,SKODA,KODIAQ,Corporate,ICE,Gasolina/Electrico Enchufable,KKL,REST,Standard,SAV,232
2023,11,SKODA,KODIAQ,Private,ICE,Gasolina/Electrico Enchufable,KKL,REST,Standard,SAV,111
2023,11,SKODA,KODIAQ,RAC,ICE,Gasolina/Electrico Enchufable,KKL,REST,Standard,SAV,8
2023,11,SKODA,OCTAVIA,Corporate,ICE,Gasolina Mild Hybrid,UKL2,REST,Standard,ESTATE,158
2023,11,SKODA,OCTAVIA,Corporate,PHEV,Gasolina Mild Hybrid,UKL2,REST,Standard,ESTATE,29
2023,11,SKODA,OCTAVIA,Private,ICE,Gasolina Mild Hybrid,UKL2,REST,Standard,ESTATE,50
2023,11,SKODA,OCTAVIA,Private,PHEV,Gasolina Mild Hybrid,UKL2,REST,Standard,ESTATE,7
2023,11,SKODA,SCALA,Corporate,ICE,Gasolina,UKL2,REST,Standard,HACH 5P,145
2023,11,SKODA,SCALA,Private,ICE,Gasolina,UKL2,REST,Standard,HACH 5P,57
2023,11,SKODA,SCALA,RAC,ICE,Gasolina,UKL2,REST,Standard,HACH 5P,39
2023,11,SKODA,SUPERB,Corporate,ICE,Gasolina/Electrico Enchufable,KKL,REST,Standard,SEDAN,14
2023,11,SKODA,SUPERB,Corporate,PHEV,Gasolina/Electrico Enchufable,KKL,REST,Standard,SEDAN,14
2023,11,SKODA,SUPERB,Private,ICE,Gasolina/Electrico Enchufable,KKL,REST,Standard,SEDAN,12
2023,11,SKODA,SUPERB,Private,PHEV,Gasolina/Electrico Enchufable,KKL,REST,Standard,SEDAN,2
2023,11,SMART,,Corporate,BEV,Electrico,,REST,Standard,,20
2023,11,SMART,,Private,BEV,Electrico,,REST,Standard,,18
2023,11,SMART,,RAC,BEV,Electrico,,REST,Standard,,1
2023,11,SMART,#1,Corporate,BEV,Electrico,UKL1,FOCUS SEGMENT,Standard,SAV,48
2023,11,SMART,#1,Private,BEV,Electrico,UKL1,FOCUS SEGMENT,Standard,SAV,23
2023,11,SMART,#1,RAC,BEV,Electrico,UKL1,FOCUS SEGMENT,Standard,SAV,24
2023,11,SSANGYONG,KORANDO K4,Corporate,BEV,Diesel,KKL,REST,Standard,SAV,4
2023,11,SSANGYONG,KORANDO K4,Corporate,ICE,Diesel,KKL,REST,Standard,SAV,37
2023,11,SSANGYONG,KORANDO K4,Private,ICE,Diesel,KKL,REST,Standard,SAV,15
2023,11,SSANGYONG,REXTON,Corporate,ICE,Diesel,MKL,REST,Standard,SAV,10
2023,11,SSANGYONG,REXTON,Private,ICE,Diesel,MKL,REST,Standard,SAV,10
2023,11,SSANGYONG,TIVOLI,Corporate,ICE,Gasolina,UKL1,REST,Standard,SAV,11
2023,11,SSANGYONG,TIVOLI,Private,ICE,Gasolina,UKL1,REST,Standard,SAV,46
2023,11,SSANGYONG,TORRES,Corporate,ICE,Gasolina,KKL,REST,Standard,SAV,7
2023,11,SSANGYONG,TORRES,Private,ICE,Gasolina,KKL,REST,Standard,SAV,42
2023,11,SUBARU,BRZ,Corporate,ICE,Gasolina,UKL2,REST,Standard,COUPE,1
2023,11,SUBARU,BRZ,Private,ICE,Gasolina,UKL2,REST,Standard,COUPE,7
2023,11,SUBARU,FORESTER,Corporate,ICE,Gasolina/Electrico,KKL,REST,Standard,SAV,20
2023,11,SUBARU,FORESTER,Private,ICE,Gasolina/Electrico,KKL,REST,Standard,SAV,19
2023,11,SUBARU,IMPREZA,Private,ICE,Gasolina Mild Hybrid,UKL2,REST,Standard,HACH 5P,3
2023,11,SUBARU,OUTBACK,Corporate,ICE,Gasolina,KKL,REST,Standard,ESTATE,18
2023,11,SUBARU,OUTBACK,Private,ICE,Gasolina,KKL,REST,Standard,ESTATE,10
2023,11,SUBARU,SOLTERRA,Corporate,BEV,Electrico,UKL2,REST,Standard,SAV,2
2023,11,SUBARU,SOLTERRA,Private,BEV,Electrico,UKL2,REST,Standard,SAV,1
2023,11,SUBARU,XV,Corporate,ICE,Gasolina,UKL2,REST,Standard,SAV,9
2023,11,SUBARU,XV,Private,ICE,Gasolina,UKL2,REST,Standard,SAV,10
2023,11,SUZUKI,ACROSS,Corporate,PHEV,Gasolina/Electrico Enchufable,UKL2,REST,Standard,SAV,10
2023,11,SUZUKI,IGNIS,Corporate,ICE,Gasolina Mild Hybrid,UKL0,REST,Standard,HACH 5P,5
2023,11,SUZUKI,IGNIS,Private,ICE,Gasolina Mild Hybrid,UKL0,REST,Standard,HACH 5P,39
2023,11,SUZUKI,IGNIS,RAC,ICE,Gasolina Mild Hybrid,UKL0,REST,Standard,HACH 5P,1
2023,11,SUZUKI,JIMNY,Corporate,ICE,Gasolina,SKL,REST,Standard,TRANSPORTER,12
2023,11,SUZUKI,JIMNY,Private,ICE,Gasolina,SKL,REST,Standard,TRANSPORTER,24
2023,11,SUZUKI,SWIFT,Corporate,ICE,Gasolina Mild Hybrid,UKL1,REST,Standard,HACH 5P,3
2023,11,SUZUKI,SWIFT,Private,ICE,Gasolina Mild Hybrid,UKL1,REST,Standard,HACH 5P,40
2023,11,SUZUKI,SX4,Corporate,ICE,Gasolina/Electrico,UKL1,REST,Standard,SAV,24
2023,11,SUZUKI,SX4,Private,ICE,Gasolina/Electrico,UKL1,REST,Standard,SAV,55
2023,11,SUZUKI,SX4,RAC,ICE,Gasolina/Electrico,UKL1,REST,Standard,SAV,7
2023,11,SUZUKI,VITARA,Corporate,ICE,Gasolina/Electrico,UKL2,REST,Standard,SUV,17
2023,11,SUZUKI,VITARA,Private,ICE,Gasolina/Electrico,UKL2,REST,Standard,SUV,174
2023,11,SUZUKI,VITARA,RAC,ICE,Gasolina/Electrico,UKL2,REST,Standard,SUV,15
2023,11,TESLA,MODEL 3,Corporate,BEV,Electrico,KKL,FOCUS SEGMENT,Standard,SEDAN,229
2023,11,TESLA,MODEL 3,Private,BEV,Electrico,KKL,FOCUS SEGMENT,Standard,SEDAN,1413
2023,11,TESLA,MODEL 3,RAC,BEV,Electrico,KKL,FOCUS SEGMENT,Standard,SEDAN,1
2023,11,TESLA,MODEL S,Corporate,BEV,Electrico,GKL,FOCUS SEGMENT,Standard,SEDAN,3
2023,11,TESLA,MODEL S,Private,BEV,Electrico,GKL,FOCUS SEGMENT,Standard,SEDAN,4
2023,11,TESLA,MODEL X,Corporate,BEV,Electrico,GKL,FOCUS SEGMENT,Standard,SAT,7
2023,11,TESLA,MODEL X,Private,BEV,Electrico,GKL,FOCUS SEGMENT,Standard,SAT,5
2023,11,TESLA,MODEL Y,Corporate,BEV,Electrico,KKL,FOCUS SEGMENT,Standard,SAT,113
2023,11,TESLA,MODEL Y,Private,BEV,Electrico,KKL,FOCUS SEGMENT,Standard,SAT,700
2023,11,TOYOTA,,Corporate,ICE,Gasolina,,REST,Standard,,3
2023,11,TOYOTA,AYGO X,Corporate,ICE,Gasolina/Electrico,UKL0,REST,Standard,HACH 5P,19
2023,11,TOYOTA,AYGO X,Private,ICE,Gasolina/Electrico,UKL0,REST,Standard,HACH 5P,49
2023,11,TOYOTA,AYGO X,RAC,ICE,Gasolina/Electrico,UKL0,REST,Standard,HACH 5P,5
2023,11,TOYOTA,BZ4X,Corporate,BEV,Electrico,UKL2,REST,Standard,SAV,4
2023,11,TOYOTA,BZ4X,Private,BEV,Electrico,UKL2,REST,Standard,SAV,10
2023,11,TOYOTA,C-HR,Corporate,ICE,Gasolina/Electrico Enchufable,UKL1,REST,Standard,SAV,479
2023,11,TOYOTA,C-HR,Private,ICE,Gasolina/Electrico Enchufable,UKL1,REST,Standard,SAV,541
2023,11,TOYOTA,C-HR,RAC,ICE,Gasolina/Electrico Enchufable,UKL1,REST,Standard,SAV,34
2023,11,TOYOTA,CAMRY,Corporate,ICE,Gasolina/Electrico,KKL,REST,Standard,SEDAN,2
2023,11,TOYOTA,CAMRY,Private,ICE,Gasolina/Electrico,KKL,REST,Standard,SEDAN,2
2023,11,TOYOTA,COROLLA,Corporate,ICE,Gasolina/Electrico,UKL2,REST,Standard,HACH 5P,717
2023,11,TOYOTA,COROLLA,Private,ICE,Gasolina/Electrico,UKL2,REST,Standard,HACH 5P,1592
2023,11,TOYOTA,COROLLA,RAC,ICE,Gasolina/Electrico,UKL2,REST,Standard,HACH 5P,33
2023,11,TOYOTA,GR YARIS,Private,ICE,Gasolina,,,Standard,,1
2023,11,TOYOTA,GR86,Corporate,ICE,Gasolina,UKL2,REST,Standard,COUPE,4
2023,11,TOYOTA,GR86,Private,ICE,Gasolina,UKL2,REST,Standard,COUPE,89
2023,11,TOYOTA,HIGHLANDER,Corporate,ICE,Gasolina/Electrico,MKL,REST,Standard,SUV,46
2023,11,TOYOTA,HIGHLANDER,Private,ICE,Gasolina/Electrico,MKL,REST,Standard,SUV,23
2023,11,TOYOTA,LAND CRUISER,Corporate,ICE,Diesel Mild Hybrid,GKL,REST,Standard,SUV,31
2023,11,TOYOTA,LAND CRUISER,Private,ICE,Diesel Mild Hybrid,GKL,REST,Standard,SUV,14
2023,11,TOYOTA,PROACE,Corporate,ICE,Electrico,SKL,REST,Standard,TRANSPORTER,10
2023,11,TOYOTA,PROACE,Private,ICE,Electrico,SKL,REST,Standard,TRANSPORTER,24
2023,11,TOYOTA,PROACE VERSO,Corporate,BEV,Gasolina,SKL,REST,Standard,TRANSPORTER,10
2023,11,TOYOTA,PROACE VERSO,Corporate,ICE,Gasolina,SKL,REST,Standard,TRANSPORTER,97
2023,11,TOYOTA,PROACE VERSO,Private,BEV,Gasolina,SKL,REST,Standard,TRANSPORTER,2
2023,11,TOYOTA,PROACE VERSO,Private,ICE,Gasolina,SKL,REST,Standard,TRANSPORTER,126
2023,11,TOYOTA,PROACE VERSO,RAC,ICE,Gasolina,SKL,REST,Standard,TRANSPORTER,39
2023,11,TOYOTA,RAV 4,Corporate,ICE,Gasolina/Electrico Enchufable,UKL2,REST,Standard,SAV,279
2023,11,TOYOTA,RAV 4,Corporate,PHEV,Gasolina/Electrico Enchufable,UKL2,REST,Standard,SAV,51
2023,11,TOYOTA,RAV 4,Private,ICE,Gasolina/Electrico Enchufable,UKL2,REST,Standard,SAV,347
2023,11,TOYOTA,RAV 4,Private,PHEV,Gasolina/Electrico Enchufable,UKL2,REST,Standard,SAV,35
2023,11,TOYOTA,YARIS,Corporate,ICE,Gasolina/Electrico,UKL1,REST,Standard,HACH 5P,287
2023,11,TOYOTA,YARIS,Private,ICE,Gasolina/Electrico,UKL1,REST,Standard,HACH 5P,821
2023,11,TOYOTA,YARIS,RAC,ICE,Gasolina/Electrico,UKL1,REST,Standard,HACH 5P,46
2023,11,TOYOTA,YARIS CROSS,Corporate,ICE,Gasolina/Electrico,UKL1,REST,Standard,SAV,319
2023,11,TOYOTA,YARIS CROSS,Private,ICE,Gasolina/Electrico,UKL1,REST,Standard,SAV,848
2023,11,TOYOTA,YARIS CROSS,RAC,ICE,Gasolina/Electrico,UKL1,REST,Standard,SAV,52
2023,11,TRIPOD,,Private,ICE,Gasolina,,REST,Standard,,1
2023,11,VOLKSWAGEN,,Corporate,ICE,Diesel,,REST,Standard,,1
2023,11,VOLKSWAGEN,,Private,ICE,Diesel,,REST,Standard,,1
2023,11,VOLKSWAGEN,ARTEON,Corporate,ICE,Diesel,KKL,REST,Standard,SEDAN,30
2023,11,VOLKSWAGEN,ARTEON,Corporate,PHEV,Diesel,KKL,REST,Standard,SEDAN,3
2023,11,VOLKSWAGEN,ARTEON,Private,ICE,Diesel,KKL,REST,Standard,SEDAN,0
2023,11,VOLKSWAGEN,ARTEON,Private,PHEV,Diesel,KKL,REST,Standard,SEDAN,1
2023,11,VOLKSWAGEN,ARTEON,RAC,ICE,Diesel,KKL,REST,Standard,SEDAN,1
2023,11,VOLKSWAGEN,CADDY,Corporate,ICE,Gasolina/Electrico Enchufable,SKL,REST,Standard,TRANSPORTER,29
2023,11,VOLKSWAGEN,CADDY,Private,ICE,Gasolina/Electrico Enchufable,SKL,REST,Standard,TRANSPORTER,43
2023,11,VOLKSWAGEN,CADDY,RAC,ICE,Gasolina/Electrico Enchufable,SKL,REST,Standard,TRANSPORTER,2
2023,11,VOLKSWAGEN,CALIFORNIA,Corporate,ICE,Gasolina/Electrico Enchufable,SKL,REST,Standard,TRANSPORTER,7
2023,11,VOLKSWAGEN,CALIFORNIA,Private,ICE,Gasolina/Electrico Enchufable,SKL,REST,Standard,TRANSPORTER,19
2023,11,VOLKSWAGEN,CARAVELLE,Corporate,ICE,Gasolina/Electrico Enchufable,SKL,REST,Standard,TRANSPORTER,1
2023,11,VOLKSWAGEN,CARAVELLE,Private,ICE,Gasolina/Electrico Enchufable,SKL,REST,Standard,TRANSPORTER,5
2023,11,VOLKSWAGEN,CARAVELLE,RAC,ICE,Gasolina/Electrico Enchufable,SKL,REST,Standard,TRANSPORTER,14
2023,11,VOLKSWAGEN,GOLF,Corporate,ICE,Gasolina/Electrico Enchufable,UKL2,REST,Standard,HACH 5P,391
2023,11,VOLKSWAGEN,GOLF,Corporate,PHEV,Gasolina/Electrico Enchufable,UKL2,REST,Standard,HACH 5P,19
2023,11,VOLKSWAGEN,GOLF,Private,ICE,Gasolina/Electrico Enchufable,UKL2,REST,Standard,HACH 5P,121
2023,11,VOLKSWAGEN,GOLF,Private,PHEV,Gasolina/Electrico Enchufable,UKL2,REST,Standard,HACH 5P,7
2023,11,VOLKSWAGEN,GOLF,RAC,ICE,Gasolina/Electrico Enchufable,UKL2,REST,Standard,HACH 5P,13
2023,11,VOLKSWAGEN,ID.3,Corporate,BEV,Electrico,UKL2,REST,Standard,HACH 5P,6
2023,11,VOLKSWAGEN,ID.3,Private,BEV,Electrico,UKL2,REST,Standard,HACH 5P,13
2023,11,VOLKSWAGEN,ID.4,Corporate,BEV,Electrico,UKL2,REST,Standard,SAV,102
2023,11,VOLKSWAGEN,ID.4,Private,BEV,Electrico,UKL2,REST,Standard,SAV,16
2023,11,VOLKSWAGEN,ID.5,Corporate,BEV,Electrico,UKL2,REST,Standard,SAV,2
2023,11,VOLKSWAGEN,ID.BUZZ,Corporate,BEV,Electrico,SKL,REST,Standard,TRANSPORTER,36
2023,11,VOLKSWAGEN,ID.BUZZ,Private,BEV,Electrico,SKL,REST,Standard,TRANSPORTER,3
2023,11,VOLKSWAGEN,MULTIVAN,Corporate,PHEV,Gasolina/Electrico Enchufable,SKL,REST,Standard,TRANSPORTER,146
2023,11,VOLKSWAGEN,MULTIVAN,Private,ICE,Gasolina/Electrico Enchufable,SKL,REST,Standard,TRANSPORTER,3
2023,11,VOLKSWAGEN,MULTIVAN,Private,PHEV,Gasolina/Electrico Enchufable,SKL,REST,Standard,TRANSPORTER,11
2023,11,VOLKSWAGEN,PASSAT,Corporate,ICE,Gasolina/Electrico Enchufable,KKL,REST,Standard,ESTATE,68
2023,11,VOLKSWAGEN,PASSAT,Corporate,PHEV,Gasolina/Electrico Enchufable,KKL,REST,Standard,ESTATE,2
2023,11,VOLKSWAGEN,PASSAT,Private,ICE,Gasolina/Electrico Enchufable,KKL,REST,Standard,ESTATE,2
2023,11,VOLKSWAGEN,POLO,Corporate,ICE,Gasolina,UKL1,REST,Standard,HACH 5P,322
2023,11,VOLKSWAGEN,POLO,Private,ICE,Gasolina,UKL1,REST,Standard,HACH 5P,313
2023,11,VOLKSWAGEN,POLO,RAC,ICE,Gasolina,UKL1,REST,Standard,HACH 5P,246
2023,11,VOLKSWAGEN,T-CROSS,Corporate,ICE,Gasolina,UKL1,REST,Standard,SAV,241
2023,11,VOLKSWAGEN,T-CROSS,Private,ICE,Gasolina,UKL1,REST,Standard,SAV,304
2023,11,VOLKSWAGEN,T-CROSS,RAC,ICE,Gasolina,UKL1,REST,Standard,SAV,20
2023,11,VOLKSWAGEN,T-ROC,Corporate,ICE,Gasolina Mild Hybrid,UKL2,REST,Standard,SAV,925
2023,11,VOLKSWAGEN,T-ROC,Private,ICE,Gasolina Mild Hybrid,UKL2,REST,Standard,SAV,773
2023,11,VOLKSWAGEN,T-ROC,RAC,ICE,Gasolina Mild Hybrid,UKL2,REST,Standard,SAV,25
2023,11,VOLKSWAGEN,TAIGO,Corporate,ICE,Gasolina,UKL1,REST,Standard,SAV,227
2023,11,VOLKSWAGEN,TAIGO,Private,ICE,Gasolina,UKL1,REST,Standard,SAV,272
2023,11,VOLKSWAGEN,TAIGO,RAC,ICE,Gasolina,UKL1,REST,Standard,SAV,214
2023,11,VOLKSWAGEN,TIGUAN,Corporate,ICE,Gasolina/Electrico Enchufable,UKL2,REST,Standard,SAV,284
2023,11,VOLKSWAGEN,TIGUAN,Corporate,PHEV,Gasolina/Electrico Enchufable,UKL2,REST,Standard,SAV,142
2023,11,VOLKSWAGEN,TIGUAN,Private,ICE,Gasolina/Electrico Enchufable,UKL2,REST,Standard,SAV,112
2023,11,VOLKSWAGEN,TIGUAN,Private,PHEV,Gasolina/Electrico Enchufable,UKL2,REST,Standard,SAV,90
2023,11,VOLKSWAGEN,TOUAREG,Corporate,ICE,Gasolina/Electrico Enchufable,MKL,REST,Standard,SAV,9
2023,11,VOLKSWAGEN,TOUAREG,Corporate,PHEV,Gasolina/Electrico Enchufable,MKL,REST,Standard,SAV,16
2023,11,VOLKSWAGEN,TOUAREG,Private,ICE,Gasolina/Electrico Enchufable,MKL,REST,Standard,SAV,1
2023,11,VOLKSWAGEN,TOUAREG,Private,PHEV,Gasolina/Electrico Enchufable,MKL,REST,Standard,SAV,3
2023,11,VOLKSWAGEN,TOURAN,Corporate,ICE,Gasolina,UKL2,REST,Standard,MPV,42
2023,11,VOLKSWAGEN,TOURAN,Private,ICE,Gasolina,UKL2,REST,Standard,MPV,22
2023,11,VOLKSWAGEN,TRANSPORTER,Private,ICE,Gasolina/Electrico Enchufable,SKL,REST,Standard,TRANSPORTER,1
2023,11,VOLKSWAGEN V W,,Corporate,ICE,Gasolina,,REST,Standard,,1
2023,11,VOLKSWAGEN V W,,Private,BEV,Electrico,,REST,Standard,,1
2023,11,VOLKSWAGEN V W,,Private,ICE,Diesel,,REST,Standard,,0
2023,11,VOLKSWAGEN V W,,Private,PHEV,Gasolina/Electrico Enchufable,,REST,Standard,,1
2023,11,VOLVO,C40,Corporate,BEV,Electrico,UKL2,FOCUS SEGMENT,Standard,SAV,34
2023,11,VOLVO,C40,Private,BEV,Electrico,UKL2,FOCUS SEGMENT,Standard,SAV,14
2023,11,VOLVO,EX30,Corporate,BEV,Electrico,UKL1,FOCUS SEGMENT,Standard,SAV,27
2023,11,VOLVO,S60,Corporate,ICE,Gasolina/Electrico Enchufable,KKL,FOCUS SEGMENT,Standard,SEDAN,5
2023,11,VOLVO,S60,Private,ICE,Gasolina/Electrico Enchufable,KKL,FOCUS SEGMENT,Standard,SEDAN,3
2023,11,VOLVO,S60,Private,PHEV,Gasolina/Electrico Enchufable,KKL,FOCUS SEGMENT,Standard,SEDAN,1
2023,11,VOLVO,S60,RAC,ICE,Gasolina/Electrico Enchufable,KKL,FOCUS SEGMENT,Standard,SEDAN,10
2023,11,VOLVO,S90,Corporate,ICE,Diesel Mild Hybrid,MKL,FOCUS SEGMENT,Standard,SEDAN,4
2023,11,VOLVO,S90,Corporate,PHEV,Diesel Mild Hybrid,MKL,FOCUS SEGMENT,Standard,SEDAN,15
2023,11,VOLVO,S90,Private,ICE,Diesel Mild Hybrid,MKL,FOCUS SEGMENT,Standard,SEDAN,1
2023,11,VOLVO,V60,Corporate,ICE,Gasolina/Electrico Enchufable,KKL,FOCUS SEGMENT,Standard,ESTATE,26
2023,11,VOLVO,V60,Corporate,PHEV,Gasolina/Electrico Enchufable,KKL,FOCUS SEGMENT,Standard,ESTATE,2
2023,11,VOLVO,V60,Private,ICE,Gasolina/Electrico Enchufable,KKL,FOCUS SEGMENT,Standard,ESTATE,3
2023,11,VOLVO,V90,Corporate,ICE,Gasolina/Electrico Enchufable,MKL,FOCUS SEGMENT,Standard,ESTATE,5
2023,11,VOLVO,V90,Corporate,PHEV,Gasolina/Electrico Enchufable,MKL,FOCUS SEGMENT,Standard,ESTATE,1
2023,11,VOLVO,V90,Private,ICE,Gasolina/Electrico Enchufable,MKL,FOCUS SEGMENT,Standard,ESTATE,2
2023,11,VOLVO,XC40,Corporate,BEV,Gasolina Mild Hybrid,UKL2,FOCUS SEGMENT,Standard,SAV,50
2023,11,VOLVO,XC40,Corporate,ICE,Gasolina Mild Hybrid,UKL2,FOCUS SEGMENT,Standard,SAV,169
2023,11,VOLVO,XC40,Corporate,PHEV,Gasolina Mild Hybrid,UKL2,FOCUS SEGMENT,Standard,SAV,72
2023,11,VOLVO,XC40,Private,BEV,Gasolina Mild Hybrid,UKL2,FOCUS SEGMENT,Standard,SAV,49
2023,11,VOLVO,XC40,Private,ICE,Gasolina Mild Hybrid,UKL2,FOCUS SEGMENT,Standard,SAV,151
2023,11,VOLVO,XC40,Private,PHEV,Gasolina Mild Hybrid,UKL2,FOCUS SEGMENT,Standard,SAV,24
2023,11,VOLVO,XC40,RAC,ICE,Gasolina Mild Hybrid,UKL2,FOCUS SEGMENT,Standard,SAV,1
2023,11,VOLVO,XC60,Corporate,ICE,Gasolina/Electrico Enchufable,KKL,FOCUS SEGMENT,Standard,SAV,252
2023,11,VOLVO,XC60,Corporate,PHEV,Gasolina/Electrico Enchufable,KKL,FOCUS SEGMENT,Standard,SAV,155
2023,11,VOLVO,XC60,Private,ICE,Gasolina/Electrico Enchufable,KKL,FOCUS SEGMENT,Standard,SAV,62
2023,11,VOLVO,XC60,Private,PHEV,Gasolina/Electrico Enchufable,KKL,FOCUS SEGMENT,Standard,SAV,23
2023,11,VOLVO,XC60,RAC,ICE,Gasolina/Electrico Enchufable,KKL,FOCUS SEGMENT,Standard,SAV,103
2023,11,VOLVO,XC60,RAC,PHEV,Gasolina/Electrico Enchufable,KKL,FOCUS SEGMENT,Standard,SAV,12
2023,11,VOLVO,XC90,Corporate,ICE,Gasolina/Electrico Enchufable,MKL,FOCUS SEGMENT,Standard,SAV,38
2023,11,VOLVO,XC90,Corporate,PHEV,Gasolina/Electrico Enchufable,MKL,FOCUS SEGMENT,Standard,SAV,69
2023,11,VOLVO,XC90,Private,BEV,Gasolina/Electrico Enchufable,MKL,FOCUS SEGMENT,Standard,SAV,1
2023,11,VOLVO,XC90,Private,ICE,Gasolina/Electrico Enchufable,MKL,FOCUS SEGMENT,Standard,SAV,8
2023,11,VOLVO,XC90,Private,PHEV,Gasolina/Electrico Enchufable,MKL,FOCUS SEGMENT,Standard,SAV,4
2023,11,VOLVO,XC90,RAC,ICE,Gasolina/Electrico Enchufable,MKL,FOCUS SEGMENT,Standard,SAV,23
2023,11,WESTFIELD,,Private,ICE,Gasolina,,REST,Standard,,1
