anyo,mes,dia,marca,modelo,canal,fuel_type,fuel,segmento,subseg,hp,body_type,count
2026,06,15,A.A. AIRBUS,,Corporate,ICE,Diesel,,REST,Standard,,4
2026,06,15,AION,V,Corporate,BEV,Electrico,UKL2,REST,Standard,SAV,8
2026,06,15,ALFA ROMEO,JUNIOR,Corporate,ICE,Gasolina Mild Hybrid,UKL1,REST,Standard,SAV,3
2026,06,15,ALFA ROMEO,JUNIOR,RAC,ICE,Gasolina Mild Hybrid,UKL1,REST,Standard,SAV,3
2026,06,15,ALPINE,,Corporate,BEV,Electrico,,REST,Standard,,1
2026,06,15,ANGEL BRUGUERA FONT,,Corporate,ICE,Diesel,,REST,Standard,,1
2026,06,15,ATALAYA,,RAC,ICE,Diesel,,REST,Standard,,1
2026,06,15,AUDI,A1,Corporate,ICE,Gasolina,UKL1,FOCUS SEGMENT,Standard,HACH 5P,10
2026,06,15,AUDI,A1,Private,ICE,Gasolina,UKL1,FOCUS SEGMENT,Standard,HACH 5P,7
2026,06,15,AUDI,A1,RAC,ICE,Gasolina,UKL1,FOCUS SEGMENT,Standard,HACH 5P,1
2026,06,15,AUDI,A3,Corporate,ICE,Gasolina/Electrico Enchufable,UKL2,FOCUS SEGMENT,Standard,HACH 5P,21
2026,06,15,AUDI,A3,Corporate,PHEV,Gasolina/Electrico Enchufable,UKL2,FOCUS SEGMENT,Standard,HACH 5P,3
2026,06,15,AUDI,A3,Private,ICE,Gasolina/Electrico Enchufable,UKL2,FOCUS SEGMENT,Standard,HACH 5P,3
2026,06,15,AUDI,A3,Private,PHEV,Gasolina/Electrico Enchufable,UKL2,FOCUS SEGMENT,Standard,HACH 5P,3
2026,06,15,AUDI,A3,RAC,ICE,Gasolina/Electrico Enchufable,UKL2,FOCUS SEGMENT,Standard,HACH 5P,9
2026,06,15,AUDI,A5,Corporate,ICE,Gasolina/Electrico Enchufable,KKL,FOCUS SEGMENT,Standard,SEDAN,2
2026,06,15,AUDI,A5,Private,ICE,Gasolina/Electrico Enchufable,KKL,FOCUS SEGMENT,M Performance,SEDAN,1
2026,06,15,AUDI,A5,Private,ICE,Gasolina/Electrico Enchufable,KKL,FOCUS SEGMENT,Standard,SEDAN,1
2026,06,15,AUDI,A6,Corporate,BEV,Gasolina/Electrico Enchufable,MKL,FOCUS SEGMENT,Standard,SEDAN,1
2026,06,15,AUDI,A6,Corporate,ICE,Gasolina/Electrico Enchufable,MKL,FOCUS SEGMENT,Standard,SEDAN,1
2026,06,15,AUDI,A6,RAC,PHEV,Gasolina/Electrico Enchufable,MKL,FOCUS SEGMENT,Standard,SEDAN,3
2026,06,15,AUDI,Q2,Corporate,ICE,Gasolina,UKL2,FOCUS SEGMENT,Standard,SAV,3
2026,06,15,AUDI,Q2,Private,ICE,Gasolina,UKL2,FOCUS SEGMENT,Standard,SAV,2
2026,06,15,AUDI,Q3,Corporate,ICE,Gasolina/Electrico Enchufable,UKL2,FOCUS SEGMENT,Standard,SAV,1
2026,06,15,AUDI,Q3,Corporate,PHEV,Gasolina/Electrico Enchufable,UKL2,FOCUS SEGMENT,Standard,SAV,3
2026,06,15,AUDI,Q3,Private,ICE,Gasolina/Electrico Enchufable,UKL2,FOCUS SEGMENT,Standard,SAV,4
2026,06,15,AUDI,Q3,Private,PHEV,Gasolina/Electrico Enchufable,UKL2,FOCUS SEGMENT,Standard,SAV,1
2026,06,15,AUDI,Q3 SPORTBACK,Corporate,ICE,Gasolina/Electrico Enchufable,UKL2,FOCUS SEGMENT,Standard,SAV,6
2026,06,15,AUDI,Q3 SPORTBACK,Corporate,PHEV,Gasolina/Electrico Enchufable,UKL2,FOCUS SEGMENT,Standard,SAV,4
2026,06,15,AUDI,Q3 SPORTBACK,Private,ICE,Gasolina/Electrico Enchufable,UKL2,FOCUS SEGMENT,Standard,SAV,1
2026,06,15,AUDI,Q3 SPORTBACK,Private,PHEV,Gasolina/Electrico Enchufable,UKL2,FOCUS SEGMENT,Standard,SAV,4
2026,06,15,AUDI,Q4 E-TRON,Private,BEV,Electrico,UKL2,FOCUS SEGMENT,Standard,SAV,2
2026,06,15,AUDI,Q4 SPORTBACK E-TRON,Corporate,BEV,Electrico,UKL2,FOCUS SEGMENT,Standard,SAV,2
2026,06,15,AUDI,Q4 SPORTBACK E-TRON,Private,BEV,Electrico,UKL2,FOCUS SEGMENT,Standard,SAV,3
2026,06,15,AUDI,Q5,Corporate,ICE,Gasolina/Electrico Enchufable,KKL,FOCUS SEGMENT,Standard,SAV,5
2026,06,15,AUDI,Q5,Corporate,PHEV,Gasolina/Electrico Enchufable,KKL,FOCUS SEGMENT,Standard,SAV,1
2026,06,15,AUDI,Q5,Private,PHEV,Gasolina/Electrico Enchufable,KKL,FOCUS SEGMENT,Standard,SAV,2
2026,06,15,AUDI,Q5 SPORTBACK,Corporate,ICE,Gasolina/Electrico Enchufable,KKL,FOCUS SEGMENT,Standard,SAV,6
2026,06,15,AUDI,Q5 SPORTBACK,Corporate,PHEV,Gasolina/Electrico Enchufable,KKL,FOCUS SEGMENT,Standard,SAV,4
2026,06,15,AUDI,Q5 SPORTBACK,Private,ICE,Gasolina/Electrico Enchufable,KKL,FOCUS SEGMENT,M Performance,SAV,1
2026,06,15,AUDI,Q5 SPORTBACK,Private,ICE,Gasolina/Electrico Enchufable,KKL,FOCUS SEGMENT,Standard,SAV,4
2026,06,15,AUDI,Q5 SPORTBACK,Private,PHEV,Gasolina/Electrico Enchufable,KKL,FOCUS SEGMENT,Standard,SAV,1
2026,06,15,AUDI,Q6 E-TRON SPORTBACK,Corporate,BEV,Electrico,KKL,FOCUS SEGMENT,Standard,SAV,1
2026,06,15,AUDI,Q8,Private,PHEV,Gasolina/Electrico Enchufable,MKL,FOCUS SEGMENT,Standard,SAV,1
2026,06,15,BMW,SERIE 1,Corporate,ICE,Gasolina,UKL2,FOCUS SEGMENT,Standard,HACH 5P,6
2026,06,15,BMW,SERIE 1,Private,ICE,Gasolina,UKL2,FOCUS SEGMENT,Standard,HACH 5P,4
2026,06,15,BMW,SERIE 1,RAC,ICE,Gasolina,UKL2,FOCUS SEGMENT,Standard,HACH 5P,3
2026,06,15,BMW,SERIE 2,Corporate,ICE,Gasolina/Electrico Enchufable,UKL2,FOCUS SEGMENT,M Performance,MPV,1
2026,06,15,BMW,SERIE 2,Corporate,ICE,Gasolina/Electrico Enchufable,UKL2,FOCUS SEGMENT,Standard,MPV,3
2026,06,15,BMW,SERIE 2,Corporate,PHEV,Gasolina/Electrico Enchufable,UKL2,FOCUS SEGMENT,Standard,MPV,1
2026,06,15,BMW,SERIE 2,Private,ICE,Gasolina/Electrico Enchufable,UKL2,FOCUS SEGMENT,M,MPV,1
2026,06,15,BMW,SERIE 2,Private,ICE,Gasolina/Electrico Enchufable,UKL2,FOCUS SEGMENT,Standard,MPV,3
2026,06,15,BMW,SERIE 3,Corporate,ICE,Gasolina,KKL,FOCUS SEGMENT,M Performance,ESTATE,1
2026,06,15,BMW,SERIE 3,Corporate,ICE,Gasolina,KKL,FOCUS SEGMENT,Standard,ESTATE,3
2026,06,15,BMW,SERIE 3,Private,ICE,Gasolina,KKL,FOCUS SEGMENT,Standard,ESTATE,2
2026,06,15,BMW,SERIE 4,Corporate,ICE,Gasolina,KKL,FOCUS SEGMENT,Standard,CABRIO,1
2026,06,15,BMW,SERIE 5,Corporate,ICE,Gasolina/Electrico Enchufable,MKL,FOCUS SEGMENT,Standard,ESTATE,5
2026,06,15,BMW,X1,Corporate,ICE,Gasolina/Electrico Enchufable,UKL2,FOCUS SEGMENT,M Performance,SAV,1
2026,06,15,BMW,X1,Corporate,ICE,Gasolina/Electrico Enchufable,UKL2,FOCUS SEGMENT,Standard,SAV,23
2026,06,15,BMW,X1,Corporate,PHEV,Gasolina/Electrico Enchufable,UKL2,FOCUS SEGMENT,Standard,SAV,6
2026,06,15,BMW,X1,Private,ICE,Gasolina/Electrico Enchufable,UKL2,FOCUS SEGMENT,Standard,SAV,6
2026,06,15,BMW,X1,Private,PHEV,Gasolina/Electrico Enchufable,UKL2,FOCUS SEGMENT,Standard,SAV,3
2026,06,15,BMW,X2,Corporate,ICE,Diesel Mild Hybrid,UKL2,FOCUS SEGMENT,M Performance,SAV,1
2026,06,15,BMW,X2,Corporate,ICE,Diesel Mild Hybrid,UKL2,FOCUS SEGMENT,Standard,SAV,9
2026,06,15,BMW,X2,Private,ICE,Diesel Mild Hybrid,UKL2,FOCUS SEGMENT,Standard,SAV,4
2026,06,15,BMW,X3,Corporate,ICE,Gasolina Mild Hybrid,KKL,FOCUS SEGMENT,M Performance,SAV,2
2026,06,15,BMW,X3,Corporate,ICE,Gasolina Mild Hybrid,KKL,FOCUS SEGMENT,Standard,SAV,8
2026,06,15,BMW,X3,Corporate,PHEV,Gasolina Mild Hybrid,KKL,FOCUS SEGMENT,Standard,SAV,7
2026,06,15,BMW,X3,Private,PHEV,Gasolina Mild Hybrid,KKL,FOCUS SEGMENT,Standard,SAV,2
2026,06,15,BMW,X4,Corporate,ICE,Diesel Mild Hybrid,KKL,FOCUS SEGMENT,Standard,SAV,1
2026,06,15,BMW,X5,Corporate,ICE,Gasolina/Electrico Enchufable,MKL,FOCUS SEGMENT,Standard,SAV,4
2026,06,15,BMW,X5,Corporate,PHEV,Gasolina/Electrico Enchufable,MKL,FOCUS SEGMENT,Standard,SAV,2
2026,06,15,BMW,i4,Corporate,BEV,Electrico,KKL,FOCUS SEGMENT,Standard,SEDAN,2
2026,06,15,BMW,i4,Private,BEV,Electrico,KKL,FOCUS SEGMENT,Standard,SEDAN,2
2026,06,15,BMW,iX1,Corporate,BEV,Electrico,UKL2,FOCUS SEGMENT,Standard,SAV,1
2026,06,15,BMW,iX1,Private,BEV,Electrico,UKL2,FOCUS SEGMENT,Standard,SAV,6
2026,06,15,BMW,iX1,RAC,BEV,Electrico,UKL2,FOCUS SEGMENT,Standard,SAV,1
2026,06,15,BMW,iX2,Corporate,BEV,Electrico,UKL2,FOCUS SEGMENT,Standard,SAV,1
2026,06,15,BMW,iX2,Private,BEV,Electrico,UKL2,FOCUS SEGMENT,Standard,SAV,1
2026,06,15,BMW,iX3,Corporate,BEV,Electrico,KKL,FOCUS SEGMENT,Standard,SAV,7
2026,06,15,BMW,iX3,Private,BEV,Electrico,KKL,FOCUS SEGMENT,Standard,SAV,2
2026,06,15,BYD,ATTO 2,Corporate,BEV,Gasolina/Electrico Enchufable,UKL1,REST,Standard,SAV,2
2026,06,15,BYD,ATTO 2,Corporate,PHEV,Gasolina/Electrico Enchufable,UKL1,REST,Standard,SAV,2
2026,06,15,BYD,ATTO 2,Private,BEV,Gasolina/Electrico Enchufable,UKL1,REST,Standard,SAV,5
2026,06,15,BYD,ATTO 2,Private,PHEV,Gasolina/Electrico Enchufable,UKL1,REST,Standard,SAV,13
2026,06,15,BYD,ATTO 3 EVO,Corporate,BEV,Electrico,UKL2,REST,Standard,SAV,1
2026,06,15,BYD,ATTO 3 EVO,Private,BEV,Electrico,UKL2,REST,Standard,SAV,5
2026,06,15,BYD,DOLPHIN,Private,BEV,Electrico,UKL1,REST,Standard,HACH 5P,2
2026,06,15,BYD,DOLPHIN G,Corporate,PHEV,Gasolina/Electrico Enchufable,UKL1,REST,Standard,HACH 5P,7
2026,06,15,BYD,DOLPHIN SURF,Corporate,BEV,Electrico,UKL0,REST,Standard,HACH 5P,2
2026,06,15,BYD,DOLPHIN SURF,Private,BEV,Electrico,UKL0,REST,Standard,HACH 5P,12
2026,06,15,BYD,SEAL,Private,BEV,Electrico,KKL,REST,Standard,SEDAN,2
2026,06,15,BYD,SEAL 6,Corporate,PHEV,Gasolina/Electrico Enchufable,KKL,REST,Standard,SEDAN,2
2026,06,15,BYD,SEAL U,Corporate,BEV,Gasolina/Electrico Enchufable,KKL,REST,Standard,SAV,1
2026,06,15,BYD,SEAL U,Corporate,PHEV,Gasolina/Electrico Enchufable,KKL,REST,Standard,SAV,11
2026,06,15,BYD,SEAL U,Private,BEV,Gasolina/Electrico Enchufable,KKL,REST,Standard,SAV,1
2026,06,15,BYD,SEAL U,Private,PHEV,Gasolina/Electrico Enchufable,KKL,REST,Standard,SAV,23
2026,06,15,BYD,SEALION 7,Corporate,BEV,Electrico,KKL,REST,Standard,SAV,1
2026,06,15,BYD,SEALION 7,Private,BEV,Electrico,KKL,REST,Standard,SAV,6
2026,06,15,CADILLAC,ESCALADE,Corporate,ICE,Gasolina,GKL,FOCUS SEGMENT,Standard,SUV,1
2026,06,15,CAJISA,,RAC,ICE,Diesel,,REST,Standard,,6
2026,06,15,CARROCERIAS DEL VALLE,,Corporate,ICE,Diesel,,REST,Standard,,1
2026,06,15,CARROCERIAS FRIGOASTUR,,RAC,ICE,Diesel,,REST,Standard,,1
2026,06,15,CARROCERIAS SANCA,,Corporate,ICE,Diesel,,REST,Standard,,1
2026,06,15,CAYVOL,,Corporate,ICE,Diesel,,REST,Standard,,1
2026,06,15,CHALLENGER,,Private,ICE,Diesel,,REST,Standard,,1
2026,06,15,CHANGAN,DEEPAL S05,Private,BEV,Gasolina/Electrico Enchufable,UKL2,REST,Standard,HACH 5P,11
2026,06,15,CHANGAN,DEEPAL S07,Private,BEV,Electrico,UKL2,REST,Standard,SAV,1
2026,06,15,CIRELLI,,Corporate,ICE,Gasolina,,REST,Standard,,1
2026,06,15,CIRELLI,,Private,ICE,Gasolina,,REST,Standard,,2
2026,06,15,CITROEN,BERLINGO,Corporate,ICE,Electrico,SKL,REST,Standard,TRANSPORTER,37
2026,06,15,CITROEN,BERLINGO,Private,BEV,Electrico,SKL,REST,Standard,TRANSPORTER,2
2026,06,15,CITROEN,BERLINGO,Private,ICE,Electrico,SKL,REST,Standard,TRANSPORTER,3
2026,06,15,CITROEN,C3,Corporate,BEV,Gasolina Mild Hybrid,UKL1,REST,Standard,HACH 5P,1
2026,06,15,CITROEN,C3,Corporate,ICE,Gasolina Mild Hybrid,UKL1,REST,Standard,HACH 5P,7
2026,06,15,CITROEN,C3,Private,BEV,Gasolina Mild Hybrid,UKL1,REST,Standard,HACH 5P,5
2026,06,15,CITROEN,C3,Private,ICE,Gasolina Mild Hybrid,UKL1,REST,Standard,HACH 5P,5
2026,06,15,CITROEN,C3 AIRCROSS,Corporate,ICE,Gasolina Mild Hybrid,UKL2,REST,Standard,SAV,4
2026,06,15,CITROEN,C3 AIRCROSS,Private,ICE,Gasolina Mild Hybrid,UKL2,REST,Standard,SAV,5
2026,06,15,CITROEN,C4,Corporate,ICE,Gasolina Mild Hybrid,UKL2,REST,Standard,HACH 5P,6
2026,06,15,CITROEN,C4,Private,BEV,Gasolina Mild Hybrid,UKL2,REST,Standard,HACH 5P,1
2026,06,15,CITROEN,C4,Private,ICE,Gasolina Mild Hybrid,UKL2,REST,Standard,HACH 5P,5
2026,06,15,CITROEN,C4X,Private,ICE,Gasolina Mild Hybrid,UKL2,REST,Standard,SEDAN,2
2026,06,15,CITROEN,C5 AIRCROSS,Corporate,ICE,Gasolina/Electrico Enchufable,UKL2,REST,Standard,SAV,1
2026,06,15,CITROEN,C5 AIRCROSS,Private,ICE,Gasolina/Electrico Enchufable,UKL2,REST,Standard,SAV,4
2026,06,15,CITROEN,JUMPER,Corporate,ICE,Diesel,SKL,REST,Standard,TRANSPORTER,11
2026,06,15,CITROEN,JUMPER,Private,ICE,Diesel,SKL,REST,Standard,TRANSPORTER,1
2026,06,15,CITROEN,JUMPY,Corporate,ICE,Electrico,SKL,REST,Standard,TRANSPORTER,6
2026,06,15,CITROEN,JUMPY,Private,BEV,Electrico,SKL,REST,Standard,TRANSPORTER,1
2026,06,15,CITROEN,JUMPY,Private,ICE,Electrico,SKL,REST,Standard,TRANSPORTER,2
2026,06,15,CITROEN,JUMPY,RAC,ICE,Electrico,SKL,REST,Standard,TRANSPORTER,1
2026,06,15,COCAR,,Corporate,ICE,Diesel,,REST,Standard,,1
2026,06,15,COCAR,,RAC,ICE,Diesel,,REST,Standard,,1
2026,06,15,CUPRA,CUPRA LEON,Corporate,ICE,Gasolina/Electrico Enchufable,UKL2,REST,Standard,HACH 5P,3
2026,06,15,CUPRA,CUPRA LEON,Corporate,PHEV,Gasolina/Electrico Enchufable,UKL2,REST,Standard,HACH 5P,1
2026,06,15,CUPRA,CUPRA LEON,Private,ICE,Gasolina/Electrico Enchufable,UKL2,REST,Standard,HACH 5P,8
2026,06,15,CUPRA,CUPRA LEON,Private,PHEV,Gasolina/Electrico Enchufable,UKL2,REST,Standard,HACH 5P,3
2026,06,15,CUPRA,CUPRA LEON,RAC,ICE,Gasolina/Electrico Enchufable,UKL2,REST,Standard,HACH 5P,6
2026,06,15,CUPRA,FORMENTOR,Corporate,ICE,Gasolina/Electrico Enchufable,UKL2,REST,Standard,SAT,4
2026,06,15,CUPRA,FORMENTOR,Private,ICE,Gasolina/Electrico Enchufable,UKL2,REST,Standard,SAT,2
2026,06,15,CUPRA,FORMENTOR,Private,PHEV,Gasolina/Electrico Enchufable,UKL2,REST,Standard,SAT,2
2026,06,15,CUPRA,FORMENTOR,RAC,ICE,Gasolina/Electrico Enchufable,UKL2,REST,Standard,SAT,3
2026,06,15,CUPRA,RAVAL,Corporate,BEV,Electrico,UKL1,REST,Standard,HACH 5P,4
2026,06,15,CUPRA,RAVAL,Private,BEV,Electrico,UKL1,REST,Standard,HACH 5P,4
2026,06,15,CUPRA,TAVASCAN,Private,BEV,Electrico,UKL2,REST,Standard,SAV,1
2026,06,15,CUPRA,TERRAMAR,Corporate,ICE,Gasolina/Electrico Enchufable,UKL2,REST,Standard,SAT,2
2026,06,15,CUPRA,TERRAMAR,Private,ICE,Gasolina/Electrico Enchufable,UKL2,REST,Standard,SAT,5
2026,06,15,CUPRA,TERRAMAR,Private,PHEV,Gasolina/Electrico Enchufable,UKL2,REST,Standard,SAT,1
2026,06,15,CUPRA,TERRAMAR,RAC,PHEV,Gasolina/Electrico Enchufable,UKL2,REST,Standard,SAT,1
2026,06,15,DACIA,BIGSTER,Corporate,ICE,Gasolina/Electrico,UKL2,REST,Standard,SAV,3
2026,06,15,DACIA,BIGSTER,Private,ICE,Gasolina/Electrico,UKL2,REST,Standard,SAV,23
2026,06,15,DACIA,BIGSTER,RAC,ICE,Gasolina/Electrico,UKL2,REST,Standard,SAV,16
2026,06,15,DACIA,DUSTER,Corporate,ICE,Gasolina/Electrico,SKL,REST,Standard,PICKUP,7
2026,06,15,DACIA,DUSTER,Private,ICE,Gasolina/Electrico,SKL,REST,Standard,PICKUP,52
2026,06,15,DACIA,JOGGER,Corporate,ICE,Gasolina/Electrico,UKL2,REST,Standard,MPV,2
2026,06,15,DACIA,JOGGER,Private,ICE,Gasolina/Electrico,UKL2,REST,Standard,MPV,12
2026,06,15,DACIA,JOGGER,RAC,ICE,Gasolina/Electrico,UKL2,REST,Standard,MPV,8
2026,06,15,DACIA,SANDERO,Corporate,ICE,Gasolina,UKL1,REST,Standard,HACH 5P,14
2026,06,15,DACIA,SANDERO,Private,ICE,Gasolina,UKL1,REST,Standard,HACH 5P,146
2026,06,15,DACIA,SANDERO,RAC,ICE,Gasolina,UKL1,REST,Standard,HACH 5P,1
2026,06,15,DACIA,SPRING,Private,BEV,Electrico,UKL0,REST,Standard,SAV,1
2026,06,15,DFSK,E5,Private,PHEV,Gasolina/Electrico Enchufable,KKL,REST,Standard,SAV,1
2026,06,15,DIGAL,,Corporate,ICE,Diesel,,REST,Standard,,1
2026,06,15,DS,DS7 CROSSBACK,Corporate,ICE,Gasolina/Electrico Enchufable,UKL2,REST,Standard,SAV,2
2026,06,15,EBRO,S400,Corporate,ICE,Gasolina/Electrico,UKL2,REST,Standard,SAV,1
2026,06,15,EBRO,S400,Private,ICE,Gasolina/Electrico,UKL2,REST,Standard,SAV,35
2026,06,15,EBRO,S700,Private,ICE,Gasolina/Electrico Enchufable,UKL2,REST,Standard,SAV,5
2026,06,15,EBRO,S700,Private,PHEV,Gasolina/Electrico Enchufable,UKL2,REST,Standard,SAV,7
2026,06,15,EBRO,S800,Corporate,PHEV,Gasolina/Electrico Enchufable,KKL,REST,Standard,SAV,1
2026,06,15,EBRO,S800,Private,PHEV,Gasolina/Electrico Enchufable,KKL,REST,Standard,SAV,3
2026,06,15,EBRO,S900,Corporate,PHEV,Gasolina/Electrico Enchufable,UKL2,REST,Standard,SAV,2
2026,06,15,EBRO,S900,Private,PHEV,Gasolina/Electrico Enchufable,UKL2,REST,Standard,SAV,3
2026,06,15,EGA,,Corporate,ICE,Diesel,,REST,Standard,,1
2026,06,15,ELNAGH,,Private,ICE,Diesel,,REST,Standard,,2
2026,06,15,ERKE,,Corporate,BEV,Electrico,,REST,Standard,,1
2026,06,15,EURA MOBIL,,Private,ICE,Diesel,,REST,Standard,,1
2026,06,15,EUROCARROCERA,,Corporate,ICE,Diesel,,REST,Standard,,19
2026,06,15,EVO,,Private,ICE,Gas Licuado con petroleo (GLP),,REST,Standard,,2
2026,06,15,EVO,,Private,ICE,Gasolina,,REST,Standard,,5
2026,06,15,EVO,EVO 7,Corporate,ICE,Gasolina,UKL2,REST,Standard,SAV,1
2026,06,15,FAW,T77,Private,ICE,Gasolina,UKL2,REST,Standard,SAV,1
2026,06,15,FENIKS,,Corporate,BEV,Electrico,,REST,Standard,,1
2026,06,15,FERRARI,,Private,PHEV,Gasolina/Electrico Enchufable,,REST,Standard,,1
2026,06,15,FIAT,,Private,ICE,Diesel,,REST,Standard,,1
2026,06,15,FIAT,500,Corporate,ICE,Gasolina Mild Hybrid,UKL0,REST,Standard,HACH 3P,3
2026,06,15,FIAT,500,Private,BEV,Gasolina Mild Hybrid,UKL0,REST,Standard,HACH 3P,1
2026,06,15,FIAT,500,Private,ICE,Gasolina Mild Hybrid,UKL0,REST,Standard,HACH 3P,1
2026,06,15,FIAT,600,Private,ICE,Gasolina Mild Hybrid,UKL1,REST,Standard,SAV,1
2026,06,15,FIAT,600,RAC,BEV,Gasolina Mild Hybrid,UKL1,REST,Standard,SAV,2
2026,06,15,FIAT,600,RAC,ICE,Gasolina Mild Hybrid,UKL1,REST,Standard,SAV,8
2026,06,15,FIAT,DOBLO CARGO,Corporate,BEV,Electrico,SKL,REST,Standard,TRANSPORTER,1
2026,06,15,FIAT,DOBLO CARGO,Corporate,ICE,Electrico,SKL,REST,Standard,TRANSPORTER,21
2026,06,15,FIAT,DOBLO CARGO,Private,ICE,Electrico,SKL,REST,Standard,TRANSPORTER,1
2026,06,15,FIAT,DUCATO,Corporate,ICE,Diesel,SKL,REST,Standard,TRANSPORTER,4
2026,06,15,FIAT,DUCATO,Private,ICE,Diesel,SKL,REST,Standard,TRANSPORTER,3
2026,06,15,FIAT,DUCATO,RAC,ICE,Diesel,SKL,REST,Standard,TRANSPORTER,5
2026,06,15,FIAT,E-ULYSSE,Corporate,ICE,Electrico,SKL,REST,Standard,TRANSPORTER,1
2026,06,15,FIAT,PANDA,Corporate,ICE,Gasolina Mild Hybrid,UKL0,REST,Standard,HACH 5P,1
2026,06,15,FIAT,PANDA,Private,BEV,Gasolina Mild Hybrid,UKL0,REST,Standard,HACH 5P,1
2026,06,15,FIAT,PANDA,Private,ICE,Gasolina Mild Hybrid,UKL0,REST,Standard,HACH 5P,1
2026,06,15,FORD,,Private,ICE,Diesel,,REST,Standard,,1
2026,06,15,FORD,BRONCO,Corporate,ICE,Gasolina,MKL,REST,Standard,SUV,4
2026,06,15,FORD,CAPRI,Corporate,BEV,Electrico,UKL1,REST,Standard,SAV,1
2026,06,15,FORD,CAPRI,Private,BEV,Electrico,UKL1,REST,Standard,SAV,1
2026,06,15,FORD,EXPLORER,Corporate,BEV,Gasolina/Electrico Enchufable,SKL,REST,Standard,PICKUP,1
2026,06,15,FORD,KUGA,Corporate,ICE,Gasolina/Electrico Enchufable,UKL2,REST,Standard,SAV,5
2026,06,15,FORD,KUGA,Corporate,PHEV,Gasolina/Electrico Enchufable,UKL2,REST,Standard,SAV,12
2026,06,15,FORD,KUGA,Private,ICE,Gasolina/Electrico Enchufable,UKL2,REST,Standard,SAV,1
2026,06,15,FORD,KUGA,Private,PHEV,Gasolina/Electrico Enchufable,UKL2,REST,Standard,SAV,8
2026,06,15,FORD,KUGA,RAC,ICE,Gasolina/Electrico Enchufable,UKL2,REST,Standard,SAV,2
2026,06,15,FORD,KUGA,RAC,PHEV,Gasolina/Electrico Enchufable,UKL2,REST,Standard,SAV,13
2026,06,15,FORD,MUSTANG,Corporate,ICE,Gasolina,MKL,REST,Standard,CABRIO,1
2026,06,15,FORD,MUSTANG,Private,ICE,Gasolina,MKL,REST,Standard,CABRIO,1
2026,06,15,FORD,PUMA,Corporate,ICE,Gasolina Mild Hybrid,UKL1,REST,Standard,SAV,16
2026,06,15,FORD,PUMA,Private,ICE,Gasolina Mild Hybrid,UKL1,REST,Standard,SAV,8
2026,06,15,FORD,RANGER,Corporate,ICE,Gasolina/Electrico Enchufable,SKL,REST,Standard,PICKUP,15
2026,06,15,FORD,RANGER,Corporate,PHEV,Gasolina/Electrico Enchufable,SKL,REST,Standard,PICKUP,12
2026,06,15,FORD,TOURNEO,Corporate,BEV,Gasolina/Electrico Enchufable,SKL,REST,Standard,TRANSPORTER,1
2026,06,15,FORD,TOURNEO,Corporate,ICE,Gasolina/Electrico Enchufable,SKL,REST,Standard,TRANSPORTER,8
2026,06,15,FORD,TOURNEO,Corporate,PHEV,Gasolina/Electrico Enchufable,SKL,REST,Standard,TRANSPORTER,1
2026,06,15,FORD,TOURNEO,Private,ICE,Gasolina/Electrico Enchufable,SKL,REST,Standard,TRANSPORTER,3
2026,06,15,FORD,TOURNEO,Private,PHEV,Gasolina/Electrico Enchufable,SKL,REST,Standard,TRANSPORTER,2
2026,06,15,FORD,TRANSIT,Corporate,ICE,Electrico,SKL,REST,Standard,TRANSPORTER,34
2026,06,15,FORD,TRANSIT,Private,ICE,Electrico,SKL,REST,Standard,TRANSPORTER,4
2026,06,15,FORD,TRANSIT,RAC,ICE,Electrico,SKL,REST,Standard,TRANSPORTER,2
2026,06,15,FORD,TRANSIT CONNECT,Corporate,ICE,Gasolina/Electrico Enchufable,SKL,REST,Standard,TRANSPORTER,2
2026,06,15,FORD,TRANSIT COURIER,Corporate,ICE,Gasolina,SKL,REST,Standard,TRANSPORTER,18
2026,06,15,FORD,TRANSIT COURIER,Private,ICE,Gasolina,SKL,REST,Standard,TRANSPORTER,1
2026,06,15,FORD,TRANSIT CUSTOM,Corporate,BEV,Gasolina/Electrico Enchufable,SKL,REST,Standard,TRANSPORTER,3
2026,06,15,FORD,TRANSIT CUSTOM,Corporate,ICE,Gasolina/Electrico Enchufable,SKL,REST,Standard,TRANSPORTER,12
2026,06,15,FORD,TRANSIT CUSTOM,Corporate,PHEV,Gasolina/Electrico Enchufable,SKL,REST,Standard,TRANSPORTER,1
2026,06,15,FORD,TRANSIT CUSTOM,Private,ICE,Gasolina/Electrico Enchufable,SKL,REST,Standard,TRANSPORTER,1
2026,06,15,FOTON MOTORS,TUNLAND,Corporate,ICE,Diesel Mild Hybrid,SKL,REST,Standard,PICKUP,3
2026,06,15,FURCAR,,Corporate,ICE,Diesel,,REST,Standard,,2
2026,06,15,GARCIA BLAZQUEZ  MORENO,,Corporate,ICE,Diesel,,REST,Standard,,1
2026,06,15,GEELY,E5,Corporate,BEV,Electrico,UKL2,REST,Standard,HACH 5P,1
2026,06,15,GEELY,STARRAY,Corporate,PHEV,Gasolina/Electrico Enchufable,UKL2,REST,Standard,HACH 5P,5
2026,06,15,GEELY,STARRAY,Private,PHEV,Gasolina/Electrico Enchufable,UKL2,REST,Standard,HACH 5P,6
2026,06,15,GEYCODIESEL,,Corporate,ICE,Diesel,,REST,Standard,,2
2026,06,15,GOUPIL,,Corporate,BEV,Electrico,,REST,Standard,,2
2026,06,15,HERCOV,,Corporate,ICE,Diesel,,REST,Standard,,1
2026,06,15,HERCOV,,RAC,ICE,Diesel,,REST,Standard,,1
2026,06,15,HONDA,CIVIC,Private,ICE,Gasolina/Electrico,UKL2,REST,Standard,HACH 5P,3
2026,06,15,HONDA,CR-V,Corporate,ICE,Gasolina/Electrico Enchufable,KKL,REST,Standard,SAV,4
2026,06,15,HONDA,HR-V,Private,ICE,Gasolina/Electrico,UKL1,REST,Standard,SAV,3
2026,06,15,HONDA,JAZZ,Private,ICE,Gasolina/Electrico,UKL1,REST,Standard,HACH 5P,4
2026,06,15,HONDA,ZR-V,Private,ICE,Gasolina/Electrico,UKL2,REST,Standard,SAV,2
2026,06,15,HYMER,,Private,ICE,Diesel,,REST,Standard,,1
2026,06,15,HYUNDAI,BAYON,Private,ICE,Gasolina Mild Hybrid,UKL1,REST,Standard,SAV,7
2026,06,15,HYUNDAI,BAYON,RAC,ICE,Gasolina Mild Hybrid,UKL1,REST,Standard,SAV,25
2026,06,15,HYUNDAI,I10,Private,ICE,Gasolina,UKL0,REST,Standard,HACH 5P,1
2026,06,15,HYUNDAI,I20,Corporate,ICE,Gasolina Mild Hybrid,UKL1,REST,Standard,HACH 5P,10
2026,06,15,HYUNDAI,I20,Private,ICE,Gasolina Mild Hybrid,UKL1,REST,Standard,HACH 5P,10
2026,06,15,HYUNDAI,I20,RAC,ICE,Gasolina Mild Hybrid,UKL1,REST,Standard,HACH 5P,81
2026,06,15,HYUNDAI,I30,Corporate,ICE,Gasolina Mild Hybrid,UKL2,REST,Standard,HACH 5P,1
2026,06,15,HYUNDAI,I30,Private,ICE,Gasolina Mild Hybrid,UKL2,REST,Standard,HACH 5P,5
2026,06,15,HYUNDAI,I30,RAC,ICE,Gasolina Mild Hybrid,UKL2,REST,Standard,HACH 5P,15
2026,06,15,HYUNDAI,INSTER,Private,BEV,Electrico,UKL2,REST,Standard,SAV,4
2026,06,15,HYUNDAI,IONIQ 5,Corporate,BEV,Electrico,UKL2,REST,Standard,SAV,1
2026,06,15,HYUNDAI,IONIQ 6,Private,BEV,Electrico,KKL,REST,Standard,SEDAN,1
2026,06,15,HYUNDAI,KONA,Corporate,ICE,Gasolina/Electrico,UKL1,REST,Standard,SAV,12
2026,06,15,HYUNDAI,KONA,Private,BEV,Gasolina/Electrico,UKL1,REST,Standard,SAV,5
2026,06,15,HYUNDAI,KONA,Private,ICE,Gasolina/Electrico,UKL1,REST,Standard,SAV,21
2026,06,15,HYUNDAI,KONA,RAC,ICE,Gasolina/Electrico,UKL1,REST,Standard,SAV,105
2026,06,15,HYUNDAI,SANTA FE,Corporate,ICE,Gasolina/Electrico Enchufable,MKL,REST,Standard,SAV,1
2026,06,15,HYUNDAI,SANTA FE,Corporate,PHEV,Gasolina/Electrico Enchufable,MKL,REST,Standard,SAV,1
2026,06,15,HYUNDAI,SANTA FE,Private,PHEV,Gasolina/Electrico Enchufable,MKL,REST,Standard,SAV,1
2026,06,15,HYUNDAI,TUCSON,Corporate,ICE,Gasolina/Electrico Enchufable,UKL2,REST,Standard,SAV,6
2026,06,15,HYUNDAI,TUCSON,Corporate,PHEV,Gasolina/Electrico Enchufable,UKL2,REST,Standard,SAV,3
2026,06,15,HYUNDAI,TUCSON,Private,ICE,Gasolina/Electrico Enchufable,UKL2,REST,Standard,SAV,20
2026,06,15,HYUNDAI,TUCSON,Private,PHEV,Gasolina/Electrico Enchufable,UKL2,REST,Standard,SAV,2
2026,06,15,HYUNDAI,TUCSON,RAC,ICE,Gasolina/Electrico Enchufable,UKL2,REST,Standard,SAV,17
2026,06,15,INEOS,GRENADIER,Corporate,ICE,Gasolina,MKL,REST,Standard,PICKUP,1
2026,06,15,ISUZU,,Corporate,ICE,Diesel,,REST,Standard,,1
2026,06,15,ISUZU,,Private,ICE,Diesel,,REST,Standard,,1
2026,06,15,ISUZU,D-MAX,Corporate,ICE,Electrico,SKL,REST,Standard,PICKUP,1
2026,06,15,ITINEO,,Private,ICE,Diesel,,REST,Standard,,1
2026,06,15,IVECO,DAILY,Corporate,ICE,Gas natural comprimido (GNC),SKL,REST,Standard,TRANSPORTER,7
2026,06,15,IVECO,DAILY,Private,ICE,Gas natural comprimido (GNC),SKL,REST,Standard,TRANSPORTER,1
2026,06,15,IVECO,DAILY,RAC,ICE,Gas natural comprimido (GNC),SKL,REST,Standard,TRANSPORTER,6
2026,06,15,JAECOO,,Private,ICE,Gasolina,,REST,Standard,,5
2026,06,15,JAECOO,JAECOO 5,Corporate,ICE,Gasolina/Electrico,UKL1,REST,Standard,SAV,3
2026,06,15,JAECOO,JAECOO 5,Private,BEV,Gasolina/Electrico,UKL1,REST,Standard,SAV,3
2026,06,15,JAECOO,JAECOO 5,Private,ICE,Gasolina/Electrico,UKL1,REST,Standard,SAV,9
2026,06,15,JAECOO,JAECOO 7,Private,ICE,Gasolina/Electrico Enchufable,UKL2,REST,Standard,SAV,2
2026,06,15,JAECOO,JAECOO 7,Private,PHEV,Gasolina/Electrico Enchufable,UKL2,REST,Standard,SAV,4
2026,06,15,JAECOO,JAECOO 8,Corporate,PHEV,Gasolina/Electrico Enchufable,KKL,REST,Standard,SAV,2
2026,06,15,JAECOO,JAECOO 8,Private,PHEV,Gasolina/Electrico Enchufable,KKL,REST,Standard,SAV,4
2026,06,15,JEEP,AVENGER,Corporate,ICE,Gasolina Mild Hybrid,UKL1,REST,Standard,SAV,5
2026,06,15,JEEP,AVENGER,Private,BEV,Gasolina Mild Hybrid,UKL1,REST,Standard,SAV,2
2026,06,15,JEEP,AVENGER,Private,ICE,Gasolina Mild Hybrid,UKL1,REST,Standard,SAV,2
2026,06,15,JEEP,AVENGER,RAC,ICE,Gasolina Mild Hybrid,UKL1,REST,Standard,SAV,24
2026,06,15,JEEP,COMPASS,Corporate,ICE,Gasolina/Electrico Enchufable,UKL2,REST,Standard,SAV,3
2026,06,15,JEEP,COMPASS,Private,PHEV,Gasolina/Electrico Enchufable,UKL2,REST,Standard,SAV,1
2026,06,15,JIMECA,,Corporate,ICE,Diesel,,REST,Standard,,1
2026,06,15,JOSE REYES CARROCERO,,Corporate,ICE,Diesel,,REST,Standard,,1
2026,06,15,JUAN SUAREZ,,Corporate,ICE,Diesel,,REST,Standard,,1
2026,06,15,KG MOBILITY,MUSSO,Corporate,ICE,Electrico,SKL,REST,Standard,PICKUP,1
2026,06,15,KG MOBILITY,TORRES,Corporate,BEV,Gasolina/Electrico,UKL2,REST,Standard,SAV,1
2026,06,15,KG MOBILITY,TORRES,Private,BEV,Gasolina/Electrico,UKL2,REST,Standard,SAV,1
2026,06,15,KG MOBILITY,TORRES,Private,ICE,Gasolina/Electrico,UKL2,REST,Standard,SAV,1
2026,06,15,KIA,EV2,Corporate,BEV,Electrico,UKL1,REST,Standard,SAV,1
2026,06,15,KIA,EV2,Private,BEV,Electrico,UKL1,REST,Standard,SAV,6
2026,06,15,KIA,EV3,Corporate,BEV,Electrico,UKL1,REST,Standard,SAV,3
2026,06,15,KIA,EV3,Private,BEV,Electrico,UKL1,REST,Standard,SAV,15
2026,06,15,KIA,EV4,Corporate,BEV,Electrico,KKL,REST,Standard,SEDAN,1
2026,06,15,KIA,EV4,Private,BEV,Electrico,KKL,REST,Standard,SEDAN,3
2026,06,15,KIA,EV5,Private,BEV,Electrico,UKL2,REST,Standard,HACH 5P,1
2026,06,15,KIA,NIRO,Corporate,ICE,Gasolina/Electrico Enchufable,UKL2,REST,Standard,SAV,8
2026,06,15,KIA,NIRO,Private,ICE,Gasolina/Electrico Enchufable,UKL2,REST,Standard,SAV,32
2026,06,15,KIA,PICANTO,Private,ICE,Gasolina,UKL0,REST,Standard,HACH 5P,1
2026,06,15,KIA,PV5,Corporate,BEV,Electrico,SKL,REST,Standard,TRANSPORTER,3
2026,06,15,KIA,PV5,Private,BEV,Electrico,SKL,REST,Standard,TRANSPORTER,1
2026,06,15,KIA,SORENTO,Corporate,ICE,Gasolina/Electrico Enchufable,KKL,REST,Standard,SAV,1
2026,06,15,KIA,SORENTO,Private,ICE,Gasolina/Electrico Enchufable,KKL,REST,Standard,SAV,1
2026,06,15,KIA,SPORTAGE,Corporate,ICE,Gasolina/Electrico Enchufable,UKL2,REST,Standard,SAV,10
2026,06,15,KIA,SPORTAGE,Private,ICE,Gasolina/Electrico Enchufable,UKL2,REST,Standard,SAV,33
2026,06,15,KIA,STONIC,Corporate,ICE,Gasolina Mild Hybrid,UKL1,REST,Standard,SAV,9
2026,06,15,KIA,STONIC,Private,ICE,Gasolina Mild Hybrid,UKL1,REST,Standard,SAV,17
2026,06,15,KIA,XCEED,Corporate,ICE,Gasolina Mild Hybrid,UKL2,REST,Standard,HACH 5P,3
2026,06,15,KIA,XCEED,Private,ICE,Gasolina Mild Hybrid,UKL2,REST,Standard,HACH 5P,10
2026,06,15,KNAUS,,Private,ICE,Diesel,,REST,Standard,,2
2026,06,15,LAMBORGHINI,TEMERARIO,Private,PHEV,Gasolina/Electrico Enchufable,GKL+,FOCUS SEGMENT,Standard,COUPE,1
2026,06,15,LAND ROVER,RANGE ROVER,Private,ICE,Gasolina/Electrico Enchufable,GKL,FOCUS SEGMENT,Standard,SAV,1
2026,06,15,LAND ROVER,RANGE ROVER EVOQUE,Corporate,PHEV,Gasolina/Electrico Enchufable,UKL2,FOCUS SEGMENT,Standard,SAV,1
2026,06,15,LAND ROVER,RANGE ROVER SPORT,Private,PHEV,Gasolina/Electrico Enchufable,MKL,FOCUS SEGMENT,Standard,SAV,1
2026,06,15,LEAPMOTOR,B10,Corporate,BEV,Gasolina/Electrico Enchufable,UKL2,REST,Standard,SAV,1
2026,06,15,LEAPMOTOR,B10,Private,BEV,Gasolina/Electrico Enchufable,UKL2,REST,Standard,SAV,13
2026,06,15,LEAPMOTOR,C10,Private,BEV,Gasolina/Electrico Enchufable,MKL,REST,Standard,SAV,1
2026,06,15,LEAPMOTOR,T03,Private,BEV,Electrico,UKL0,REST,Standard,HACH 5P,3
2026,06,15,LEXUS,LBX,Corporate,ICE,Gasolina/Electrico,UKL1,FOCUS SEGMENT,Standard,SAV,4
2026,06,15,LEXUS,LBX,Private,ICE,Gasolina/Electrico,UKL1,FOCUS SEGMENT,Standard,SAV,10
2026,06,15,LEXUS,LBX,RAC,ICE,Gasolina/Electrico,UKL1,FOCUS SEGMENT,Standard,SAV,3
2026,06,15,LEXUS,NX,Corporate,PHEV,Gasolina/Electrico Enchufable,KKL,FOCUS SEGMENT,Standard,SAV,1
2026,06,15,LEXUS,NX,Private,ICE,Gasolina/Electrico Enchufable,KKL,FOCUS SEGMENT,Standard,SAV,1
2026,06,15,LEXUS,NX,Private,PHEV,Gasolina/Electrico Enchufable,KKL,FOCUS SEGMENT,Standard,SAV,9
2026,06,15,LEXUS,RX,Corporate,ICE,Gasolina/Electrico Enchufable,MKL,FOCUS SEGMENT,Standard,SAV,1
2026,06,15,LEXUS,RZ,Corporate,BEV,Electrico,KKL,FOCUS SEGMENT,Standard,SAT,2
2026,06,15,LEXUS,RZ,Private,BEV,Electrico,KKL,FOCUS SEGMENT,Standard,SAT,2
2026,06,15,LEXUS,UX,Corporate,ICE,Gasolina/Electrico,UKL2,FOCUS SEGMENT,Standard,SAV,1
2026,06,15,LEXUS,UX,Private,ICE,Gasolina/Electrico,UKL2,FOCUS SEGMENT,Standard,SAV,3
2026,06,15,LUIS GARCIA,,Private,ICE,Diesel,,REST,Standard,,1
2026,06,15,LYNK & CO,LYNK&CO 01,RAC,PHEV,Gasolina/Electrico Enchufable,UKL2,REST,Standard,SAV,18
2026,06,15,LYNK & CO,LYNK&CO 02,Private,BEV,Electrico,UKL2,REST,Standard,SAV,3
2026,06,15,LYNK & CO,LYNK&CO 08,Corporate,PHEV,Gasolina/Electrico Enchufable,UKL2,REST,Standard,SAV,5
2026,06,15,LYNK & CO,LYNK&CO 08,Private,PHEV,Gasolina/Electrico Enchufable,UKL2,REST,Standard,SAV,2
2026,06,15,LYNK & CO,LYNK&CO 08,RAC,PHEV,Gasolina/Electrico Enchufable,UKL2,REST,Standard,SAV,3
2026,06,15,MAN,TGE,Corporate,ICE,Diesel,SKL,REST,Standard,TRANSPORTER,1
2026,06,15,MAN,TGE,Private,ICE,Diesel,SKL,REST,Standard,TRANSPORTER,4
2026,06,15,MASERATI,GRECALE,Corporate,ICE,Gasolina Mild Hybrid,KKL,FOCUS SEGMENT,Standard,SAV,1
2026,06,15,MAXUS,T60,Corporate,ICE,Diesel,SKL,REST,Standard,PICKUP,1
2026,06,15,MAXUS,T60,Private,ICE,Diesel,SKL,REST,Standard,PICKUP,1
2026,06,15,MAZDA,,Private,BEV,Electrico,,REST,Standard,,1
2026,06,15,MAZDA,CX30,Corporate,ICE,Gasolina Mild Hybrid,UKL2,REST,Standard,SAV,3
2026,06,15,MAZDA,CX30,Private,ICE,Gasolina Mild Hybrid,UKL2,REST,Standard,SAV,10
2026,06,15,MAZDA,CX30,RAC,ICE,Gasolina Mild Hybrid,UKL2,REST,Standard,SAV,19
2026,06,15,MAZDA,CX5,Corporate,ICE,Gasolina Mild Hybrid,UKL2,REST,Standard,SAV,3
2026,06,15,MAZDA,CX5,Private,ICE,Gasolina Mild Hybrid,UKL2,REST,Standard,SAV,15
2026,06,15,MAZDA,CX60,Corporate,ICE,Gasolina/Electrico Enchufable,KKL,REST,Standard,SAV,2
2026,06,15,MAZDA,CX60,Corporate,PHEV,Gasolina/Electrico Enchufable,KKL,REST,Standard,SAV,2
2026,06,15,MAZDA,CX60,Private,PHEV,Gasolina/Electrico Enchufable,KKL,REST,Standard,SAV,2
2026,06,15,MAZDA,MAZDA 2,Corporate,ICE,Gasolina/Electrico,UKL1,REST,Standard,HACH 5P,3
2026,06,15,MAZDA,MAZDA 2,Private,ICE,Gasolina/Electrico,UKL1,REST,Standard,HACH 5P,3
2026,06,15,MAZDA,MAZDA 3,Private,ICE,Gasolina Mild Hybrid,UKL2,REST,Standard,SEDAN,3
2026,06,15,MAZDA,MAZDA 3,RAC,ICE,Gasolina Mild Hybrid,UKL2,REST,Standard,SEDAN,37
2026,06,15,MAZDA,MX-5,Private,ICE,Gasolina,UKL2,REST,Standard,ROADSTER,3
2026,06,15,MERCEDES,CITAN,Corporate,ICE,Gasolina,SKL,REST,Standard,TRANSPORTER,8
2026,06,15,MERCEDES,CLASE A,Corporate,PHEV,Gasolina/Electrico Enchufable,UKL2,FOCUS SEGMENT,Standard,HACH 5P,3
2026,06,15,MERCEDES,CLASE A,Private,ICE,Gasolina/Electrico Enchufable,UKL2,FOCUS SEGMENT,Standard,HACH 5P,2
2026,06,15,MERCEDES,CLASE A,RAC,ICE,Gasolina/Electrico Enchufable,UKL2,FOCUS SEGMENT,Standard,HACH 5P,2
2026,06,15,MERCEDES,CLASE C,Corporate,ICE,Gasolina/Electrico Enchufable,KKL,FOCUS SEGMENT,Standard,SEDAN,10
2026,06,15,MERCEDES,CLASE CLA,Corporate,ICE,Gasolina/Electrico Enchufable,UKL2,FOCUS SEGMENT,Standard,SEDAN,3
2026,06,15,MERCEDES,CLASE CLA,Private,BEV,Gasolina/Electrico Enchufable,UKL2,FOCUS SEGMENT,Standard,SEDAN,3
2026,06,15,MERCEDES,CLASE CLA,Private,ICE,Gasolina/Electrico Enchufable,UKL2,FOCUS SEGMENT,Standard,SEDAN,1
2026,06,15,MERCEDES,CLASE CLE,Corporate,ICE,Gasolina/Electrico Enchufable,MKL,FOCUS SEGMENT,Standard,COUPE,1
2026,06,15,MERCEDES,CLASE CLE,Corporate,PHEV,Gasolina/Electrico Enchufable,MKL,FOCUS SEGMENT,Standard,COUPE,1
2026,06,15,MERCEDES,CLASE CLE,Private,ICE,Gasolina/Electrico Enchufable,MKL,FOCUS SEGMENT,Standard,COUPE,1
2026,06,15,MERCEDES,CLASE E,Corporate,PHEV,Gasolina/Electrico Enchufable,MKL,FOCUS SEGMENT,M Performance,ESTATE,1
2026,06,15,MERCEDES,CLASE E,Corporate,PHEV,Gasolina/Electrico Enchufable,MKL,FOCUS SEGMENT,Standard,ESTATE,1
2026,06,15,MERCEDES,CLASE E,Private,PHEV,Gasolina/Electrico Enchufable,MKL,FOCUS SEGMENT,Standard,ESTATE,1
2026,06,15,MERCEDES,CLASE G,Corporate,ICE,Gasolina Mild Hybrid,GKL,FOCUS SEGMENT,M,SAV,1
2026,06,15,MERCEDES,CLASE GLA,Corporate,ICE,Gasolina/Electrico Enchufable,UKL2,FOCUS SEGMENT,Standard,SAV,13
2026,06,15,MERCEDES,CLASE GLA,Corporate,PHEV,Gasolina/Electrico Enchufable,UKL2,FOCUS SEGMENT,Standard,SAV,5
2026,06,15,MERCEDES,CLASE GLA,Private,ICE,Gasolina/Electrico Enchufable,UKL2,FOCUS SEGMENT,Standard,SAV,3
2026,06,15,MERCEDES,CLASE GLA,Private,PHEV,Gasolina/Electrico Enchufable,UKL2,FOCUS SEGMENT,Standard,SAV,1
2026,06,15,MERCEDES,CLASE GLA,RAC,ICE,Gasolina/Electrico Enchufable,UKL2,FOCUS SEGMENT,Standard,SAV,2
2026,06,15,MERCEDES,CLASE GLA,RAC,PHEV,Gasolina/Electrico Enchufable,UKL2,FOCUS SEGMENT,Standard,SAV,1
2026,06,15,MERCEDES,CLASE GLB,Corporate,BEV,Gasolina Mild Hybrid,UKL2,FOCUS SEGMENT,Standard,SAV,2
2026,06,15,MERCEDES,CLASE GLB,Corporate,ICE,Gasolina Mild Hybrid,UKL2,FOCUS SEGMENT,Standard,SAV,6
2026,06,15,MERCEDES,CLASE GLB,Private,BEV,Gasolina Mild Hybrid,UKL2,FOCUS SEGMENT,Standard,SAV,1
2026,06,15,MERCEDES,CLASE GLB,Private,ICE,Gasolina Mild Hybrid,UKL2,FOCUS SEGMENT,Standard,SAV,1
2026,06,15,MERCEDES,CLASE GLC,Corporate,BEV,Gasolina/Electrico Enchufable,KKL,FOCUS SEGMENT,Standard,SAV,3
2026,06,15,MERCEDES,CLASE GLC,Corporate,ICE,Gasolina/Electrico Enchufable,KKL,FOCUS SEGMENT,Standard,SAV,20
2026,06,15,MERCEDES,CLASE GLC,Corporate,PHEV,Gasolina/Electrico Enchufable,KKL,FOCUS SEGMENT,Standard,SAV,12
2026,06,15,MERCEDES,CLASE GLC,Private,ICE,Gasolina/Electrico Enchufable,KKL,FOCUS SEGMENT,Standard,SAV,7
2026,06,15,MERCEDES,CLASE GLC,Private,PHEV,Gasolina/Electrico Enchufable,KKL,FOCUS SEGMENT,Standard,SAV,3
2026,06,15,MERCEDES,CLASE GLE,Corporate,ICE,Gasolina/Electrico Enchufable,MKL,FOCUS SEGMENT,Standard,SAV,1
2026,06,15,MERCEDES,CLASE GLE COUPE,Corporate,ICE,Gasolina/Electrico Enchufable,MKL,FOCUS SEGMENT,Standard,SAV,2
2026,06,15,MERCEDES,CLASE GLE COUPE,Corporate,PHEV,Gasolina/Electrico Enchufable,MKL,FOCUS SEGMENT,M Performance,SAV,1
2026,06,15,MERCEDES,CLASE GLE COUPE,Private,ICE,Gasolina/Electrico Enchufable,MKL,FOCUS SEGMENT,Standard,SAV,1
2026,06,15,MERCEDES,CLASE GLE COUPE,Private,PHEV,Gasolina/Electrico Enchufable,MKL,FOCUS SEGMENT,M Performance,SAV,1
2026,06,15,MERCEDES,CLASE T,Corporate,ICE,Gasolina,SKL,REST,Standard,TRANSPORTER,2
2026,06,15,MERCEDES,CLASE T,Private,ICE,Gasolina,SKL,REST,Standard,TRANSPORTER,3
2026,06,15,MERCEDES,CLASE V,Corporate,ICE,Gasolina Mild Hybrid,MKL,REST,Standard,MPV,2
2026,06,15,MERCEDES,CLASE V,RAC,ICE,Gasolina Mild Hybrid,MKL,REST,Standard,MPV,1
2026,06,15,MERCEDES,E-SPRINTER,Corporate,BEV,Electrico,SKL,REST,Standard,TRANSPORTER,1
2026,06,15,MERCEDES,EQA,Corporate,BEV,Electrico,UKL2,FOCUS SEGMENT,Standard,SAV,4
2026,06,15,MERCEDES,EQE,Corporate,BEV,Electrico,MKL,FOCUS SEGMENT,Standard,SEDAN,1
2026,06,15,MERCEDES,EQE,Private,BEV,Electrico,MKL,FOCUS SEGMENT,Standard,SEDAN,1
2026,06,15,MERCEDES,SPRINTER 300,Corporate,ICE,Diesel,SKL,REST,Standard,TRANSPORTER,5
2026,06,15,MERCEDES,SPRINTER 300,RAC,ICE,Diesel,SKL,REST,Standard,TRANSPORTER,8
2026,06,15,MERCEDES-V,VITO,Corporate,ICE,Diesel,SKL,REST,Standard,TRANSPORTER,5
2026,06,15,MG,CYBERSTER,Private,BEV,Electrico,KKL,REST,Standard,ROADSTER,1
2026,06,15,MG,HS,Corporate,PHEV,Gasolina/Electrico Enchufable,KKL,REST,Standard,SAV,2
2026,06,15,MG,HS,Private,ICE,Gasolina/Electrico Enchufable,KKL,REST,Standard,SAV,9
2026,06,15,MG,HS,Private,PHEV,Gasolina/Electrico Enchufable,KKL,REST,Standard,SAV,6
2026,06,15,MG,MG 3,Corporate,ICE,Gasolina/Electrico,UKL1,REST,Standard,HACH 5P,1
2026,06,15,MG,MG 3,Private,ICE,Gasolina/Electrico,UKL1,REST,Standard,HACH 5P,11
2026,06,15,MG,MG 4,Private,BEV,Electrico,UKL2,REST,Standard,HACH 5P,1
2026,06,15,MG,MG S5,Private,BEV,Electrico,UKL1,REST,Standard,SAV,1
2026,06,15,MG,MG S6,Private,BEV,Electrico,UKL2,REST,Standard,SAV,1
2026,06,15,MG,MG S9,Corporate,PHEV,Gasolina/Electrico Enchufable,KKL,REST,Standard,SAV,2
2026,06,15,MG,MG S9,Private,PHEV,Gasolina/Electrico Enchufable,KKL,REST,Standard,SAV,1
2026,06,15,MG,ZS,Corporate,ICE,Gasolina/Electrico,UKL1,REST,Standard,SAV,2
2026,06,15,MG,ZS,Private,ICE,Gasolina/Electrico,UKL1,REST,Standard,SAV,44
2026,06,15,MINI,ACEMAN,Corporate,BEV,Electrico,UKL1,FOCUS SEGMENT,JCW,SAV,1
2026,06,15,MINI,ACEMAN,Corporate,BEV,Electrico,UKL1,FOCUS SEGMENT,Standard,SAV,2
2026,06,15,MINI,ACEMAN,Private,BEV,Electrico,UKL1,FOCUS SEGMENT,Standard,SAV,1
2026,06,15,MINI,CABRIO,Corporate,ICE,Gasolina,UKL1,FOCUS SEGMENT,Standard,CABRIO,1
2026,06,15,MINI,COUNTRYMAN,Corporate,BEV,Electrico,UKL2,FOCUS SEGMENT,Standard,SAV,2
2026,06,15,MINI,COUNTRYMAN,Corporate,ICE,Electrico,UKL2,FOCUS SEGMENT,Standard,SAV,1
2026,06,15,MINI,COUNTRYMAN,Private,ICE,Electrico,UKL2,FOCUS SEGMENT,Standard,SAV,1
2026,06,15,MINI,COUNTRYMAN,RAC,BEV,Electrico,UKL2,FOCUS SEGMENT,Standard,SAV,3
2026,06,15,MINI,HATCHBACK,Corporate,BEV,Electrico,UKL1,FOCUS SEGMENT,JCW,HACH 3P,1
2026,06,15,MINI,HATCHBACK,Corporate,BEV,Electrico,UKL1,FOCUS SEGMENT,Standard,HACH 3P,2
2026,06,15,MINI,HATCHBACK,Corporate,ICE,Electrico,UKL1,FOCUS SEGMENT,JCW,HACH 3P,1
2026,06,15,MINI,HATCHBACK,Corporate,ICE,Electrico,UKL1,FOCUS SEGMENT,Standard,HACH 3P,1
2026,06,15,MINI,HATCHBACK,Private,BEV,Electrico,UKL1,FOCUS SEGMENT,JCW,HACH 3P,1
2026,06,15,MINI,HATCHBACK,Private,BEV,Electrico,UKL1,FOCUS SEGMENT,Standard,HACH 3P,3
2026,06,15,MINI,HATCHBACK,Private,ICE,Electrico,UKL1,FOCUS SEGMENT,Standard,HACH 3P,5
2026,06,15,MITSUBISHI,ASX,Private,ICE,Gasolina/Electrico,UKL2,REST,Standard,SAV,4
2026,06,15,MITSUBISHI,ASX,RAC,ICE,Gasolina/Electrico,UKL2,REST,Standard,SAV,1
2026,06,15,MITSUBISHI,COLT,Private,ICE,Gasolina/Electrico,UKL1,REST,Standard,HACH 3P,1
2026,06,15,MITSUBISHI,ECLIPSE CROSS,Private,BEV,Gasolina/Electrico Enchufable,UKL2,REST,Standard,SAV,1
2026,06,15,MITSUBISHI,GRANDIS,Private,ICE,Gasolina/Electrico,UKL1,REST,Standard,SAV,3
2026,06,15,MITSUBISHI,GRANDIS,RAC,ICE,Gasolina/Electrico,UKL1,REST,Standard,SAV,15
2026,06,15,MITSUBISHI,OUTLANDER,Corporate,PHEV,Gasolina/Electrico Enchufable,KKL,REST,Standard,SAV,3
2026,06,15,MITSUBISHI,OUTLANDER,Private,PHEV,Gasolina/Electrico Enchufable,KKL,REST,Standard,SAV,3
2026,06,15,NISSAN,INTERSTAR,Corporate,ICE,Diesel,SKL,REST,Standard,TRANSPORTER,2
2026,06,15,NISSAN,INTERSTAR,Private,ICE,Diesel,SKL,REST,Standard,TRANSPORTER,1
2026,06,15,NISSAN,INTERSTAR,RAC,ICE,Diesel,SKL,REST,Standard,TRANSPORTER,1
2026,06,15,NISSAN,JUKE,Corporate,ICE,Gasolina/Electrico,UKL1,REST,Standard,SAV,2
2026,06,15,NISSAN,JUKE,Private,ICE,Gasolina/Electrico,UKL1,REST,Standard,SAV,6
2026,06,15,NISSAN,JUKE,RAC,ICE,Gasolina/Electrico,UKL1,REST,Standard,SAV,6
2026,06,15,NISSAN,MICRA,Corporate,BEV,Electrico,UKL1,REST,Standard,HACH 5P,1
2026,06,15,NISSAN,MICRA,Private,BEV,Electrico,UKL1,REST,Standard,HACH 5P,3
2026,06,15,NISSAN,PRIMASTAR,Corporate,ICE,Diesel,SKL,REST,Standard,TRANSPORTER,1
2026,06,15,NISSAN,QASHQAI,Corporate,ICE,Gasolina/Electrico,UKL2,REST,Standard,SAT,41
2026,06,15,NISSAN,QASHQAI,Private,ICE,Gasolina/Electrico,UKL2,REST,Standard,SAT,13
2026,06,15,NISSAN,QASHQAI,RAC,ICE,Gasolina/Electrico,UKL2,REST,Standard,SAT,1
2026,06,15,NISSAN,TOWNSTAR,Corporate,ICE,Gasolina,SKL,REST,Standard,TRANSPORTER,2
2026,06,15,NISSAN,TOWNSTAR,Private,ICE,Gasolina,SKL,REST,Standard,TRANSPORTER,1
2026,06,15,NISSAN,X-TRAIL,Corporate,ICE,Gasolina/Electrico,KKL,REST,Standard,SUV,2
2026,06,15,NISSAN,X-TRAIL,Private,ICE,Gasolina/Electrico,KKL,REST,Standard,SUV,5
2026,06,15,OMODA,,Corporate,PHEV,Gasolina/Electrico Enchufable,,REST,Standard,,3
2026,06,15,OMODA,,Private,PHEV,Gasolina/Electrico Enchufable,,REST,Standard,,6
2026,06,15,OMODA,,RAC,PHEV,Gasolina/Electrico Enchufable,,REST,Standard,,6
2026,06,15,OMODA,OMODA 5,Corporate,BEV,Gasolina/Electrico,UKL2,REST,Standard,SAV,1
2026,06,15,OMODA,OMODA 5,Corporate,ICE,Gasolina/Electrico,UKL2,REST,Standard,SAV,2
2026,06,15,OMODA,OMODA 5,Private,BEV,Gasolina/Electrico,UKL2,REST,Standard,SAV,4
2026,06,15,OMODA,OMODA 5,Private,ICE,Gasolina/Electrico,UKL2,REST,Standard,SAV,20
2026,06,15,OMODA,OMODA 7,Corporate,PHEV,Gasolina/Electrico Enchufable,KKL,REST,Standard,SAV,3
2026,06,15,OMODA,OMODA 7,Private,PHEV,Gasolina/Electrico Enchufable,KKL,REST,Standard,SAV,7
2026,06,15,OPEL,COMBO,Corporate,ICE,Gasolina,SKL,REST,Standard,TRANSPORTER,11
2026,06,15,OPEL,COMBO,Private,ICE,Gasolina,SKL,REST,Standard,TRANSPORTER,3
2026,06,15,OPEL,CORSA,Corporate,ICE,Gasolina Mild Hybrid,UKL1,REST,Standard,HACH 5P,8
2026,06,15,OPEL,CORSA,Private,ICE,Gasolina Mild Hybrid,UKL1,REST,Standard,HACH 5P,5
2026,06,15,OPEL,FRONTERA,Private,BEV,Gasolina Mild Hybrid,KKL,REST,Standard,SUV,1
2026,06,15,OPEL,FRONTERA,Private,ICE,Gasolina Mild Hybrid,KKL,REST,Standard,SUV,2
2026,06,15,OPEL,MOKKA,Corporate,ICE,Gasolina Mild Hybrid,UKL1,REST,Standard,SAV,7
2026,06,15,OPEL,MOKKA,Private,ICE,Gasolina Mild Hybrid,UKL1,REST,Standard,SAV,2
2026,06,15,OPEL,MOVANO,Corporate,ICE,Electrico,SKL,REST,Standard,TRANSPORTER,1
2026,06,15,OPEL,VIVARO,Corporate,BEV,Electrico,SKL,REST,Standard,TRANSPORTER,1
2026,06,15,OPEL,VIVARO,Corporate,ICE,Electrico,SKL,REST,Standard,TRANSPORTER,4
2026,06,15,OPEL,VIVARO,Private,ICE,Electrico,SKL,REST,Standard,TRANSPORTER,1
2026,06,15,OPEL,VIVARO,RAC,ICE,Electrico,SKL,REST,Standard,TRANSPORTER,2
2026,06,15,PEUGEOT,,Corporate,BEV,Electrico,,REST,Standard,,1
2026,06,15,PEUGEOT,,Private,BEV,Electrico,,REST,Standard,,2
2026,06,15,PEUGEOT,2008,Corporate,ICE,Gasolina Mild Hybrid,UKL1,REST,Standard,SAV,15
2026,06,15,PEUGEOT,2008,Private,ICE,Gasolina Mild Hybrid,UKL1,REST,Standard,SAV,21
2026,06,15,PEUGEOT,2008,RAC,ICE,Gasolina Mild Hybrid,UKL1,REST,Standard,SAV,43
2026,06,15,PEUGEOT,208,Corporate,ICE,Gasolina Mild Hybrid,UKL1,REST,Standard,HACH 5P,11
2026,06,15,PEUGEOT,208,Private,ICE,Gasolina Mild Hybrid,UKL1,REST,Standard,HACH 5P,6
2026,06,15,PEUGEOT,208,RAC,ICE,Gasolina Mild Hybrid,UKL1,REST,Standard,HACH 5P,1
2026,06,15,PEUGEOT,3008,Corporate,ICE,Gasolina/Electrico Enchufable,UKL2,REST,Standard,SAT,9
2026,06,15,PEUGEOT,3008,Private,ICE,Gasolina/Electrico Enchufable,UKL2,REST,Standard,SAT,5
2026,06,15,PEUGEOT,308,Corporate,ICE,Gasolina/Electrico Enchufable,UKL2,REST,Standard,HACH 5P,7
2026,06,15,PEUGEOT,308,Private,ICE,Gasolina/Electrico Enchufable,UKL2,REST,Standard,HACH 5P,2
2026,06,15,PEUGEOT,408,Private,ICE,Gasolina/Electrico Enchufable,UKL2,REST,Standard,SEDAN,4
2026,06,15,PEUGEOT,5008,Corporate,ICE,Gasolina/Electrico Enchufable,KKL,REST,Standard,SUV,4
2026,06,15,PEUGEOT,5008,Private,ICE,Gasolina/Electrico Enchufable,KKL,REST,Standard,SUV,2
2026,06,15,PEUGEOT,5008,Private,PHEV,Gasolina/Electrico Enchufable,KKL,REST,Standard,SUV,2
2026,06,15,PEUGEOT,BOXER,Corporate,ICE,Diesel,SKL,REST,Standard,TRANSPORTER,5
2026,06,15,PEUGEOT,BOXER,Private,ICE,Diesel,SKL,REST,Standard,TRANSPORTER,3
2026,06,15,PEUGEOT,BOXER,RAC,ICE,Diesel,SKL,REST,Standard,TRANSPORTER,21
2026,06,15,PEUGEOT,EXPERT,Corporate,BEV,Electrico,SKL,REST,Standard,TRANSPORTER,1
2026,06,15,PEUGEOT,EXPERT,Corporate,ICE,Electrico,SKL,REST,Standard,TRANSPORTER,9
2026,06,15,PEUGEOT,EXPERT,Private,ICE,Electrico,SKL,REST,Standard,TRANSPORTER,2
2026,06,15,PEUGEOT,PARTNER,Corporate,ICE,Electrico,SKL,REST,Standard,TRANSPORTER,16
2026,06,15,PEUGEOT,PARTNER,Private,ICE,Electrico,SKL,REST,Standard,TRANSPORTER,1
2026,06,15,PEUGEOT,RIFTER,Corporate,ICE,Electrico,SKL,REST,Standard,TRANSPORTER,16
2026,06,15,PEUGEOT,RIFTER,Private,BEV,Electrico,SKL,REST,Standard,TRANSPORTER,1
2026,06,15,PEUGEOT,RIFTER,Private,ICE,Electrico,SKL,REST,Standard,TRANSPORTER,4
2026,06,15,PEUGEOT,TRAVELLER,Private,ICE,Diesel,SKL,REST,Standard,TRANSPORTER,2
2026,06,15,PILOTE,,Private,ICE,Diesel,,REST,Standard,,3
2026,06,15,POLESTAR,,Corporate,BEV,Electrico,,REST,Standard,,1
2026,06,15,POLESTAR,,Private,BEV,Electrico,,REST,Standard,,3
2026,06,15,PORSCHE,911,Corporate,ICE,Gasolina/Electrico,GKL,FOCUS SEGMENT,M Performance,COUPE,1
2026,06,15,PORSCHE,911,Private,ICE,Gasolina/Electrico,GKL,FOCUS SEGMENT,M Performance,COUPE,1
2026,06,15,PORSCHE,CAYENNE,Corporate,PHEV,Gasolina/Electrico Enchufable,MKL,FOCUS SEGMENT,M,SAV,1
2026,06,15,PORSCHE,CAYENNE,Corporate,PHEV,Gasolina/Electrico Enchufable,MKL,FOCUS SEGMENT,M Performance,SAV,1
2026,06,15,PORSCHE,CAYENNE COUPE,Corporate,PHEV,Gasolina/Electrico Enchufable,MKL,FOCUS SEGMENT,Standard,SAV,1
2026,06,15,PORSCHE,CAYENNE COUPE,Private,PHEV,Gasolina/Electrico Enchufable,MKL,FOCUS SEGMENT,Standard,SAV,1
2026,06,15,PORSCHE,MACAN,Private,BEV,Electrico,KKL,FOCUS SEGMENT,Standard,SAV,1
2026,06,15,PORSCHE,PANAMERA,Private,ICE,Gasolina/Electrico Enchufable,GKL,FOCUS SEGMENT,M Performance,SEDAN,1
2026,06,15,POSSL,,Private,ICE,Diesel,,REST,Standard,,1
2026,06,15,REHATRANS,,Corporate,ICE,Diesel,,REST,Standard,,1
2026,06,15,RENAULT,,Corporate,ICE,Diesel,,REST,Standard,,1
2026,06,15,RENAULT,5,Private,BEV,Electrico,UKL1,REST,Standard,HACH 5P,3
2026,06,15,RENAULT,ARKANA,Corporate,ICE,Gasolina/Electrico,UKL2,REST,Standard,SAV,2
2026,06,15,RENAULT,ARKANA,Private,ICE,Gasolina/Electrico,UKL2,REST,Standard,SAV,6
2026,06,15,RENAULT,AUSTRAL,Corporate,ICE,Gasolina/Electrico,UKL2,REST,Standard,SAV,8
2026,06,15,RENAULT,AUSTRAL,Private,ICE,Gasolina/Electrico,UKL2,REST,Standard,SAV,15
2026,06,15,RENAULT,CAPTUR,Corporate,ICE,Gasolina/Electrico,UKL1,REST,Standard,SAV,7
2026,06,15,RENAULT,CAPTUR,Private,ICE,Gasolina/Electrico,UKL1,REST,Standard,SAV,19
2026,06,15,RENAULT,CLIO,Corporate,ICE,Gasolina/Electrico,UKL1,REST,Standard,HACH 5P,46
2026,06,15,RENAULT,CLIO,Private,ICE,Gasolina/Electrico,UKL1,REST,Standard,HACH 5P,26
2026,06,15,RENAULT,CLIO,RAC,ICE,Gasolina/Electrico,UKL1,REST,Standard,HACH 5P,5
2026,06,15,RENAULT,ESPACE,Corporate,ICE,Gasolina/Electrico,KKL,REST,Standard,SAV,4
2026,06,15,RENAULT,ESPACE,Private,ICE,Gasolina/Electrico,KKL,REST,Standard,SAV,2
2026,06,15,RENAULT,KANGOO,Corporate,BEV,Gasolina,SKL,REST,Standard,TRANSPORTER,5
2026,06,15,RENAULT,KANGOO,Corporate,ICE,Gasolina,SKL,REST,Standard,TRANSPORTER,29
2026,06,15,RENAULT,KANGOO,Private,ICE,Gasolina,SKL,REST,Standard,TRANSPORTER,3
2026,06,15,RENAULT,MASTER,Corporate,BEV,Electrico,SKL,REST,Standard,TRANSPORTER,1
2026,06,15,RENAULT,MASTER,Corporate,ICE,Electrico,SKL,REST,Standard,TRANSPORTER,15
2026,06,15,RENAULT,MASTER,Private,ICE,Electrico,SKL,REST,Standard,TRANSPORTER,3
2026,06,15,RENAULT,MASTER,RAC,ICE,Electrico,SKL,REST,Standard,TRANSPORTER,6
2026,06,15,RENAULT,RAFALE,Corporate,ICE,Gasolina/Electrico Enchufable,UKL2,REST,Standard,SAV,5
2026,06,15,RENAULT,RAFALE,Corporate,PHEV,Gasolina/Electrico Enchufable,UKL2,REST,Standard,SAV,3
2026,06,15,RENAULT,RAFALE,Private,ICE,Gasolina/Electrico Enchufable,UKL2,REST,Standard,SAV,2
2026,06,15,RENAULT,RAFALE,Private,PHEV,Gasolina/Electrico Enchufable,UKL2,REST,Standard,SAV,2
2026,06,15,RENAULT,SCENIC,Corporate,BEV,Electrico,UKL2,REST,Standard,MPV,3
2026,06,15,RENAULT,SCENIC,Private,BEV,Electrico,UKL2,REST,Standard,MPV,2
2026,06,15,RENAULT,SYMBIOZ,Corporate,ICE,Gasolina/Electrico,UKL1,REST,Standard,SAV,9
2026,06,15,RENAULT,SYMBIOZ,Private,ICE,Gasolina/Electrico,UKL1,REST,Standard,SAV,6
2026,06,15,RENAULT,TRAFIC,Corporate,BEV,Electrico,SKL,REST,Standard,TRANSPORTER,1
2026,06,15,RENAULT,TRAFIC,Corporate,ICE,Electrico,SKL,REST,Standard,TRANSPORTER,43
2026,06,15,RENAULT,TRAFIC,Private,ICE,Electrico,SKL,REST,Standard,TRANSPORTER,1
2026,06,15,RENAULT,TRAFIC,RAC,ICE,Electrico,SKL,REST,Standard,TRANSPORTER,12
2026,06,15,RENAULT,TWINGO,Corporate,BEV,Electrico,UKL0,REST,Standard,HACH 5P,1
2026,06,15,RENAULT,TWINGO,Private,BEV,Electrico,UKL0,REST,Standard,HACH 5P,6
2026,06,15,RENAULT TRUCKS,MASTER,Corporate,ICE,Electrico,SKL,REST,Standard,TRANSPORTER,2
2026,06,15,RENAULT TRUCKS,MASTER,Private,ICE,Electrico,SKL,REST,Standard,TRANSPORTER,8
2026,06,15,RENAULT TRUCKS,TRAFIC,Corporate,ICE,Diesel,SKL,REST,Standard,TRANSPORTER,9
2026,06,15,SEAT,ARONA,Corporate,ICE,Gasolina,UKL1,REST,Standard,SAV,20
2026,06,15,SEAT,ARONA,Private,ICE,Gasolina,UKL1,REST,Standard,SAV,12
2026,06,15,SEAT,ARONA,RAC,ICE,Gasolina,UKL1,REST,Standard,SAV,16
2026,06,15,SEAT,ATECA,Corporate,ICE,Gasolina,UKL2,REST,Standard,SAT,4
2026,06,15,SEAT,ATECA,Private,ICE,Gasolina,UKL2,REST,Standard,SAT,4
2026,06,15,SEAT,IBIZA,Corporate,ICE,Gasolina,UKL1,REST,Standard,HACH 5P,17
2026,06,15,SEAT,IBIZA,Private,ICE,Gasolina,UKL1,REST,Standard,HACH 5P,36
2026,06,15,SEAT,IBIZA,RAC,ICE,Gasolina,UKL1,REST,Standard,HACH 5P,5
2026,06,15,SEAT,LEON,Corporate,ICE,Gasolina/Electrico Enchufable,UKL2,REST,Standard,HACH 5P,39
2026,06,15,SEAT,LEON,Private,ICE,Gasolina/Electrico Enchufable,UKL2,REST,Standard,HACH 5P,24
2026,06,15,SHINERAY,,Private,ICE,Gasolina,,REST,Standard,,2
2026,06,15,SIN MARCA,,Corporate,ICE,Gasolina,,REST,Standard,,2
2026,06,15,SKODA,ELROQ,Corporate,BEV,Electrico,UKL2,REST,Standard,SAV,5
2026,06,15,SKODA,ELROQ,Private,BEV,Electrico,UKL2,REST,Standard,SAV,4
2026,06,15,SKODA,ENYAQ,Corporate,BEV,Electrico,UKL2,REST,Standard,SAV,1
2026,06,15,SKODA,ENYAQ,Private,BEV,Electrico,UKL2,REST,Standard,SAV,1
2026,06,15,SKODA,FABIA,Corporate,ICE,Gasolina,UKL1,REST,Standard,HACH 5P,18
2026,06,15,SKODA,FABIA,Private,ICE,Gasolina,UKL1,REST,Standard,HACH 5P,8
2026,06,15,SKODA,FABIA,RAC,ICE,Gasolina,UKL1,REST,Standard,HACH 5P,20
2026,06,15,SKODA,KAMIQ,Corporate,ICE,Gasolina,UKL1,REST,Standard,SAV,3
2026,06,15,SKODA,KAMIQ,Private,ICE,Gasolina,UKL1,REST,Standard,SAV,25
2026,06,15,SKODA,KAMIQ,RAC,ICE,Gasolina,UKL1,REST,Standard,SAV,6
2026,06,15,SKODA,KAROQ,Corporate,ICE,Gasolina,UKL2,REST,Standard,SAT,4
2026,06,15,SKODA,KAROQ,Private,ICE,Gasolina,UKL2,REST,Standard,SAT,7
2026,06,15,SKODA,KODIAQ,Corporate,ICE,Gasolina/Electrico Enchufable,KKL,REST,Standard,SAV,2
2026,06,15,SKODA,KODIAQ,Corporate,PHEV,Gasolina/Electrico Enchufable,KKL,REST,Standard,SAV,1
2026,06,15,SKODA,KODIAQ,Private,PHEV,Gasolina/Electrico Enchufable,KKL,REST,Standard,SAV,7
2026,06,15,SKODA,KODIAQ,RAC,ICE,Gasolina/Electrico Enchufable,KKL,REST,Standard,SAV,3
2026,06,15,SKODA,OCTAVIA,Corporate,ICE,Gasolina Mild Hybrid,UKL2,REST,Standard,ESTATE,6
2026,06,15,SKODA,OCTAVIA,Private,ICE,Gasolina Mild Hybrid,UKL2,REST,Standard,ESTATE,1
2026,06,15,SKODA,OCTAVIA,RAC,ICE,Gasolina Mild Hybrid,UKL2,REST,Standard,ESTATE,2
2026,06,15,SKODA,SCALA,Corporate,ICE,Gasolina,UKL2,REST,Standard,HACH 5P,1
2026,06,15,SKODA,SUPERB,Corporate,ICE,Gasolina/Electrico Enchufable,KKL,REST,Standard,SEDAN,1
2026,06,15,SMART,#3,Private,BEV,Electrico,UKL2,FOCUS SEGMENT,Standard,HACH 5P,1
2026,06,15,SOCAGE,,Corporate,ICE,Diesel,,REST,Standard,,1
2026,06,15,SORTIMO,,Corporate,ICE,Diesel,,REST,Standard,,1
2026,06,15,STX,,Corporate,ICE,Diesel,,REST,Standard,,1
2026,06,15,SUBARU,FORESTER,Private,ICE,Gasolina/Electrico,KKL,REST,Standard,SAV,1
2026,06,15,SUZUKI,SWIFT,Private,ICE,Gasolina Mild Hybrid,UKL1,REST,Standard,HACH 5P,1
2026,06,15,SUZUKI,SX4,Private,ICE,Gasolina/Electrico,UKL1,REST,Standard,SAV,2
2026,06,15,SUZUKI,VITARA,Private,ICE,Gasolina/Electrico,UKL2,REST,Standard,SUV,2
2026,06,15,TECNOCARROCERA,,Corporate,ICE,Diesel,,REST,Standard,,1
2026,06,15,TECNOVE FIBERGLASS,,RAC,ICE,Diesel,,REST,Standard,,1
2026,06,15,TESLA,MODEL 3,Corporate,BEV,Electrico,KKL,FOCUS SEGMENT,Standard,SEDAN,11
2026,06,15,TESLA,MODEL 3,Private,BEV,Electrico,KKL,FOCUS SEGMENT,Standard,SEDAN,123
2026,06,15,TESLA,MODEL Y,Corporate,BEV,Electrico,KKL,FOCUS SEGMENT,Standard,SAT,8
2026,06,15,TESLA,MODEL Y,Private,BEV,Electrico,KKL,FOCUS SEGMENT,Standard,SAT,77
2026,06,15,TOYOTA,,Corporate,ICE,Gasolina,,REST,Standard,,1
2026,06,15,TOYOTA,AYGO X,Corporate,ICE,Gasolina/Electrico,UKL0,REST,Standard,HACH 5P,5
2026,06,15,TOYOTA,AYGO X,Private,ICE,Gasolina/Electrico,UKL0,REST,Standard,HACH 5P,13
2026,06,15,TOYOTA,BZ4X,Private,BEV,Electrico,UKL2,REST,Standard,SAV,3
2026,06,15,TOYOTA,C-HR,Corporate,ICE,Gasolina/Electrico Enchufable,UKL1,REST,Standard,SAV,13
2026,06,15,TOYOTA,C-HR,Corporate,PHEV,Gasolina/Electrico Enchufable,UKL1,REST,Standard,SAV,10
2026,06,15,TOYOTA,C-HR,Private,BEV,Gasolina/Electrico Enchufable,UKL1,REST,Standard,SAV,17
2026,06,15,TOYOTA,C-HR,Private,ICE,Gasolina/Electrico Enchufable,UKL1,REST,Standard,SAV,57
2026,06,15,TOYOTA,C-HR,Private,PHEV,Gasolina/Electrico Enchufable,UKL1,REST,Standard,SAV,11
2026,06,15,TOYOTA,C-HR,RAC,BEV,Gasolina/Electrico Enchufable,UKL1,REST,Standard,SAV,5
2026,06,15,TOYOTA,C-HR,RAC,ICE,Gasolina/Electrico Enchufable,UKL1,REST,Standard,SAV,15
2026,06,15,TOYOTA,C-HR,RAC,PHEV,Gasolina/Electrico Enchufable,UKL1,REST,Standard,SAV,2
2026,06,15,TOYOTA,COROLLA,Corporate,ICE,Gasolina/Electrico,UKL2,REST,Standard,HACH 5P,27
2026,06,15,TOYOTA,COROLLA,Private,ICE,Gasolina/Electrico,UKL2,REST,Standard,HACH 5P,61
2026,06,15,TOYOTA,COROLLA,RAC,ICE,Gasolina/Electrico,UKL2,REST,Standard,HACH 5P,34
2026,06,15,TOYOTA,HI LUX,Corporate,BEV,Electrico,SKL,REST,Standard,PICKUP,1
2026,06,15,TOYOTA,HI LUX,Corporate,ICE,Electrico,SKL,REST,Standard,PICKUP,4
2026,06,15,TOYOTA,HI LUX,Private,ICE,Electrico,SKL,REST,Standard,PICKUP,2
2026,06,15,TOYOTA,LAND CRUISER,Corporate,ICE,Diesel Mild Hybrid,GKL,REST,Standard,SUV,1
2026,06,15,TOYOTA,PROACE,Corporate,BEV,Electrico,SKL,REST,Standard,TRANSPORTER,2
2026,06,15,TOYOTA,PROACE,Corporate,ICE,Electrico,SKL,REST,Standard,TRANSPORTER,27
2026,06,15,TOYOTA,PROACE,Private,ICE,Electrico,SKL,REST,Standard,TRANSPORTER,1
2026,06,15,TOYOTA,PROACE,RAC,BEV,Electrico,SKL,REST,Standard,TRANSPORTER,3
2026,06,15,TOYOTA,PROACE CITY,Corporate,BEV,Electrico,SKL,REST,Standard,TRANSPORTER,3
2026,06,15,TOYOTA,PROACE CITY,Corporate,ICE,Electrico,SKL,REST,Standard,TRANSPORTER,20
2026,06,15,TOYOTA,PROACE CITY,Private,ICE,Electrico,SKL,REST,Standard,TRANSPORTER,2
2026,06,15,TOYOTA,PROACE VERSO,Corporate,BEV,Gasolina,SKL,REST,Standard,TRANSPORTER,1
2026,06,15,TOYOTA,PROACE VERSO,Corporate,ICE,Gasolina,SKL,REST,Standard,TRANSPORTER,2
2026,06,15,TOYOTA,PROACE VERSO,Private,ICE,Gasolina,SKL,REST,Standard,TRANSPORTER,4
2026,06,15,TOYOTA,RAV 4,Corporate,PHEV,Gasolina/Electrico Enchufable,UKL2,REST,Standard,SAV,8
2026,06,15,TOYOTA,RAV 4,Private,ICE,Gasolina/Electrico Enchufable,UKL2,REST,Standard,SAV,1
2026,06,15,TOYOTA,RAV 4,Private,PHEV,Gasolina/Electrico Enchufable,UKL2,REST,Standard,SAV,16
2026,06,15,TOYOTA,YARIS,Corporate,ICE,Gasolina/Electrico,UKL1,REST,Standard,HACH 5P,15
2026,06,15,TOYOTA,YARIS,Private,ICE,Gasolina/Electrico,UKL1,REST,Standard,HACH 5P,8
2026,06,15,TOYOTA,YARIS,RAC,ICE,Gasolina/Electrico,UKL1,REST,Standard,HACH 5P,15
2026,06,15,TOYOTA,YARIS CROSS,Corporate,ICE,Gasolina/Electrico,UKL1,REST,Standard,SAV,11
2026,06,15,TOYOTA,YARIS CROSS,Private,ICE,Gasolina/Electrico,UKL1,REST,Standard,SAV,55
2026,06,15,TOYOTA,YARIS CROSS,RAC,ICE,Gasolina/Electrico,UKL1,REST,Standard,SAV,14
2026,06,15,TRANSPOL,,RAC,ICE,Diesel,,REST,Standard,,1
2026,06,15,VOLKSWAGEN,,Corporate,BEV,Electrico,,REST,Standard,,2
2026,06,15,VOLKSWAGEN,AMAROK,Corporate,ICE,Diesel,SKL,REST,Standard,PICKUP,2
2026,06,15,VOLKSWAGEN,CADDY,Corporate,ICE,Gasolina/Electrico Enchufable,SKL,REST,Standard,TRANSPORTER,38
2026,06,15,VOLKSWAGEN,CADDY,Corporate,PHEV,Gasolina/Electrico Enchufable,SKL,REST,Standard,TRANSPORTER,2
2026,06,15,VOLKSWAGEN,CADDY,Private,ICE,Gasolina/Electrico Enchufable,SKL,REST,Standard,TRANSPORTER,1
2026,06,15,VOLKSWAGEN,CADDY,Private,PHEV,Gasolina/Electrico Enchufable,SKL,REST,Standard,TRANSPORTER,2
2026,06,15,VOLKSWAGEN,CALIFORNIA,Corporate,ICE,Gasolina/Electrico Enchufable,SKL,REST,Standard,TRANSPORTER,1
2026,06,15,VOLKSWAGEN,CALIFORNIA,Private,ICE,Gasolina/Electrico Enchufable,SKL,REST,Standard,TRANSPORTER,2
2026,06,15,VOLKSWAGEN,CALIFORNIA,Private,PHEV,Gasolina/Electrico Enchufable,SKL,REST,Standard,TRANSPORTER,1
2026,06,15,VOLKSWAGEN,CRAFTER,Corporate,ICE,Diesel,SKL,REST,Standard,TRANSPORTER,8
2026,06,15,VOLKSWAGEN,CRAFTER,Private,ICE,Diesel,SKL,REST,Standard,TRANSPORTER,2
2026,06,15,VOLKSWAGEN,CRAFTER,RAC,ICE,Diesel,SKL,REST,Standard,TRANSPORTER,1
2026,06,15,VOLKSWAGEN,GOLF,Corporate,ICE,Gasolina/Electrico Enchufable,UKL2,REST,Standard,HACH 5P,31
2026,06,15,VOLKSWAGEN,GOLF,Corporate,PHEV,Gasolina/Electrico Enchufable,UKL2,REST,Standard,HACH 5P,2
2026,06,15,VOLKSWAGEN,GOLF,Private,ICE,Gasolina/Electrico Enchufable,UKL2,REST,Standard,HACH 5P,6
2026,06,15,VOLKSWAGEN,GOLF,Private,PHEV,Gasolina/Electrico Enchufable,UKL2,REST,Standard,HACH 5P,2
2026,06,15,VOLKSWAGEN,GOLF,RAC,ICE,Gasolina/Electrico Enchufable,UKL2,REST,Standard,HACH 5P,3
2026,06,15,VOLKSWAGEN,ID.4,Private,BEV,Electrico,UKL2,REST,Standard,SAV,5
2026,06,15,VOLKSWAGEN,ID.BUZZ,Corporate,BEV,Electrico,SKL,REST,Standard,TRANSPORTER,8
2026,06,15,VOLKSWAGEN,MULTIVAN,Corporate,ICE,Gasolina/Electrico Enchufable,SKL,REST,Standard,TRANSPORTER,3
2026,06,15,VOLKSWAGEN,MULTIVAN,Corporate,PHEV,Gasolina/Electrico Enchufable,SKL,REST,Standard,TRANSPORTER,3
2026,06,15,VOLKSWAGEN,MULTIVAN,Private,ICE,Gasolina/Electrico Enchufable,SKL,REST,Standard,TRANSPORTER,2
2026,06,15,VOLKSWAGEN,MULTIVAN,Private,PHEV,Gasolina/Electrico Enchufable,SKL,REST,Standard,TRANSPORTER,2
2026,06,15,VOLKSWAGEN,POLO,Corporate,ICE,Gasolina,UKL1,REST,Standard,HACH 5P,11
2026,06,15,VOLKSWAGEN,POLO,Private,ICE,Gasolina,UKL1,REST,Standard,HACH 5P,12
2026,06,15,VOLKSWAGEN,POLO,RAC,ICE,Gasolina,UKL1,REST,Standard,HACH 5P,4
2026,06,15,VOLKSWAGEN,T-CROSS,Corporate,ICE,Gasolina,UKL1,REST,Standard,SAV,3
2026,06,15,VOLKSWAGEN,T-CROSS,Private,ICE,Gasolina,UKL1,REST,Standard,SAV,18
2026,06,15,VOLKSWAGEN,T-ROC,Corporate,ICE,Gasolina Mild Hybrid,UKL2,REST,Standard,SAV,22
2026,06,15,VOLKSWAGEN,T-ROC,Private,ICE,Gasolina Mild Hybrid,UKL2,REST,Standard,SAV,14
2026,06,15,VOLKSWAGEN,TAIGO,Corporate,ICE,Gasolina,UKL1,REST,Standard,SAV,9
2026,06,15,VOLKSWAGEN,TAIGO,Private,ICE,Gasolina,UKL1,REST,Standard,SAV,9
2026,06,15,VOLKSWAGEN,TAIGO,RAC,ICE,Gasolina,UKL1,REST,Standard,SAV,1
2026,06,15,VOLKSWAGEN,TAYRON,Corporate,ICE,Gasolina/Electrico Enchufable,UKL2,REST,Standard,SAV,5
2026,06,15,VOLKSWAGEN,TAYRON,Corporate,PHEV,Gasolina/Electrico Enchufable,UKL2,REST,Standard,SAV,2
2026,06,15,VOLKSWAGEN,TIGUAN,Corporate,ICE,Gasolina/Electrico Enchufable,UKL2,REST,Standard,SAV,24
2026,06,15,VOLKSWAGEN,TIGUAN,Corporate,PHEV,Gasolina/Electrico Enchufable,UKL2,REST,Standard,SAV,5
2026,06,15,VOLKSWAGEN,TIGUAN,Private,ICE,Gasolina/Electrico Enchufable,UKL2,REST,Standard,SAV,10
2026,06,15,VOLKSWAGEN,TIGUAN,Private,PHEV,Gasolina/Electrico Enchufable,UKL2,REST,Standard,SAV,2
2026,06,15,VOLKSWAGEN,TIGUAN,RAC,PHEV,Gasolina/Electrico Enchufable,UKL2,REST,Standard,SAV,7
2026,06,15,VOLKSWAGEN,TOURAN,Corporate,ICE,Gasolina,UKL2,REST,Standard,MPV,1
2026,06,15,VOLKSWAGEN,TRANSPORTER,Corporate,ICE,Gasolina/Electrico Enchufable,SKL,REST,Standard,TRANSPORTER,1
2026,06,15,VOLKSWAGEN,TRANSPORTER,Private,ICE,Gasolina/Electrico Enchufable,SKL,REST,Standard,TRANSPORTER,2
2026,06,15,VOLVO,EX30,Corporate,BEV,Electrico,UKL1,FOCUS SEGMENT,Standard,SAV,6
2026,06,15,VOLVO,EX30,Private,BEV,Electrico,UKL1,FOCUS SEGMENT,Standard,SAV,3
2026,06,15,VOLVO,EX40,Private,BEV,Electrico,UKL2,FOCUS SEGMENT,Standard,SAV,2
2026,06,15,VOLVO,V60,Corporate,ICE,Gasolina/Electrico Enchufable,KKL,FOCUS SEGMENT,Standard,ESTATE,1
2026,06,15,VOLVO,XC40,Corporate,ICE,Gasolina Mild Hybrid,UKL2,FOCUS SEGMENT,Standard,SAV,5
2026,06,15,VOLVO,XC40,Private,ICE,Gasolina Mild Hybrid,UKL2,FOCUS SEGMENT,Standard,SAV,6
2026,06,15,VOLVO,XC60,Corporate,ICE,Gasolina/Electrico Enchufable,KKL,FOCUS SEGMENT,Standard,SAV,6
2026,06,15,VOLVO,XC60,Corporate,PHEV,Gasolina/Electrico Enchufable,KKL,FOCUS SEGMENT,Standard,SAV,2
2026,06,15,VOLVO,XC60,Private,ICE,Gasolina/Electrico Enchufable,KKL,FOCUS SEGMENT,Standard,SAV,2
2026,06,15,VOLVO,XC90,Corporate,ICE,Gasolina/Electrico Enchufable,MKL,FOCUS SEGMENT,Standard,SAV,1
2026,06,15,VOLVO,XC90,Corporate,PHEV,Gasolina/Electrico Enchufable,MKL,FOCUS SEGMENT,Standard,SAV,5
2026,06,15,VOLVO,XC90,Private,ICE,Gasolina/Electrico Enchufable,MKL,FOCUS SEGMENT,Standard,SAV,1
2026,06,15,VOLVO,XC90,Private,PHEV,Gasolina/Electrico Enchufable,MKL,FOCUS SEGMENT,Standard,SAV,2
2026,06,15,XPENG,,Corporate,BEV,Electrico,,REST,Standard,,1
2026,06,15,XPENG,G6,Private,BEV,Electrico,KKL,FOCUS SEGMENT,Standard,SAV,6
2026,06,15,XPENG,G9,Corporate,BEV,Electrico,MKL,FOCUS SEGMENT,Standard,SAV,2
2026,06,15,ZAGO AUTOMOTIVE,,Corporate,ICE,Gasolina,,REST,Standard,,18
