anyo,mes,marca,modelo,canal,fuel_type,fuel,segmento,subseg,hp,body_type,renting,count
2026,08,A.A. AIRBUS,NISSAN X-TRAIL,Corporate,ICE,Gasolina,,REST,Standard,,No Renting,5
2026,08,AION,UT,Corporate,BEV,Electrico,UKL1,REST,Standard,HACH 5P,No Renting,1
2026,08,ALFA ROMEO,JUNIOR,Corporate,ICE,Gasolina Mild Hybrid,UKL1,REST,Standard,SAV,No Renting,1
2026,08,ALFA ROMEO,JUNIOR,Corporate,ICE,Gasolina Mild Hybrid,UKL1,REST,Standard,SAV,Renting,1
2026,08,ASTON MARTIN,DBX,Corporate,ICE,Gasolina,GKL+,FOCUS SEGMENT,Standard,SAV,No Renting,1
2026,08,AUDI,A1,Corporate,ICE,Gasolina,UKL1,FOCUS SEGMENT,Standard,HACH 5P,Renting,1
2026,08,AUDI,A3,Corporate,ICE,Gasolina/Electrico Enchufable,UKL2,FOCUS SEGMENT,Standard,HACH 5P,Renting,11
2026,08,AUDI,A3,Corporate,PHEV,Gasolina/Electrico Enchufable,UKL2,FOCUS SEGMENT,Standard,HACH 5P,Renting,1
2026,08,AUDI,A3,Private,ICE,Gasolina/Electrico Enchufable,UKL2,FOCUS SEGMENT,M,HACH 5P,No Renting,1
2026,08,AUDI,A3,Private,PHEV,Gasolina/Electrico Enchufable,UKL2,FOCUS SEGMENT,Standard,HACH 5P,No Renting,2
2026,08,AUDI,A5,Corporate,ICE,Gasolina/Electrico Enchufable,KKL,FOCUS SEGMENT,Standard,SEDAN,Renting,1
2026,08,AUDI,A5,Corporate,PHEV,Gasolina/Electrico Enchufable,KKL,FOCUS SEGMENT,M,SEDAN,No Renting,1
2026,08,AUDI,A6,Corporate,PHEV,Gasolina/Electrico Enchufable,MKL,FOCUS SEGMENT,Standard,SEDAN,Renting,1
2026,08,AUDI,A6,Private,BEV,Gasolina/Electrico Enchufable,MKL,FOCUS SEGMENT,Standard,SEDAN,No Renting,1
2026,08,AUDI,Q2,Private,ICE,Gasolina,UKL2,FOCUS SEGMENT,Standard,SAV,No Renting,1
2026,08,AUDI,Q3,Corporate,ICE,Gasolina/Electrico Enchufable,UKL2,FOCUS SEGMENT,Standard,SAV,Renting,2
2026,08,AUDI,Q3,Corporate,PHEV,Gasolina/Electrico Enchufable,UKL2,FOCUS SEGMENT,Standard,SAV,Renting,1
2026,08,AUDI,Q3 SPORTBACK,Corporate,ICE,Gasolina/Electrico Enchufable,UKL2,FOCUS SEGMENT,Standard,SAV,Renting,1
2026,08,AUDI,Q3 SPORTBACK,Private,ICE,Gasolina/Electrico Enchufable,UKL2,FOCUS SEGMENT,Standard,SAV,No Renting,1
2026,08,AUDI,Q4 SPORTBACK E-TRON,Private,BEV,Electrico,UKL2,FOCUS SEGMENT,Standard,SAV,No Renting,1
2026,08,AUDI,Q5,Corporate,PHEV,Gasolina/Electrico Enchufable,KKL,FOCUS SEGMENT,Standard,SAV,Renting,1
2026,08,AUDI,Q5,Private,ICE,Gasolina/Electrico Enchufable,KKL,FOCUS SEGMENT,Standard,SAV,No Renting,1
2026,08,AUDI,Q5 SPORTBACK,Corporate,ICE,Gasolina/Electrico Enchufable,KKL,FOCUS SEGMENT,Standard,SAV,No Renting,1
2026,08,AUDI,Q5 SPORTBACK,Corporate,ICE,Gasolina/Electrico Enchufable,KKL,FOCUS SEGMENT,Standard,SAV,Renting,1
2026,08,AUDI,Q5 SPORTBACK,Private,ICE,Gasolina/Electrico Enchufable,KKL,FOCUS SEGMENT,Standard,SAV,No Renting,1
2026,08,AUDI,Q5 SPORTBACK,Private,PHEV,Gasolina/Electrico Enchufable,KKL,FOCUS SEGMENT,Standard,SAV,No Renting,1
2026,08,AUDI,Q8,Corporate,PHEV,Gasolina/Electrico Enchufable,MKL,FOCUS SEGMENT,Standard,SAV,Renting,1
2026,08,BAW,212 T01,Private,ICE,Gasolina,UKL2,REST,Standard,SAV,No Renting,4
2026,08,BMW,I4,Corporate,BEV,Electrico,KKL,FOCUS SEGMENT,M Performance,SEDAN,Renting,1
2026,08,BMW,IX1,Private,BEV,Electrico,UKL2,FOCUS SEGMENT,Standard,SAV,No Renting,1
2026,08,BMW,IX3,Corporate,BEV,Electrico,KKL,FOCUS SEGMENT,Standard,SAV,No Renting,2
2026,08,BMW,IX3,Corporate,BEV,Electrico,KKL,FOCUS SEGMENT,Standard,SAV,Renting,1
2026,08,BMW,IX3,Private,BEV,Electrico,KKL,FOCUS SEGMENT,Standard,SAV,No Renting,1
2026,08,BMW,SERIE 1,Corporate,ICE,Gasolina,UKL2,FOCUS SEGMENT,Standard,HACH 5P,No Renting,10
2026,08,BMW,SERIE 2,Private,ICE,Gasolina/Electrico Enchufable,UKL2,FOCUS SEGMENT,Standard,MPV,No Renting,1
2026,08,BMW,SERIE 5,Corporate,ICE,Gasolina/Electrico Enchufable,MKL,FOCUS SEGMENT,Standard,ESTATE,Renting,1
2026,08,BMW,X1,Corporate,ICE,Gasolina/Electrico Enchufable,UKL2,FOCUS SEGMENT,Standard,SAV,No Renting,16
2026,08,BMW,X1,Corporate,ICE,Gasolina/Electrico Enchufable,UKL2,FOCUS SEGMENT,Standard,SAV,Renting,2
2026,08,BMW,X1,Corporate,PHEV,Gasolina/Electrico Enchufable,UKL2,FOCUS SEGMENT,Standard,SAV,Renting,1
2026,08,BMW,X1,Private,ICE,Gasolina/Electrico Enchufable,UKL2,FOCUS SEGMENT,Standard,SAV,No Renting,2
2026,08,BMW,X1,Private,PHEV,Gasolina/Electrico Enchufable,UKL2,FOCUS SEGMENT,Standard,SAV,No Renting,1
2026,08,BMW,X2,Corporate,ICE,Diesel Mild Hybrid,UKL2,FOCUS SEGMENT,Standard,SAV,No Renting,1
2026,08,BMW,X3,Corporate,ICE,Gasolina Mild Hybrid,KKL,FOCUS SEGMENT,Standard,SAV,No Renting,28
2026,08,BMW,X3,Corporate,ICE,Gasolina Mild Hybrid,KKL,FOCUS SEGMENT,Standard,SAV,Renting,2
2026,08,BMW,X3,Corporate,PHEV,Gasolina Mild Hybrid,KKL,FOCUS SEGMENT,Standard,SAV,No Renting,12
2026,08,BMW,X3,Corporate,PHEV,Gasolina Mild Hybrid,KKL,FOCUS SEGMENT,Standard,SAV,Renting,1
2026,08,BMW,X3,Private,ICE,Gasolina Mild Hybrid,KKL,FOCUS SEGMENT,Standard,SAV,No Renting,1
2026,08,BMW,X5,Corporate,ICE,Gasolina/Electrico Enchufable,MKL,FOCUS SEGMENT,Standard,SAV,No Renting,1
2026,08,BMW,X6,Corporate,ICE,Gasolina Mild Hybrid,MKL,FOCUS SEGMENT,Standard,SAV,No Renting,10
2026,08,BMW,XM,Corporate,PHEV,Gasolina/Electrico Enchufable,GKL,FOCUS SEGMENT,M,SAV,Renting,1
2026,08,BYD,ATTO 2,Corporate,BEV,Gasolina/Electrico Enchufable,UKL1,REST,Standard,SAV,Renting,1
2026,08,BYD,ATTO 2,Corporate,PHEV,Gasolina/Electrico Enchufable,UKL1,REST,Standard,SAV,Renting,1
2026,08,BYD,ATTO 2,Private,BEV,Gasolina/Electrico Enchufable,UKL1,REST,Standard,SAV,No Renting,4
2026,08,BYD,ATTO 2,Private,PHEV,Gasolina/Electrico Enchufable,UKL1,REST,Standard,SAV,No Renting,10
2026,08,BYD,DOLPHIN G,Corporate,PHEV,Gasolina/Electrico Enchufable,UKL1,REST,Standard,HACH 5P,No Renting,1
2026,08,BYD,DOLPHIN G,Private,PHEV,Gasolina/Electrico Enchufable,UKL1,REST,Standard,HACH 5P,No Renting,2
2026,08,BYD,DOLPHIN SURF,Corporate,BEV,Electrico,UKL0,REST,Standard,HACH 5P,No Renting,1
2026,08,BYD,DOLPHIN SURF,Private,BEV,Electrico,UKL0,REST,Standard,HACH 5P,No Renting,4
2026,08,BYD,SEAL,Corporate,BEV,Electrico,KKL,REST,Standard,SEDAN,No Renting,1
2026,08,BYD,SEAL 6,Private,PHEV,Gasolina/Electrico Enchufable,KKL,REST,Standard,SEDAN,No Renting,1
2026,08,BYD,SEAL U,Corporate,BEV,Gasolina/Electrico Enchufable,KKL,REST,Standard,SAV,Renting,1
2026,08,BYD,SEAL U,Corporate,PHEV,Gasolina/Electrico Enchufable,KKL,REST,Standard,SAV,No Renting,1
2026,08,BYD,SEAL U,Corporate,PHEV,Gasolina/Electrico Enchufable,KKL,REST,Standard,SAV,Renting,2
2026,08,BYD,SEAL U,Private,PHEV,Gasolina/Electrico Enchufable,KKL,REST,Standard,SAV,No Renting,4
2026,08,CHANGAN,DEEPAL S05,Private,BEV,Gasolina/Electrico Enchufable,UKL2,REST,Standard,HACH 5P,No Renting,4
2026,08,CHANGAN,DEEPAL S05,Private,PHEV,Gasolina/Electrico Enchufable,UKL2,REST,Standard,HACH 5P,No Renting,1
2026,08,CHANGAN,DEEPAL S07,Private,BEV,Electrico,UKL2,REST,Standard,SAV,No Renting,1
2026,08,CITROEN,BERLINGO,Corporate,ICE,Electrico,SKL,REST,Standard,TRANSPORTER,No Renting,8
2026,08,CITROEN,BERLINGO,Corporate,ICE,Electrico,SKL,REST,Standard,TRANSPORTER,Renting,27
2026,08,CITROEN,BERLINGO,Private,BEV,Electrico,SKL,REST,Standard,TRANSPORTER,No Renting,2
2026,08,CITROEN,BERLINGO,Private,ICE,Electrico,SKL,REST,Standard,TRANSPORTER,No Renting,3
2026,08,CITROEN,C3,Corporate,ICE,Gasolina Mild Hybrid,UKL1,REST,Standard,HACH 5P,Renting,1
2026,08,CITROEN,C3,Private,BEV,Gasolina Mild Hybrid,UKL1,REST,Standard,HACH 5P,No Renting,7
2026,08,CITROEN,C3,Private,ICE,Gasolina Mild Hybrid,UKL1,REST,Standard,HACH 5P,No Renting,11
2026,08,CITROEN,C3,RAC,ICE,Gasolina Mild Hybrid,UKL1,REST,Standard,HACH 5P,No Renting,33
2026,08,CITROEN,C3 AIRCROSS,Corporate,ICE,Gasolina Mild Hybrid,UKL2,REST,Standard,SAV,Renting,41
2026,08,CITROEN,C3 AIRCROSS,Private,BEV,Gasolina Mild Hybrid,UKL2,REST,Standard,SAV,No Renting,1
2026,08,CITROEN,C3 AIRCROSS,Private,ICE,Gasolina Mild Hybrid,UKL2,REST,Standard,SAV,No Renting,6
2026,08,CITROEN,C4,Private,ICE,Gasolina Mild Hybrid,UKL2,REST,Standard,HACH 5P,No Renting,2
2026,08,CITROEN,C5 AIRCROSS,Private,BEV,Gasolina/Electrico Enchufable,UKL2,REST,Standard,SAV,No Renting,1
2026,08,CITROEN,C5 AIRCROSS,Private,ICE,Gasolina/Electrico Enchufable,UKL2,REST,Standard,SAV,No Renting,2
2026,08,CITROEN,JUMPER,Corporate,ICE,Diesel,SKL,REST,Standard,TRANSPORTER,No Renting,2
2026,08,CITROEN,JUMPER,Corporate,ICE,Diesel,SKL,REST,Standard,TRANSPORTER,Renting,1
2026,08,CITROEN,JUMPER,Private,ICE,Diesel,SKL,REST,Standard,TRANSPORTER,No Renting,1
2026,08,COOLGADES,M27,Corporate,ICE,Diesel,,REST,Standard,,No Renting,1
2026,08,CUPRA,CUPRA LEON,Corporate,ICE,Gasolina/Electrico Enchufable,UKL2,REST,Standard,HACH 5P,No Renting,1
2026,08,CUPRA,CUPRA LEON,Private,ICE,Gasolina/Electrico Enchufable,UKL2,REST,Standard,HACH 5P,No Renting,7
2026,08,CUPRA,FORMENTOR,Corporate,ICE,Gasolina/Electrico Enchufable,UKL2,REST,Standard,SAT,Renting,4
2026,08,CUPRA,FORMENTOR,Private,ICE,Gasolina/Electrico Enchufable,UKL2,REST,Standard,SAT,No Renting,4
2026,08,CUPRA,RAVAL,Private,BEV,Electrico,UKL1,REST,Standard,HACH 5P,No Renting,3
2026,08,CUPRA,TERRAMAR,Corporate,ICE,Gasolina/Electrico Enchufable,UKL2,REST,Standard,SAT,No Renting,1
2026,08,CUPRA,TERRAMAR,Corporate,PHEV,Gasolina/Electrico Enchufable,UKL2,REST,Standard,SAT,No Renting,1
2026,08,CUPRA,TERRAMAR,Private,ICE,Gasolina/Electrico Enchufable,UKL2,REST,Standard,SAT,No Renting,3
2026,08,DACIA,BIGSTER,Corporate,ICE,Gasolina/Electrico,UKL2,REST,Standard,SAV,No Renting,1
2026,08,DACIA,BIGSTER,Private,ICE,Gasolina/Electrico,UKL2,REST,Standard,SAV,No Renting,3
2026,08,DACIA,DUSTER,Corporate,ICE,Gasolina/Electrico,SKL,REST,Standard,PICKUP,No Renting,1
2026,08,DACIA,DUSTER,Corporate,ICE,Gasolina/Electrico,SKL,REST,Standard,PICKUP,Renting,1
2026,08,DACIA,DUSTER,Private,ICE,Gasolina/Electrico,SKL,REST,Standard,PICKUP,No Renting,7
2026,08,DACIA,JOGGER,Private,ICE,Gasolina/Electrico,UKL2,REST,Standard,MPV,No Renting,4
2026,08,DACIA,SANDERO,Corporate,ICE,Gasolina,UKL1,REST,Standard,HACH 5P,No Renting,1
2026,08,DACIA,SANDERO,Corporate,ICE,Gasolina,UKL1,REST,Standard,HACH 5P,Renting,2
2026,08,DACIA,SANDERO,Private,ICE,Gasolina,UKL1,REST,Standard,HACH 5P,No Renting,26
2026,08,DACIA,SANDERO,RAC,ICE,Gasolina,UKL1,REST,Standard,HACH 5P,No Renting,1
2026,08,DFSK,DFSK EC31,Corporate,BEV,Electrico,,REST,Standard,,No Renting,1
2026,08,DR,EVO,Corporate,ICE,Gasolina,UKL1,REST,Standard,SAV,No Renting,1
2026,08,DR,EVO,Private,ICE,Gasolina,UKL1,REST,Standard,SAV,No Renting,1
2026,08,DS,NO8,Corporate,BEV,Electrico,MKL,REST,Standard,SEDAN,Renting,1
2026,08,DSK,Q21,Corporate,ICE,Gasolina,,REST,Standard,,No Renting,1
2026,08,EBRO,S400,Private,ICE,Gasolina/Electrico,UKL2,REST,Standard,SAV,No Renting,13
2026,08,EBRO,S700,Corporate,ICE,Gasolina/Electrico Enchufable,UKL2,REST,Standard,SAV,No Renting,1
2026,08,EBRO,S700,Corporate,PHEV,Gasolina/Electrico Enchufable,UKL2,REST,Standard,SAV,No Renting,1
2026,08,EBRO,S700,Private,ICE,Gasolina/Electrico Enchufable,UKL2,REST,Standard,SAV,No Renting,7
2026,08,EBRO,S700,Private,PHEV,Gasolina/Electrico Enchufable,UKL2,REST,Standard,SAV,No Renting,4
2026,08,EBRO,S800,Private,PHEV,Gasolina/Electrico Enchufable,KKL,REST,Standard,SAV,No Renting,11
2026,08,EBRO,S900,Corporate,PHEV,Gasolina/Electrico Enchufable,UKL2,REST,Standard,SAV,No Renting,2
2026,08,EBRO,S900,Private,PHEV,Gasolina/Electrico Enchufable,UKL2,REST,Standard,SAV,No Renting,1
2026,08,ERKE,TRANSPORTER ERKE WV4ZZZT,Corporate,ICE,Diesel,,REST,Standard,,Renting,1
2026,08,EUROCARROCERA,RANGER,Corporate,ICE,Diesel,,REST,Standard,,Renting,1
2026,08,EVO,EVO 4,Private,ICE,Gasolina,UKL1,REST,Standard,SAV,No Renting,1
2026,08,EVO,EVO 5,Private,ICE,Gasolina,UKL2,REST,Standard,SAV,No Renting,1
2026,08,FIAT,500,Private,ICE,Gasolina Mild Hybrid,UKL0,REST,Standard,HACH 3P,No Renting,1
2026,08,FIAT,BENIMAR MILEO 263,Private,ICE,Diesel,,REST,Standard,,No Renting,1
2026,08,FIAT,DOBLO CARGO,Corporate,ICE,Electrico,SKL,REST,Standard,TRANSPORTER,Renting,1
2026,08,FIAT,DUCATO,Corporate,ICE,Diesel,SKL,REST,Standard,TRANSPORTER,No Renting,2
2026,08,FIAT,DUCATO,Private,ICE,Diesel,SKL,REST,Standard,TRANSPORTER,No Renting,8
2026,08,FIAT,DUCATO,RAC,ICE,Diesel,SKL,REST,Standard,TRANSPORTER,No Renting,3
2026,08,FIAT,PANDA,RAC,ICE,Gasolina Mild Hybrid,UKL0,REST,Standard,HACH 5P,No Renting,1
2026,08,FIAT,SCUDO,RAC,ICE,Electrico,SKL,REST,Standard,TRANSPORTER,No Renting,1
2026,08,FORD,EXPLORER,Private,BEV,Gasolina/Electrico Enchufable,SKL,REST,Standard,PICKUP,No Renting,1
2026,08,FORD,KUGA,Corporate,ICE,Gasolina/Electrico Enchufable,UKL2,REST,Standard,SAV,No Renting,3
2026,08,FORD,KUGA,Corporate,ICE,Gasolina/Electrico Enchufable,UKL2,REST,Standard,SAV,Renting,1
2026,08,FORD,KUGA,Corporate,PHEV,Gasolina/Electrico Enchufable,UKL2,REST,Standard,SAV,No Renting,3
2026,08,FORD,KUGA,Corporate,PHEV,Gasolina/Electrico Enchufable,UKL2,REST,Standard,SAV,Renting,1
2026,08,FORD,KUGA,Private,ICE,Gasolina/Electrico Enchufable,UKL2,REST,Standard,SAV,No Renting,3
2026,08,FORD,KUGA,Private,PHEV,Gasolina/Electrico Enchufable,UKL2,REST,Standard,SAV,No Renting,1
2026,08,FORD,MUSTANG,Private,ICE,Gasolina,MKL,REST,Standard,CABRIO,No Renting,1
2026,08,FORD,MUSTANG MACH-E,Corporate,BEV,Electrico,KKL,REST,Standard,SAV,No Renting,1
2026,08,FORD,PUMA,Corporate,ICE,Gasolina Mild Hybrid,UKL1,REST,Standard,SAV,Renting,3
2026,08,FORD,RANGER,Corporate,ICE,Gasolina/Electrico Enchufable,SKL,REST,Standard,PICKUP,No Renting,3
2026,08,FORD,RANGER,Corporate,ICE,Gasolina/Electrico Enchufable,SKL,REST,Standard,PICKUP,Renting,2
2026,08,FORD,RANGER,Corporate,PHEV,Gasolina/Electrico Enchufable,SKL,REST,Standard,PICKUP,No Renting,1
2026,08,FORD,RANGER,Corporate,PHEV,Gasolina/Electrico Enchufable,SKL,REST,Standard,PICKUP,Renting,3
2026,08,FORD,TOURNEO,Corporate,ICE,Gasolina/Electrico Enchufable,SKL,REST,Standard,TRANSPORTER,No Renting,2
2026,08,FORD,TOURNEO,Corporate,PHEV,Gasolina/Electrico Enchufable,SKL,REST,Standard,TRANSPORTER,No Renting,1
2026,08,FORD,TOURNEO,Private,ICE,Gasolina/Electrico Enchufable,SKL,REST,Standard,TRANSPORTER,No Renting,1
2026,08,FORD,TRANSIT,Corporate,ICE,Electrico,SKL,REST,Standard,TRANSPORTER,Renting,6
2026,08,FORD,TRANSIT,Private,BEV,Electrico,SKL,REST,Standard,TRANSPORTER,No Renting,1
2026,08,FORD,TRANSIT,Private,ICE,Electrico,SKL,REST,Standard,TRANSPORTER,No Renting,2
2026,08,FORD,TRANSIT,RAC,ICE,Electrico,SKL,REST,Standard,TRANSPORTER,No Renting,4
2026,08,FORD,TRANSIT CONNECT,Corporate,ICE,Gasolina/Electrico Enchufable,SKL,REST,Standard,TRANSPORTER,Renting,1
2026,08,FORD,TRANSIT CONNECT,Corporate,PHEV,Gasolina/Electrico Enchufable,SKL,REST,Standard,TRANSPORTER,Renting,1
2026,08,FORD,TRANSIT COURIER,Corporate,ICE,Gasolina,SKL,REST,Standard,TRANSPORTER,No Renting,1
2026,08,FORD,TRANSIT COURIER,Corporate,ICE,Gasolina,SKL,REST,Standard,TRANSPORTER,Renting,1
2026,08,FORD,TRANSIT CUSTOM,Corporate,ICE,Gasolina/Electrico Enchufable,SKL,REST,Standard,TRANSPORTER,No Renting,1
2026,08,FORD,TRANSIT CUSTOM,Corporate,ICE,Gasolina/Electrico Enchufable,SKL,REST,Standard,TRANSPORTER,Renting,3
2026,08,FORD,TRANSIT CUSTOM,Corporate,PHEV,Gasolina/Electrico Enchufable,SKL,REST,Standard,TRANSPORTER,No Renting,2
2026,08,FOTON MOTORS,TUNLAND,Private,ICE,Diesel Mild Hybrid,SKL,REST,Standard,PICKUP,No Renting,1
2026,08,GEELY,E5,Private,BEV,Electrico,UKL2,REST,Standard,HACH 5P,No Renting,1
2026,08,GEELY,STARRAY,Private,PHEV,Gasolina/Electrico Enchufable,UKL2,REST,Standard,HACH 5P,No Renting,3
2026,08,GOUPIL,G4 3VRWGWMZ,Corporate,BEV,Electrico,,REST,Standard,,No Renting,4
2026,08,GRAU,URBAN+ 3VRWGWLZ,Corporate,BEV,Electrico,,REST,Standard,,No Renting,1
2026,08,GWM,ORA 5 SUV,Corporate,ICE,Electrico,UKL2,REST,Standard,SAV,No Renting,1
2026,08,HYUNDAI,BAYON,Private,ICE,Gasolina Mild Hybrid,UKL1,REST,Standard,SAV,No Renting,2
2026,08,HYUNDAI,I10,Private,ICE,Gasolina,UKL0,REST,Standard,HACH 5P,No Renting,1
2026,08,HYUNDAI,I20,Private,ICE,Gasolina Mild Hybrid,UKL1,REST,Standard,HACH 5P,No Renting,2
2026,08,HYUNDAI,I30,Private,ICE,Gasolina Mild Hybrid,UKL2,REST,Standard,HACH 5P,No Renting,4
2026,08,HYUNDAI,INSTER,Private,BEV,Electrico,UKL2,REST,Standard,SAV,No Renting,2
2026,08,HYUNDAI,IONIQ 5,Corporate,BEV,Electrico,UKL2,REST,Standard,SAV,No Renting,1
2026,08,HYUNDAI,KONA,Corporate,ICE,Gasolina/Electrico,UKL1,REST,Standard,SAV,No Renting,2
2026,08,HYUNDAI,KONA,Corporate,ICE,Gasolina/Electrico,UKL1,REST,Standard,SAV,Renting,7
2026,08,HYUNDAI,KONA,Private,BEV,Gasolina/Electrico,UKL1,REST,Standard,SAV,No Renting,3
2026,08,HYUNDAI,KONA,Private,ICE,Gasolina/Electrico,UKL1,REST,Standard,SAV,No Renting,5
2026,08,HYUNDAI,SANTA FE,Private,ICE,Gasolina/Electrico Enchufable,MKL,REST,Standard,SAV,No Renting,1
2026,08,HYUNDAI,TUCSON,Corporate,ICE,Gasolina/Electrico Enchufable,UKL2,REST,Standard,SAV,No Renting,2
2026,08,HYUNDAI,TUCSON,Corporate,ICE,Gasolina/Electrico Enchufable,UKL2,REST,Standard,SAV,Renting,3
2026,08,HYUNDAI,TUCSON,Corporate,PHEV,Gasolina/Electrico Enchufable,UKL2,REST,Standard,SAV,Renting,1
2026,08,HYUNDAI,TUCSON,Private,ICE,Gasolina/Electrico Enchufable,UKL2,REST,Standard,SAV,No Renting,8
2026,08,ISUZU,D-MAX,Corporate,ICE,Electrico,SKL,REST,Standard,PICKUP,No Renting,1
2026,08,IVECO,100E,RAC,ICE,Diesel,,REST,Standard,,No Renting,2
2026,08,IVECO,120E,RAC,ICE,Diesel,,REST,Standard,,No Renting,1
2026,08,IVECO,DAILY,Corporate,ICE,Gas natural comprimido (GNC),SKL,REST,Standard,TRANSPORTER,No Renting,7
2026,08,IVECO,DAILY,Private,ICE,Gas natural comprimido (GNC),SKL,REST,Standard,TRANSPORTER,No Renting,1
2026,08,IVECO,DAILY,RAC,ICE,Gas natural comprimido (GNC),SKL,REST,Standard,TRANSPORTER,No Renting,6
2026,08,JAECOO,JAECOO 5,Corporate,ICE,Gasolina/Electrico,UKL1,REST,Standard,SAV,No Renting,1
2026,08,JAECOO,JAECOO 5,Corporate,ICE,Gasolina/Electrico,UKL1,REST,Standard,SAV,Renting,1
2026,08,JAECOO,JAECOO 5,Private,ICE,Gasolina/Electrico,UKL1,REST,Standard,SAV,No Renting,6
2026,08,JAECOO,JAECOO 7,Corporate,ICE,Gasolina/Electrico Enchufable,UKL2,REST,Standard,SAV,No Renting,1
2026,08,JAECOO,JAECOO 7,Private,ICE,Gasolina/Electrico Enchufable,UKL2,REST,Standard,SAV,No Renting,2
2026,08,JAECOO,JAECOO 7,Private,PHEV,Gasolina/Electrico Enchufable,UKL2,REST,Standard,SAV,No Renting,2
2026,08,JAECOO,JAECOO 8,Corporate,PHEV,Gasolina/Electrico Enchufable,KKL,REST,Standard,SAV,No Renting,1
2026,08,JAECOO,JAECOO 8,Corporate,PHEV,Gasolina/Electrico Enchufable,KKL,REST,Standard,SAV,Renting,1
2026,08,JAECOO,JAECOO 8,Private,PHEV,Gasolina/Electrico Enchufable,KKL,REST,Standard,SAV,No Renting,2
2026,08,JEEP,AVENGER,Corporate,ICE,Gasolina Mild Hybrid,UKL1,REST,Standard,SAV,Renting,2
2026,08,JEEP,AVENGER,Private,BEV,Gasolina Mild Hybrid,UKL1,REST,Standard,SAV,No Renting,1
2026,08,JEEP,AVENGER,Private,ICE,Gasolina Mild Hybrid,UKL1,REST,Standard,SAV,No Renting,3
2026,08,KG MOBILITY,KORANDO,Private,ICE,Gasolina,MKL,REST,Standard,MPV,No Renting,1
2026,08,KIA,EV2,Corporate,BEV,Electrico,UKL1,REST,Standard,SAV,Renting,3
2026,08,KIA,EV2,Private,BEV,Electrico,UKL1,REST,Standard,SAV,No Renting,5
2026,08,KIA,EV3,Corporate,BEV,Electrico,UKL1,REST,Standard,SAV,No Renting,1
2026,08,KIA,EV3,Corporate,BEV,Electrico,UKL1,REST,Standard,SAV,Renting,15
2026,08,KIA,EV3,Private,BEV,Electrico,UKL1,REST,Standard,SAV,No Renting,6
2026,08,KIA,EV4,Private,BEV,Electrico,KKL,REST,Standard,SEDAN,No Renting,1
2026,08,KIA,EV6,Corporate,BEV,Electrico,KKL,REST,Standard,SAV,No Renting,1
2026,08,KIA,K4,Corporate,ICE,Gasolina Mild Hybrid,UKL2,REST,Standard,HACH 5P,Renting,8
2026,08,KIA,NIRO,Corporate,ICE,Gasolina/Electrico Enchufable,UKL2,REST,Standard,SAV,No Renting,2
2026,08,KIA,NIRO,Corporate,ICE,Gasolina/Electrico Enchufable,UKL2,REST,Standard,SAV,Renting,1
2026,08,KIA,NIRO,Private,ICE,Gasolina/Electrico Enchufable,UKL2,REST,Standard,SAV,No Renting,18
2026,08,KIA,SPORTAGE,Corporate,ICE,Gasolina/Electrico Enchufable,UKL2,REST,Standard,SAV,Renting,8
2026,08,KIA,SPORTAGE,Private,ICE,Gasolina/Electrico Enchufable,UKL2,REST,Standard,SAV,No Renting,16
2026,08,KIA,SPORTAGE,RAC,ICE,Gasolina/Electrico Enchufable,UKL2,REST,Standard,SAV,No Renting,8
2026,08,KIA,STONIC,Corporate,ICE,Gasolina Mild Hybrid,UKL1,REST,Standard,SAV,Renting,11
2026,08,KIA,STONIC,Private,ICE,Gasolina Mild Hybrid,UKL1,REST,Standard,SAV,No Renting,9
2026,08,KIA,STONIC,RAC,ICE,Gasolina Mild Hybrid,UKL1,REST,Standard,SAV,No Renting,140
2026,08,KIA,XCEED,Corporate,ICE,Gasolina Mild Hybrid,UKL2,REST,Standard,HACH 5P,No Renting,4
2026,08,KIA,XCEED,Private,ICE,Gasolina Mild Hybrid,UKL2,REST,Standard,HACH 5P,No Renting,4
2026,08,LAND ROVER,DEFENDER,Corporate,ICE,Gasolina/Electrico Enchufable,MKL,FOCUS SEGMENT,Standard,SUV,Renting,2
2026,08,LAND ROVER,DEFENDER,Corporate,PHEV,Gasolina/Electrico Enchufable,MKL,FOCUS SEGMENT,Standard,SUV,Renting,1
2026,08,LAND ROVER,DEFENDER,RAC,ICE,Gasolina/Electrico Enchufable,MKL,FOCUS SEGMENT,Standard,SUV,No Renting,1
2026,08,LAND ROVER,RANGE ROVER SPORT,Corporate,PHEV,Gasolina/Electrico Enchufable,MKL,FOCUS SEGMENT,Standard,SAV,No Renting,1
2026,08,LEAPMOTOR,B05,Corporate,BEV,Electrico,UKL1,REST,Standard,HACH 5P,No Renting,1
2026,08,LEAPMOTOR,B05,Private,BEV,Electrico,UKL1,REST,Standard,HACH 5P,No Renting,3
2026,08,LEAPMOTOR,B10,Private,BEV,Gasolina/Electrico Enchufable,UKL2,REST,Standard,SAV,No Renting,16
2026,08,LEAPMOTOR,C10,Corporate,BEV,Gasolina/Electrico Enchufable,MKL,REST,Standard,SAV,No Renting,1
2026,08,LEAPMOTOR,C10,Private,BEV,Gasolina/Electrico Enchufable,MKL,REST,Standard,SAV,No Renting,2
2026,08,LEAPMOTOR,T03,Private,BEV,Electrico,UKL0,REST,Standard,HACH 5P,No Renting,2
2026,08,LEPAS,L8,Corporate,PHEV,PHEV,MKL,REST,Standard,SAV,No Renting,1
2026,08,LEXUS,LBX,Corporate,ICE,Gasolina/Electrico,UKL1,FOCUS SEGMENT,Standard,SAV,Renting,1
2026,08,LEXUS,NX,Corporate,PHEV,Gasolina/Electrico Enchufable,KKL,FOCUS SEGMENT,Standard,SAV,No Renting,4
2026,08,LEXUS,NX,Corporate,PHEV,Gasolina/Electrico Enchufable,KKL,FOCUS SEGMENT,Standard,SAV,Renting,1
2026,08,LEXUS,NX,Private,PHEV,Gasolina/Electrico Enchufable,KKL,FOCUS SEGMENT,Standard,SAV,No Renting,1
2026,08,LEXUS,RZ,Private,BEV,Electrico,KKL,FOCUS SEGMENT,Standard,SAT,No Renting,2
2026,08,LEXUS,UX,Private,ICE,Gasolina/Electrico,UKL2,FOCUS SEGMENT,Standard,SAV,No Renting,1
2026,08,LYNK & CO,LYNK&CO 08,Private,PHEV,Gasolina/Electrico Enchufable,UKL2,REST,Standard,SAV,No Renting,1
2026,08,MAN,TGE,Corporate,ICE,Diesel,SKL,REST,Standard,TRANSPORTER,No Renting,7
2026,08,MAN,TGE,Private,ICE,Diesel,SKL,REST,Standard,TRANSPORTER,No Renting,7
2026,08,MAN,TGE,RAC,ICE,Diesel,SKL,REST,Standard,TRANSPORTER,Renting,1
2026,08,MAXUS,DELIVER 9,Private,ICE,Electrico,SKL,REST,Standard,TRANSPORTER,No Renting,1
2026,08,MAXUS,MAXUS EDELIVER 5,Corporate,BEV,Electrico,,REST,Standard,,No Renting,1
2026,08,MAZDA,6E,Corporate,BEV,Electrico,MKL,REST,Standard,SEDAN,No Renting,1
2026,08,MAZDA,CX30,Corporate,ICE,Gasolina Mild Hybrid,UKL2,REST,Standard,SAV,No Renting,1
2026,08,MAZDA,CX30,Corporate,ICE,Gasolina Mild Hybrid,UKL2,REST,Standard,SAV,Renting,1
2026,08,MAZDA,CX30,Private,ICE,Gasolina Mild Hybrid,UKL2,REST,Standard,SAV,No Renting,1
2026,08,MAZDA,CX5,Corporate,ICE,Gasolina Mild Hybrid,UKL2,REST,Standard,SAV,Renting,2
2026,08,MAZDA,CX5,Private,ICE,Gasolina Mild Hybrid,UKL2,REST,Standard,SAV,No Renting,1
2026,08,MAZDA,CX60,Corporate,ICE,Gasolina/Electrico Enchufable,KKL,REST,Standard,SAV,No Renting,1
2026,08,MAZDA,CX60,Corporate,ICE,Gasolina/Electrico Enchufable,KKL,REST,Standard,SAV,Renting,1
2026,08,MAZDA,CX60,Corporate,PHEV,Gasolina/Electrico Enchufable,KKL,REST,Standard,SAV,No Renting,1
2026,08,MAZDA,MAZDA 3,Private,ICE,Gasolina Mild Hybrid,UKL2,REST,Standard,SEDAN,No Renting,4
2026,08,MAZDA,MX-5,Private,ICE,Gasolina,UKL2,REST,Standard,ROADSTER,No Renting,1
2026,08,MERCEDES,CITAN,Corporate,ICE,Gasolina,SKL,REST,Standard,TRANSPORTER,No Renting,1
2026,08,MERCEDES,CLASE A,Corporate,ICE,Gasolina,UKL2,FOCUS SEGMENT,Standard,HACH 5P,No Renting,2
2026,08,MERCEDES,CLASE A,Corporate,ICE,Gasolina,UKL2,FOCUS SEGMENT,Standard,HACH 5P,Renting,1
2026,08,MERCEDES,CLASE A,Corporate,ICE,Gasolina,UKL2,FOCUS SEGMENT,Standard,SEDAN,Renting,1
2026,08,MERCEDES,CLASE A,Corporate,ICE,Gasolina/Electrico Enchufable,UKL2,FOCUS SEGMENT,M Performance,HACH 5P,Renting,1
2026,08,MERCEDES,CLASE A,Corporate,PHEV,Gasolina/Electrico Enchufable,UKL2,FOCUS SEGMENT,Standard,HACH 5P,Renting,2
2026,08,MERCEDES,CLASE A,Private,ICE,Gasolina,UKL2,FOCUS SEGMENT,Standard,HACH 5P,No Renting,1
2026,08,MERCEDES,CLASE A,Private,ICE,Gasolina,UKL2,FOCUS SEGMENT,Standard,SEDAN,No Renting,4
2026,08,MERCEDES,CLASE C,Private,ICE,Diesel,KKL,FOCUS SEGMENT,Standard,ESTATE,No Renting,1
2026,08,MERCEDES,CLASE C,RAC,ICE,Diesel,KKL,FOCUS SEGMENT,Standard,ESTATE,Renting,5
2026,08,MERCEDES,CLASE C,RAC,ICE,Diesel,KKL,FOCUS SEGMENT,Standard,SEDAN,Renting,2
2026,08,MERCEDES,CLASE CLA,Corporate,BEV,Gasolina/Electrico Enchufable,UKL2,FOCUS SEGMENT,Standard,SEDAN,No Renting,2
2026,08,MERCEDES,CLASE CLA,Corporate,ICE,Gasolina,UKL2,FOCUS SEGMENT,Standard,ESTATE,No Renting,3
2026,08,MERCEDES,CLASE CLA,Private,BEV,Gasolina/Electrico Enchufable,UKL2,FOCUS SEGMENT,Standard,SEDAN,No Renting,1
2026,08,MERCEDES,CLASE CLA,Private,ICE,Gasolina,UKL2,FOCUS SEGMENT,Standard,ESTATE,No Renting,1
2026,08,MERCEDES,CLASE CLA,RAC,BEV,Gasolina/Electrico Enchufable,UKL2,FOCUS SEGMENT,Standard,SEDAN,No Renting,5
2026,08,MERCEDES,CLASE CLE,Corporate,PHEV,Gasolina/Electrico Enchufable,MKL,FOCUS SEGMENT,Standard,COUPE,No Renting,1
2026,08,MERCEDES,CLASE CLE,Private,ICE,Diesel,MKL,FOCUS SEGMENT,Standard,COUPE,No Renting,1
2026,08,MERCEDES,CLASE CLE,Private,ICE,Gasolina/Electrico Enchufable,MKL,FOCUS SEGMENT,M Performance,COUPE,No Renting,1
2026,08,MERCEDES,CLASE E,Private,ICE,Diesel,MKL,FOCUS SEGMENT,Standard,COUPE,No Renting,1
2026,08,MERCEDES,CLASE E,RAC,ICE,Diesel,MKL,FOCUS SEGMENT,Standard,SEDAN,Renting,1
2026,08,MERCEDES,CLASE GLA,Corporate,ICE,Diesel,UKL2,FOCUS SEGMENT,Standard,SAV,No Renting,2
2026,08,MERCEDES,CLASE GLA,Corporate,PHEV,Gasolina/Electrico Enchufable,UKL2,FOCUS SEGMENT,Standard,SAV,No Renting,1
2026,08,MERCEDES,CLASE GLA,Private,ICE,Gasolina,UKL2,FOCUS SEGMENT,Standard,SAV,No Renting,2
2026,08,MERCEDES,CLASE GLA,Private,PHEV,Gasolina/Electrico Enchufable,UKL2,FOCUS SEGMENT,Standard,SAV,No Renting,3
2026,08,MERCEDES,CLASE GLB,Corporate,BEV,Gasolina Mild Hybrid,UKL2,FOCUS SEGMENT,Standard,SAV,Renting,1
2026,08,MERCEDES,CLASE GLB,Corporate,ICE,Diesel,UKL2,FOCUS SEGMENT,Standard,SAV,No Renting,1
2026,08,MERCEDES,CLASE GLC,Corporate,BEV,Gasolina/Electrico Enchufable,KKL,FOCUS SEGMENT,Standard,SAV,No Renting,3
2026,08,MERCEDES,CLASE GLC,Corporate,BEV,Gasolina/Electrico Enchufable,KKL,FOCUS SEGMENT,Standard,SAV,Renting,3
2026,08,MERCEDES,CLASE GLC,Corporate,ICE,Diesel,KKL,FOCUS SEGMENT,Standard,SAV,No Renting,10
2026,08,MERCEDES,CLASE GLC,Corporate,ICE,Diesel,KKL,FOCUS SEGMENT,Standard,SAV,Renting,1
2026,08,MERCEDES,CLASE GLC,Corporate,PHEV,Diesel/Electrico Enchufable,KKL,FOCUS SEGMENT,Standard,SAV,No Renting,9
2026,08,MERCEDES,CLASE GLC,Corporate,PHEV,Diesel/Electrico Enchufable,KKL,FOCUS SEGMENT,Standard,SAV,Renting,4
2026,08,MERCEDES,CLASE GLC,Corporate,PHEV,Gasolina/Electrico Enchufable,KKL,FOCUS SEGMENT,Standard,SAV,No Renting,2
2026,08,MERCEDES,CLASE GLC,Corporate,PHEV,Gasolina/Electrico Enchufable,KKL,FOCUS SEGMENT,Standard,SAV,Renting,2
2026,08,MERCEDES,CLASE GLC,Private,BEV,Gasolina/Electrico Enchufable,KKL,FOCUS SEGMENT,Standard,SAV,No Renting,1
2026,08,MERCEDES,CLASE GLC,Private,ICE,Diesel,KKL,FOCUS SEGMENT,Standard,SAV,No Renting,1
2026,08,MERCEDES,CLASE GLC,Private,ICE,Gasolina,KKL,FOCUS SEGMENT,Standard,SAV,No Renting,1
2026,08,MERCEDES,CLASE GLC,Private,PHEV,Diesel/Electrico Enchufable,KKL,FOCUS SEGMENT,Standard,SAV,No Renting,5
2026,08,MERCEDES,CLASE GLC,Private,PHEV,Gasolina/Electrico Enchufable,KKL,FOCUS SEGMENT,Standard,SAV,No Renting,2
2026,08,MERCEDES,CLASE GLC,RAC,PHEV,Diesel/Electrico Enchufable,KKL,FOCUS SEGMENT,Standard,SAV,No Renting,1
2026,08,MERCEDES,CLASE GLE,Corporate,PHEV,Diesel/Electrico Enchufable,MKL,FOCUS SEGMENT,Standard,SAV,No Renting,1
2026,08,MERCEDES,CLASE GLE,Private,PHEV,Diesel/Electrico Enchufable,MKL,FOCUS SEGMENT,Standard,SAV,No Renting,1
2026,08,MERCEDES,CLASE GLE COUPE,Corporate,PHEV,Gasolina/Electrico Enchufable,MKL,FOCUS SEGMENT,M Performance,SAV,Renting,1
2026,08,MERCEDES,CLASE GLS,Corporate,ICE,Gasolina Mild Hybrid,GKL,FOCUS SEGMENT,Standard,SAV,No Renting,2
2026,08,MERCEDES,CLASE V,Corporate,ICE,Gasolina Mild Hybrid,MKL,REST,Standard,MPV,No Renting,1
2026,08,MERCEDES,CLASE V,Private,ICE,Gasolina Mild Hybrid,MKL,REST,Standard,MPV,No Renting,2
2026,08,MERCEDES,EQA,Private,BEV,Electrico,UKL2,FOCUS SEGMENT,Standard,SAV,No Renting,1
2026,08,MERCEDES,SPRINTER 300,Corporate,ICE,Diesel,SKL,REST,Standard,TRANSPORTER,No Renting,3
2026,08,MERCEDES,SPRINTER 300,Corporate,ICE,Diesel,SKL,REST,Standard,TRANSPORTER,Renting,2
2026,08,MERCEDES,SPRINTER 300,Private,ICE,Diesel,SKL,REST,Standard,TRANSPORTER,No Renting,81
2026,08,MERCEDES-V,VITO,Corporate,ICE,Diesel,SKL,REST,Standard,TRANSPORTER,No Renting,1
2026,08,MERCEDES-V,VITO,Private,ICE,Diesel,SKL,REST,Standard,TRANSPORTER,No Renting,2
2026,08,MERCEDES-V,VITO,RAC,ICE,Diesel,SKL,REST,Standard,TRANSPORTER,No Renting,1
2026,08,MG,HS,Corporate,ICE,Gasolina/Electrico Enchufable,KKL,REST,Standard,SAV,Renting,2
2026,08,MG,HS,Private,ICE,Gasolina/Electrico Enchufable,KKL,REST,Standard,SAV,No Renting,4
2026,08,MG,HS,Private,PHEV,Gasolina/Electrico Enchufable,KKL,REST,Standard,SAV,No Renting,4
2026,08,MG,MG 3,Corporate,ICE,Gasolina/Electrico,UKL1,REST,Standard,HACH 5P,Renting,3
2026,08,MG,MG 3,Private,ICE,Gasolina/Electrico,UKL1,REST,Standard,HACH 5P,No Renting,4
2026,08,MG,MG 4,Private,BEV,Electrico,UKL2,REST,Standard,HACH 5P,No Renting,2
2026,08,MG,MG S9,Private,PHEV,Gasolina/Electrico Enchufable,KKL,REST,Standard,SAV,No Renting,6
2026,08,MG,ZS,Corporate,ICE,Gasolina/Electrico,UKL1,REST,Standard,SAV,No Renting,1
2026,08,MG,ZS,Corporate,ICE,Gasolina/Electrico,UKL1,REST,Standard,SAV,Renting,1
2026,08,MG,ZS,Private,ICE,Gasolina/Electrico,UKL1,REST,Standard,SAV,No Renting,16
2026,08,MINI,ACEMAN,Private,BEV,Electrico,UKL1,FOCUS SEGMENT,JCW,SAV,No Renting,1
2026,08,MINI,CABRIO,Corporate,ICE,Gasolina,UKL1,FOCUS SEGMENT,Standard,CABRIO,No Renting,1
2026,08,MINI,CABRIO,Private,ICE,Gasolina,UKL1,FOCUS SEGMENT,Standard,CABRIO,No Renting,1
2026,08,MINI,CABRIO,RAC,ICE,Gasolina,UKL1,FOCUS SEGMENT,Standard,CABRIO,Renting,17
2026,08,MINI,COUNTRYMAN,Corporate,ICE,Electrico,UKL2,FOCUS SEGMENT,Standard,SAV,No Renting,1
2026,08,MINI,COUNTRYMAN,Private,BEV,Electrico,UKL2,FOCUS SEGMENT,Standard,SAV,No Renting,1
2026,08,MINI,COUNTRYMAN,Private,ICE,Electrico,UKL2,FOCUS SEGMENT,Standard,SAV,No Renting,2
2026,08,MINI,HATCHBACK,Corporate,BEV,Electrico,UKL1,FOCUS SEGMENT,Standard,HACH 3P,No Renting,1
2026,08,MINI,HATCHBACK,Corporate,ICE,Electrico,UKL1,FOCUS SEGMENT,JCW,HACH 3P,No Renting,2
2026,08,MINI,HATCHBACK,Corporate,ICE,Electrico,UKL1,FOCUS SEGMENT,Standard,HACH 3P,No Renting,2
2026,08,MINI,HATCHBACK,Private,BEV,Electrico,UKL1,FOCUS SEGMENT,Standard,HACH 3P,No Renting,3
2026,08,MINI,HATCHBACK,Private,ICE,Electrico,UKL1,FOCUS SEGMENT,JCW,HACH 3P,No Renting,1
2026,08,MINI,HATCHBACK,Private,ICE,Electrico,UKL1,FOCUS SEGMENT,Standard,HACH 3P,No Renting,2
2026,08,MITSUBISHI,ASX,Private,ICE,Gasolina/Electrico,UKL2,REST,Standard,SAV,No Renting,1
2026,08,MITSUBISHI,OUTLANDER,Corporate,PHEV,Gasolina/Electrico Enchufable,KKL,REST,Standard,SAV,No Renting,1
2026,08,MITSUBISHI,OUTLANDER,Private,PHEV,Gasolina/Electrico Enchufable,KKL,REST,Standard,SAV,No Renting,4
2026,08,MITSUBISHI-FUSO,CANTER,Corporate,ICE,Electrico,SKL,REST,Standard,TRANSPORTER,No Renting,1
2026,08,MITSUBISHI-FUSO,CANTER,Corporate,ICE,Electrico,SKL,REST,Standard,TRANSPORTER,Renting,1
2026,08,NISSAN,INTERSTAR,Corporate,ICE,Diesel,SKL,REST,Standard,TRANSPORTER,Renting,1
2026,08,NISSAN,INTERSTAR,Private,ICE,Diesel,SKL,REST,Standard,TRANSPORTER,No Renting,1
2026,08,NISSAN,QASHQAI,Corporate,ICE,Gasolina/Electrico,UKL2,REST,Standard,SAT,No Renting,2
2026,08,NISSAN,QASHQAI,Corporate,ICE,Gasolina/Electrico,UKL2,REST,Standard,SAT,Renting,6
2026,08,NISSAN,QASHQAI,Private,ICE,Gasolina/Electrico,UKL2,REST,Standard,SAT,No Renting,2
2026,08,NISSAN,TOWNSTAR,Private,ICE,Gasolina,SKL,REST,Standard,TRANSPORTER,No Renting,3
2026,08,NISSAN,X-TRAIL,Corporate,ICE,Gasolina/Electrico,KKL,REST,Standard,SUV,No Renting,1
2026,08,NISSAN,X-TRAIL,Corporate,ICE,Gasolina/Electrico,KKL,REST,Standard,SUV,Renting,1
2026,08,NISSAN,X-TRAIL,Private,ICE,Gasolina/Electrico,KKL,REST,Standard,SUV,No Renting,4
2026,08,OMODA,OMODA 5,Corporate,ICE,Gasolina/Electrico,UKL2,REST,Standard,SAV,No Renting,1
2026,08,OMODA,OMODA 5,Corporate,ICE,Gasolina/Electrico,UKL2,REST,Standard,SAV,Renting,1
2026,08,OMODA,OMODA 5,Private,BEV,Gasolina/Electrico,UKL2,REST,Standard,SAV,No Renting,1
2026,08,OMODA,OMODA 5,Private,ICE,Gasolina/Electrico,UKL2,REST,Standard,SAV,No Renting,8
2026,08,OMODA,OMODA 7,Corporate,PHEV,Gasolina/Electrico Enchufable,KKL,REST,Standard,SAV,No Renting,1
2026,08,OMODA,OMODA 9,Private,PHEV,Gasolina/Electrico Enchufable,KKL,REST,Standard,SAV,No Renting,1
2026,08,OPEL,COMBO,Corporate,ICE,Gasolina,SKL,REST,Standard,TRANSPORTER,Renting,3
2026,08,OPEL,CORSA,Corporate,ICE,Gasolina Mild Hybrid,UKL1,REST,Standard,HACH 5P,Renting,32
2026,08,OPEL,CORSA,Private,ICE,Gasolina Mild Hybrid,UKL1,REST,Standard,HACH 5P,No Renting,10
2026,08,OPEL,FRONTERA,Corporate,ICE,Gasolina Mild Hybrid,KKL,REST,Standard,SUV,No Renting,1
2026,08,OPEL,FRONTERA,Private,BEV,Gasolina Mild Hybrid,KKL,REST,Standard,SUV,No Renting,2
2026,08,OPEL,GRANDLAND X,Private,ICE,Gasolina/Electrico Enchufable,UKL2,REST,Standard,SAV,No Renting,2
2026,08,OPEL,MOKKA,Corporate,ICE,Gasolina Mild Hybrid,UKL1,REST,Standard,SAV,Renting,2
2026,08,OPEL,MOKKA,Private,ICE,Gasolina Mild Hybrid,UKL1,REST,Standard,SAV,No Renting,1
2026,08,OPEL,MOKKA,RAC,ICE,Gasolina Mild Hybrid,UKL1,REST,Standard,SAV,No Renting,10
2026,08,OPEL,VIVARO,RAC,ICE,Electrico,SKL,REST,Standard,TRANSPORTER,Renting,1
2026,08,PEUGEOT,2008,Corporate,ICE,Gasolina Mild Hybrid,UKL1,REST,Standard,SAV,No Renting,2
2026,08,PEUGEOT,2008,Corporate,ICE,Gasolina Mild Hybrid,UKL1,REST,Standard,SAV,Renting,2
2026,08,PEUGEOT,2008,Private,ICE,Gasolina Mild Hybrid,UKL1,REST,Standard,SAV,No Renting,9
2026,08,PEUGEOT,208,Corporate,ICE,Gasolina Mild Hybrid,UKL1,REST,Standard,HACH 5P,Renting,6
2026,08,PEUGEOT,208,Private,ICE,Gasolina Mild Hybrid,UKL1,REST,Standard,HACH 5P,No Renting,4
2026,08,PEUGEOT,3008,Private,ICE,Gasolina/Electrico Enchufable,UKL2,REST,Standard,SAT,No Renting,5
2026,08,PEUGEOT,5008,Corporate,ICE,Gasolina/Electrico Enchufable,KKL,REST,Standard,SUV,No Renting,1
2026,08,PEUGEOT,BOXER,Corporate,ICE,Diesel,SKL,REST,Standard,TRANSPORTER,No Renting,1
2026,08,PEUGEOT,E-2008 ALLURE ELECTRICO,Private,BEV,Electrico,UKL1,REST,Standard,SAV,No Renting,2
2026,08,PEUGEOT,EXPERT,Corporate,ICE,Electrico,SKL,REST,Standard,TRANSPORTER,Renting,3
2026,08,PEUGEOT,PARTNER,Corporate,BEV,Electrico,SKL,REST,Standard,TRANSPORTER,Renting,1
2026,08,PEUGEOT,PARTNER,Corporate,ICE,Electrico,SKL,REST,Standard,TRANSPORTER,No Renting,2
2026,08,PEUGEOT,PARTNER,Corporate,ICE,Electrico,SKL,REST,Standard,TRANSPORTER,Renting,6
2026,08,PEUGEOT,RIFTER,Corporate,ICE,Electrico,SKL,REST,Standard,TRANSPORTER,No Renting,6
2026,08,PEUGEOT,RIFTER,Corporate,ICE,Electrico,SKL,REST,Standard,TRANSPORTER,Renting,5
2026,08,PEUGEOT,RIFTER,RAC,ICE,Electrico,SKL,REST,Standard,TRANSPORTER,No Renting,1
2026,08,PORSCHE,911,Private,BEV,Gasolina/Electrico,GKL,FOCUS SEGMENT,M Performance,COUPE,No Renting,1
2026,08,PORSCHE,MACAN,Corporate,BEV,Electrico,KKL,FOCUS SEGMENT,Standard,SAV,No Renting,1
2026,08,PORSCHE,PANAMERA,Corporate,PHEV,Gasolina/Electrico Enchufable,GKL,FOCUS SEGMENT,Standard,SEDAN,No Renting,2
2026,08,RENAULT,4,Private,BEV,Electrico,UKL1,REST,Standard,SAV,No Renting,1
2026,08,RENAULT,ARKANA,Private,ICE,Gasolina/Electrico,UKL2,REST,Standard,SAV,No Renting,1
2026,08,RENAULT,CAPTUR,Corporate,ICE,Gasolina/Electrico,UKL1,REST,Standard,SAV,Renting,81
2026,08,RENAULT,CAPTUR,Private,ICE,Gasolina/Electrico,UKL1,REST,Standard,SAV,No Renting,5
2026,08,RENAULT,CLIO,Corporate,ICE,Gasolina/Electrico,UKL1,REST,Standard,HACH 5P,No Renting,1
2026,08,RENAULT,CLIO,Private,ICE,Gasolina/Electrico,UKL1,REST,Standard,HACH 5P,No Renting,3
2026,08,RENAULT,KANGOO,Corporate,BEV,Gasolina,SKL,REST,Standard,TRANSPORTER,Renting,5
2026,08,RENAULT,KANGOO,Corporate,ICE,Gasolina,SKL,REST,Standard,TRANSPORTER,No Renting,1
2026,08,RENAULT,KANGOO,Corporate,ICE,Gasolina,SKL,REST,Standard,TRANSPORTER,Renting,2
2026,08,RENAULT,KANGOO,Private,ICE,Gasolina,SKL,REST,Standard,TRANSPORTER,No Renting,1
2026,08,RENAULT,MASTER,Corporate,ICE,Electrico,SKL,REST,Standard,TRANSPORTER,No Renting,2
2026,08,RENAULT,MASTER,Corporate,ICE,Electrico,SKL,REST,Standard,TRANSPORTER,Renting,7
2026,08,RENAULT,MASTER,RAC,ICE,Electrico,SKL,REST,Standard,TRANSPORTER,No Renting,3
2026,08,RENAULT,RAFALE,Corporate,ICE,Gasolina/Electrico Enchufable,UKL2,REST,Standard,SAV,Renting,2
2026,08,RENAULT,RAFALE,Corporate,PHEV,Gasolina/Electrico Enchufable,UKL2,REST,Standard,SAV,Renting,1
2026,08,RENAULT,RAFALE,Private,ICE,Gasolina/Electrico Enchufable,UKL2,REST,Standard,SAV,No Renting,1
2026,08,RENAULT,SYMBIOZ,Corporate,ICE,Gasolina/Electrico,UKL1,REST,Standard,SAV,Renting,84
2026,08,RENAULT,TRAFIC,Corporate,ICE,Electrico,SKL,REST,Standard,TRANSPORTER,No Renting,2
2026,08,RENAULT,TRAFIC,Corporate,ICE,Electrico,SKL,REST,Standard,TRANSPORTER,Renting,25
2026,08,RENAULT,TWINGO,Private,BEV,Electrico,UKL0,REST,Standard,HACH 5P,No Renting,1
2026,08,SEAT,ARONA,Corporate,ICE,Gasolina,UKL1,REST,Standard,SAV,Renting,11
2026,08,SEAT,ARONA,Private,ICE,Gasolina,UKL1,REST,Standard,SAV,No Renting,8
2026,08,SEAT,ATECA,Private,ICE,Gasolina,UKL2,REST,Standard,SAT,No Renting,2
2026,08,SEAT,IBIZA,Corporate,ICE,Gasolina,UKL1,REST,Standard,HACH 5P,No Renting,1
2026,08,SEAT,IBIZA,Corporate,ICE,Gasolina,UKL1,REST,Standard,HACH 5P,Renting,5
2026,08,SEAT,IBIZA,Private,ICE,Gasolina,UKL1,REST,Standard,HACH 5P,No Renting,14
2026,08,SEAT,IBIZA,RAC,ICE,Gasolina,UKL1,REST,Standard,HACH 5P,No Renting,1
2026,08,SEAT,LEON,Corporate,ICE,Gasolina/Electrico Enchufable,UKL2,REST,Standard,HACH 5P,No Renting,2
2026,08,SEAT,LEON,Corporate,ICE,Gasolina/Electrico Enchufable,UKL2,REST,Standard,HACH 5P,Renting,4
2026,08,SEAT,LEON,Private,ICE,Gasolina/Electrico Enchufable,UKL2,REST,Standard,HACH 5P,No Renting,7
2026,08,SKODA,FABIA,Corporate,ICE,Gasolina,UKL1,REST,Standard,HACH 5P,Renting,3
2026,08,SKODA,FABIA,Private,ICE,Gasolina,UKL1,REST,Standard,HACH 5P,No Renting,1
2026,08,SKODA,KAMIQ,Corporate,ICE,Gasolina,UKL1,REST,Standard,SAV,Renting,2
2026,08,SKODA,KAMIQ,Private,ICE,Gasolina,UKL1,REST,Standard,SAV,No Renting,3
2026,08,SKODA,KAMIQ,RAC,ICE,Gasolina,UKL1,REST,Standard,SAV,No Renting,1
2026,08,SKODA,KAROQ,Corporate,ICE,Gasolina,UKL2,REST,Standard,SAT,Renting,2
2026,08,SKODA,KAROQ,Private,ICE,Gasolina,UKL2,REST,Standard,SAT,No Renting,3
2026,08,SKODA,OCTAVIA,Corporate,ICE,Gasolina Mild Hybrid,UKL2,REST,Standard,ESTATE,No Renting,2
2026,08,SKODA,OCTAVIA,Corporate,ICE,Gasolina Mild Hybrid,UKL2,REST,Standard,ESTATE,Renting,3
2026,08,SKODA,OCTAVIA,Private,ICE,Gasolina Mild Hybrid,UKL2,REST,Standard,ESTATE,No Renting,1
2026,08,SKODA,SUPERB,Corporate,PHEV,Gasolina/Electrico Enchufable,KKL,REST,Standard,SEDAN,Renting,2
2026,08,SMART,#1,Private,BEV,Electrico,UKL1,FOCUS SEGMENT,Standard,SAV,No Renting,2
2026,08,SUZUKI,VITARA,Private,ICE,Gasolina/Electrico,UKL2,REST,Standard,SUV,No Renting,2
2026,08,TESLA,MODEL Y,Private,BEV,Electrico,KKL,FOCUS SEGMENT,Standard,SAT,No Renting,1
2026,08,TOYOTA,AYGO X,Corporate,ICE,Gasolina/Electrico,UKL0,REST,Standard,HACH 5P,No Renting,1
2026,08,TOYOTA,AYGO X,Private,ICE,Gasolina/Electrico,UKL0,REST,Standard,HACH 5P,No Renting,4
2026,08,TOYOTA,BZ4X,Private,BEV,Electrico,UKL2,REST,Standard,SAV,No Renting,1
2026,08,TOYOTA,C-HR,Corporate,ICE,Gasolina/Electrico Enchufable,UKL1,REST,Standard,SAV,No Renting,1
2026,08,TOYOTA,C-HR,Corporate,ICE,Gasolina/Electrico Enchufable,UKL1,REST,Standard,SAV,Renting,17
2026,08,TOYOTA,C-HR,Corporate,PHEV,Gasolina/Electrico Enchufable,UKL1,REST,Standard,SAV,No Renting,1
2026,08,TOYOTA,C-HR,Corporate,PHEV,Gasolina/Electrico Enchufable,UKL1,REST,Standard,SAV,Renting,5
2026,08,TOYOTA,C-HR,Private,BEV,Gasolina/Electrico Enchufable,UKL1,REST,Standard,SAV,No Renting,5
2026,08,TOYOTA,C-HR,Private,ICE,Gasolina/Electrico Enchufable,UKL1,REST,Standard,SAV,No Renting,13
2026,08,TOYOTA,C-HR,Private,PHEV,Gasolina/Electrico Enchufable,UKL1,REST,Standard,SAV,No Renting,14
2026,08,TOYOTA,COROLLA,Corporate,ICE,Gasolina/Electrico,UKL2,REST,Standard,HACH 5P,No Renting,3
2026,08,TOYOTA,COROLLA,Corporate,ICE,Gasolina/Electrico,UKL2,REST,Standard,HACH 5P,Renting,14
2026,08,TOYOTA,COROLLA,Private,ICE,Gasolina/Electrico,UKL2,REST,Standard,HACH 5P,No Renting,29
2026,08,TOYOTA,GR YARIS,Corporate,ICE,Gasolina,UKL1,REST,Standard,HACH 3P,No Renting,1
2026,08,TOYOTA,HI LUX,Corporate,ICE,Electrico,SKL,REST,Standard,PICKUP,No Renting,13
2026,08,TOYOTA,HI LUX,Corporate,ICE,Electrico,SKL,REST,Standard,PICKUP,Renting,1
2026,08,TOYOTA,HI LUX,Private,ICE,Electrico,SKL,REST,Standard,PICKUP,No Renting,1
2026,08,TOYOTA,PROACE,Corporate,BEV,Electrico,SKL,REST,Standard,TRANSPORTER,Renting,2
2026,08,TOYOTA,PROACE,Corporate,ICE,Electrico,SKL,REST,Standard,TRANSPORTER,No Renting,3
2026,08,TOYOTA,PROACE,Corporate,ICE,Electrico,SKL,REST,Standard,TRANSPORTER,Renting,5
2026,08,TOYOTA,PROACE,Private,ICE,Electrico,SKL,REST,Standard,TRANSPORTER,No Renting,1
2026,08,TOYOTA,PROACE,RAC,ICE,Electrico,SKL,REST,Standard,TRANSPORTER,No Renting,1
2026,08,TOYOTA,PROACE CITY,Corporate,BEV,Electrico,SKL,REST,Standard,TRANSPORTER,No Renting,1
2026,08,TOYOTA,PROACE CITY,Corporate,BEV,Electrico,SKL,REST,Standard,TRANSPORTER,Renting,6
2026,08,TOYOTA,PROACE CITY,Corporate,ICE,Electrico,SKL,REST,Standard,TRANSPORTER,No Renting,3
2026,08,TOYOTA,PROACE CITY,Corporate,ICE,Electrico,SKL,REST,Standard,TRANSPORTER,Renting,17
2026,08,TOYOTA,PROACE CITY,Private,BEV,Electrico,SKL,REST,Standard,TRANSPORTER,No Renting,1
2026,08,TOYOTA,PROACE VERSO,Corporate,ICE,Gasolina,SKL,REST,Standard,TRANSPORTER,No Renting,4
2026,08,TOYOTA,PROACE VERSO,Corporate,ICE,Gasolina,SKL,REST,Standard,TRANSPORTER,Renting,3
2026,08,TOYOTA,PROACE VERSO,Private,ICE,Gasolina,SKL,REST,Standard,TRANSPORTER,No Renting,2
2026,08,TOYOTA,RAV 4,Corporate,PHEV,Gasolina/Electrico Enchufable,UKL2,REST,Standard,SAV,No Renting,1
2026,08,TOYOTA,RAV 4,Corporate,PHEV,Gasolina/Electrico Enchufable,UKL2,REST,Standard,SAV,Renting,1
2026,08,TOYOTA,RAV 4,Private,ICE,Gasolina/Electrico Enchufable,UKL2,REST,Standard,SAV,No Renting,5
2026,08,TOYOTA,RAV 4,Private,PHEV,Gasolina/Electrico Enchufable,UKL2,REST,Standard,SAV,No Renting,10
2026,08,TOYOTA,YARIS,Corporate,ICE,Gasolina/Electrico,UKL1,REST,Standard,HACH 5P,Renting,3
2026,08,TOYOTA,YARIS,Private,ICE,Gasolina/Electrico,UKL1,REST,Standard,HACH 5P,No Renting,34
2026,08,TOYOTA,YARIS CROSS,Corporate,ICE,Gasolina/Electrico,UKL1,REST,Standard,SAV,No Renting,1
2026,08,TOYOTA,YARIS CROSS,Corporate,ICE,Gasolina/Electrico,UKL1,REST,Standard,SAV,Renting,9
2026,08,TOYOTA,YARIS CROSS,Private,ICE,Gasolina/Electrico,UKL1,REST,Standard,SAV,No Renting,31
2026,08,VOLKSWAGEN,CADDY,Corporate,ICE,Gasolina/Electrico Enchufable,SKL,REST,Standard,TRANSPORTER,No Renting,1
2026,08,VOLKSWAGEN,CADDY,Corporate,ICE,Gasolina/Electrico Enchufable,SKL,REST,Standard,TRANSPORTER,Renting,21
2026,08,VOLKSWAGEN,CADDY,Private,ICE,Gasolina/Electrico Enchufable,SKL,REST,Standard,TRANSPORTER,No Renting,3
2026,08,VOLKSWAGEN,CADDY,Private,PHEV,Gasolina/Electrico Enchufable,SKL,REST,Standard,TRANSPORTER,No Renting,1
2026,08,VOLKSWAGEN,CADDY,RAC,ICE,Gasolina/Electrico Enchufable,SKL,REST,Standard,TRANSPORTER,Renting,1
2026,08,VOLKSWAGEN,CARAVELLE,Private,PHEV,Gasolina/Electrico Enchufable,SKL,REST,Standard,TRANSPORTER,No Renting,1
2026,08,VOLKSWAGEN,CRAFTER,RAC,ICE,Diesel,SKL,REST,Standard,TRANSPORTER,No Renting,1
2026,08,VOLKSWAGEN,GOLF,Corporate,ICE,Gasolina/Electrico Enchufable,UKL2,REST,Standard,HACH 5P,Renting,1
2026,08,VOLKSWAGEN,GOLF,Private,ICE,Gasolina/Electrico Enchufable,UKL2,REST,Standard,HACH 5P,No Renting,2
2026,08,VOLKSWAGEN,ID.3,Private,BEV,Electrico,UKL2,REST,Standard,HACH 5P,No Renting,1
2026,08,VOLKSWAGEN,ID.4,Corporate,BEV,Electrico,UKL2,REST,Standard,SAV,Renting,7
2026,08,VOLKSWAGEN,ID.4,Private,BEV,Electrico,UKL2,REST,Standard,SAV,No Renting,1
2026,08,VOLKSWAGEN,ID.BUZZ,Corporate,BEV,Electrico,SKL,REST,Standard,TRANSPORTER,No Renting,1
2026,08,VOLKSWAGEN,ID.BUZZ,Private,BEV,Electrico,SKL,REST,Standard,TRANSPORTER,No Renting,1
2026,08,VOLKSWAGEN,MULTIVAN,Corporate,ICE,Gasolina/Electrico Enchufable,SKL,REST,Standard,TRANSPORTER,No Renting,2
2026,08,VOLKSWAGEN,MULTIVAN,Corporate,ICE,Gasolina/Electrico Enchufable,SKL,REST,Standard,TRANSPORTER,Renting,2
2026,08,VOLKSWAGEN,MULTIVAN,Private,ICE,Gasolina/Electrico Enchufable,SKL,REST,Standard,TRANSPORTER,No Renting,1
2026,08,VOLKSWAGEN,POLO,Corporate,ICE,Gasolina,UKL1,REST,Standard,HACH 5P,Renting,5
2026,08,VOLKSWAGEN,POLO,Private,ICE,Gasolina,UKL1,REST,Standard,HACH 5P,No Renting,2
2026,08,VOLKSWAGEN,T-CROSS,Corporate,ICE,Gasolina,UKL1,REST,Standard,SAV,No Renting,1
2026,08,VOLKSWAGEN,T-CROSS,Corporate,ICE,Gasolina,UKL1,REST,Standard,SAV,Renting,3
2026,08,VOLKSWAGEN,T-CROSS,Private,ICE,Gasolina,UKL1,REST,Standard,SAV,No Renting,2
2026,08,VOLKSWAGEN,T-ROC,Private,ICE,Gasolina Mild Hybrid,UKL2,REST,Standard,SAV,No Renting,2
2026,08,VOLKSWAGEN,TAIGO,Private,ICE,Gasolina,UKL1,REST,Standard,SAV,No Renting,4
2026,08,VOLKSWAGEN,TAYRON,Corporate,PHEV,Gasolina/Electrico Enchufable,UKL2,REST,Standard,SAV,No Renting,1
2026,08,VOLKSWAGEN,TAYRON,Corporate,PHEV,Gasolina/Electrico Enchufable,UKL2,REST,Standard,SAV,Renting,1
2026,08,VOLKSWAGEN,TAYRON,Private,ICE,Gasolina/Electrico Enchufable,UKL2,REST,Standard,SAV,No Renting,1
2026,08,VOLKSWAGEN,TIGUAN,Corporate,ICE,Gasolina/Electrico Enchufable,UKL2,REST,Standard,SAV,Renting,5
2026,08,VOLKSWAGEN,TIGUAN,Corporate,PHEV,Gasolina/Electrico Enchufable,UKL2,REST,Standard,SAV,Renting,8
2026,08,VOLKSWAGEN,TIGUAN,Private,ICE,Gasolina/Electrico Enchufable,UKL2,REST,Standard,SAV,No Renting,2
2026,08,VOLKSWAGEN,TIGUAN,Private,PHEV,Gasolina/Electrico Enchufable,UKL2,REST,Standard,SAV,No Renting,2
2026,08,VOLKSWAGEN,TRANSPORTER,Corporate,ICE,Gasolina/Electrico Enchufable,SKL,REST,Standard,TRANSPORTER,No Renting,1
2026,08,VOLKSWAGEN,TRANSPORTER,Corporate,ICE,Gasolina/Electrico Enchufable,SKL,REST,Standard,TRANSPORTER,Renting,28
2026,08,VOLKSWAGEN,TRANSPORTER,Private,ICE,Gasolina/Electrico Enchufable,SKL,REST,Standard,TRANSPORTER,No Renting,1
2026,08,VOLKSWAGEN,TRANSPORTER,RAC,ICE,Gasolina/Electrico Enchufable,SKL,REST,Standard,TRANSPORTER,No Renting,1
2026,08,VOLKSWAGEN,TRANSPORTER,RAC,ICE,Gasolina/Electrico Enchufable,SKL,REST,Standard,TRANSPORTER,Renting,2
2026,08,VOLVO,EX30,Private,BEV,Electrico,UKL1,FOCUS SEGMENT,Standard,SAV,No Renting,4
2026,08,VOLVO,EX40,Private,BEV,Electrico,UKL2,FOCUS SEGMENT,Standard,SAV,No Renting,1
2026,08,VOLVO,XC40,Corporate,ICE,Gasolina Mild Hybrid,UKL2,FOCUS SEGMENT,Standard,SAV,No Renting,2
2026,08,VOLVO,XC40,Corporate,ICE,Gasolina Mild Hybrid,UKL2,FOCUS SEGMENT,Standard,SAV,Renting,2
2026,08,VOLVO,XC40,Private,ICE,Gasolina Mild Hybrid,UKL2,FOCUS SEGMENT,Standard,SAV,No Renting,8
2026,08,VOLVO,XC60,Corporate,ICE,Gasolina/Electrico Enchufable,KKL,FOCUS SEGMENT,Standard,SAV,No Renting,4
2026,08,VOLVO,XC60,Corporate,PHEV,Gasolina/Electrico Enchufable,KKL,FOCUS SEGMENT,Standard,SAV,Renting,1
2026,08,VOLVO,XC60,Private,ICE,Gasolina/Electrico Enchufable,KKL,FOCUS SEGMENT,Standard,SAV,No Renting,3
2026,08,VOLVO,XC90,Corporate,ICE,Gasolina/Electrico Enchufable,MKL,FOCUS SEGMENT,Standard,SAV,Renting,1
2026,08,VOLVO,XC90,Corporate,PHEV,Gasolina/Electrico Enchufable,MKL,FOCUS SEGMENT,Standard,SAV,No Renting,1
2026,08,VOLVO,XC90,Private,ICE,Gasolina/Electrico Enchufable,MKL,FOCUS SEGMENT,Standard,SAV,No Renting,1
2026,08,VOLVO,XC90,Private,PHEV,Gasolina/Electrico Enchufable,MKL,FOCUS SEGMENT,Standard,SAV,No Renting,1
2026,08,VPS,RANGER,Corporate,ICE,Diesel,,REST,Standard,,No Renting,1
2026,08,VSVE,RANGER,Corporate,ICE,Diesel,,REST,Standard,,No Renting,2
2026,08,XPENG,G6,Corporate,BEV,Electrico,KKL,FOCUS SEGMENT,Standard,SAV,No Renting,1
2026,08,XPENG,G6,Corporate,BEV,Electrico,KKL,FOCUS SEGMENT,Standard,SAV,Renting,1
2026,08,XPENG,G6,Private,BEV,Electrico,KKL,FOCUS SEGMENT,Standard,SAV,No Renting,4
2026,08,ZEEKR,7X,Private,BEV,Electrico,KKL,FOCUS SEGMENT,Standard,SAV,No Renting,1
