anyo,mes,dia,marca,modelo,canal,fuel_type,fuel,segmento,subseg,hp,body_type,cod_prov,provincia,dealer_estimated,dealer_id,confidence,source_confidence,count
2026,07,21,AUDI,A1,Private,ICE,Gasolina,UKL1,FOCUS SEGMENT,Standard,HACH 5P,07,Baleares,center palma,AUDI CENTER PALMA,high,official,1
2026,07,21,AUDI,A1,Private,ICE,Gasolina,UKL1,FOCUS SEGMENT,Standard,HACH 5P,18,Granada,gilauto,GILAUTO,high,official,1
2026,07,21,AUDI,A1,Private,ICE,Gasolina,UKL1,FOCUS SEGMENT,Standard,HACH 5P,45,Toledo,aldauto car,ALDAUTO CAR,high,official,1
2026,07,21,AUDI,A3,Private,ICE,Gasolina/Electrico Enchufable,UKL2,FOCUS SEGMENT,Standard,HACH 5P,11,Cádiz,solera motor,SOLERA MOTOR,high,official,1
2026,07,21,AUDI,A3,Private,ICE,Gasolina/Electrico Enchufable,UKL2,FOCUS SEGMENT,Standard,HACH 5P,14,Córdoba,safamotor córdoba,SAFAMOTOR CORDOBA,high,official,1
2026,07,21,AUDI,A3,Private,ICE,Gasolina/Electrico Enchufable,UKL2,FOCUS SEGMENT,Standard,HACH 5P,29,Málaga,safamotor,SAFAMOTOR,high,official,1
2026,07,21,AUDI,A3,Private,ICE,Gasolina/Electrico Enchufable,UKL2,FOCUS SEGMENT,Standard,HACH 5P,46,Valencia,center valencia,AUDI CENTER VALENCIA,high,official,1
2026,07,21,AUDI,A3,Private,PHEV,Gasolina/Electrico Enchufable,UKL2,FOCUS SEGMENT,Standard,HACH 5P,24,León,telenauto,TELENAUTO,high,official,1
2026,07,21,AUDI,A3,Private,PHEV,Gasolina/Electrico Enchufable,UKL2,FOCUS SEGMENT,Standard,HACH 5P,36,Pontevedra,vepersa,VEPERSA,high,official,1
2026,07,21,AUDI,A5,Private,ICE,Gasolina/Electrico Enchufable,KKL,FOCUS SEGMENT,Standard,SEDAN,28,Madrid,f. tomé,F TOME,high,official,1
2026,07,21,AUDI,Q2,Private,ICE,Gasolina,UKL2,FOCUS SEGMENT,Standard,SAV,03,Alicante,motor pacífico levante,MOTOR PACIFICO LEVANTE,high,official,1
2026,07,21,AUDI,Q2,Private,ICE,Gasolina,UKL2,FOCUS SEGMENT,Standard,SAV,07,Baleares,center palma,AUDI CENTER PALMA,high,official,1
2026,07,21,AUDI,Q2,Private,ICE,Gasolina,UKL2,FOCUS SEGMENT,Standard,SAV,07,Baleares,eivimotor,EIVIMOTOR,high,official,1
2026,07,21,AUDI,Q2,Private,ICE,Gasolina,UKL2,FOCUS SEGMENT,Standard,SAV,08,Barcelona,vilamòbil,VILAMOBIL,high,official,1
2026,07,21,AUDI,Q3,Private,ICE,Gasolina/Electrico Enchufable,UKL2,FOCUS SEGMENT,Standard,SAV,25,Lleida,dalmau motor,DALMAU MOTOR,high,official,1
2026,07,21,AUDI,Q3,Private,ICE,Gasolina/Electrico Enchufable,UKL2,FOCUS SEGMENT,Standard,SAV,43,Tarragona,vilamòbil,VILAMOBIL,high,official,1
2026,07,21,AUDI,Q3,Private,PHEV,Gasolina/Electrico Enchufable,UKL2,FOCUS SEGMENT,Standard,SAV,19,Guadalajara,motorsan,MOTORSAN,medium,official,1
2026,07,21,AUDI,Q3 SPORTBACK,Private,ICE,Gasolina/Electrico Enchufable,UKL2,FOCUS SEGMENT,Standard,SAV,08,Barcelona,movento sarsa,MOVENTO SARSA,high,official,1
2026,07,21,AUDI,Q3 SPORTBACK,Private,ICE,Gasolina/Electrico Enchufable,UKL2,FOCUS SEGMENT,Standard,SAV,28,Madrid,f. tomé,F TOME,high,official,2
2026,07,21,AUDI,Q3 SPORTBACK,Private,ICE,Gasolina/Electrico Enchufable,UKL2,FOCUS SEGMENT,Standard,SAV,47,Valladolid,valladolid wagen,VALLADOLID WAGEN,high,official,1
2026,07,21,AUDI,Q3 SPORTBACK,Private,PHEV,Gasolina/Electrico Enchufable,UKL2,FOCUS SEGMENT,Standard,SAV,18,Granada,gilauto,GILAUTO,high,official,1
2026,07,21,AUDI,Q4 SPORTBACK E-TRON,Private,BEV,Electrico,UKL2,FOCUS SEGMENT,Standard,SAV,07,Baleares,eivimotor,EIVIMOTOR,high,official,1
2026,07,21,AUDI,Q5,Private,ICE,Gasolina/Electrico Enchufable,KKL,FOCUS SEGMENT,Standard,SAV,01,Álava,alzaga,ALZAGA,high,official,1
2026,07,21,AUDI,Q5,Private,ICE,Gasolina/Electrico Enchufable,KKL,FOCUS SEGMENT,Standard,SAV,20,Gipuzkoa,menai,MENAI,high,official,1
2026,07,21,AUDI,Q5 SPORTBACK,Private,ICE,Gasolina/Electrico Enchufable,KKL,FOCUS SEGMENT,Standard,SAV,21,Huelva,huelva wagen,HUELVA WAGEN,high,official,1
2026,07,21,AUDI,Q5 SPORTBACK,Private,PHEV,Gasolina/Electrico Enchufable,KKL,FOCUS SEGMENT,Standard,SAV,25,Lleida,dalmau motor,DALMAU MOTOR,high,official,1
2026,07,21,AUDI,Q8,Private,PHEV,Gasolina/Electrico Enchufable,MKL,FOCUS SEGMENT,Standard,SAV,04,Almería,gilauto,GILAUTO,medium,official,1
2026,07,21,BMW,SERIE 1,Private,ICE,Gasolina,UKL2,FOCUS SEGMENT,Standard,HACH 5P,08,Barcelona,ibericar bcn,100572,high,internal,1
2026,07,21,BMW,SERIE 1,Private,ICE,Gasolina,UKL2,FOCUS SEGMENT,Standard,HACH 5P,14,Córdoba,san rafael motor,100422,high,internal,1
2026,07,21,BMW,SERIE 1,Private,ICE,Gasolina,UKL2,FOCUS SEGMENT,Standard,HACH 5P,28,Madrid,movilnorte,100213,high,internal,1
2026,07,21,BMW,SERIE 1,Private,ICE,Gasolina,UKL2,FOCUS SEGMENT,Standard,HACH 5P,35,Las Palmas,marmotor,100738,high,internal,1
2026,07,21,BMW,SERIE 1,Private,ICE,Gasolina,UKL2,FOCUS SEGMENT,Standard,HACH 5P,46,Valencia,fersán,100062,high,internal,1
2026,07,21,BMW,SERIE 2,Private,ICE,Gasolina/Electrico Enchufable,UKL2,FOCUS SEGMENT,M,MPV,07,Baleares,proa premium,100734,high,internal,1
2026,07,21,BMW,SERIE 2,Private,ICE,Gasolina/Electrico Enchufable,UKL2,FOCUS SEGMENT,M,MPV,28,Madrid,movilnorte,100213,high,internal,1
2026,07,21,BMW,SERIE 2,Private,ICE,Gasolina/Electrico Enchufable,UKL2,FOCUS SEGMENT,M Performance,MPV,33,Asturias,triocar,100379,high,internal,1
2026,07,21,BMW,SERIE 2,Private,ICE,Gasolina/Electrico Enchufable,UKL2,FOCUS SEGMENT,Standard,MPV,35,Las Palmas,marmotor,100738,high,internal,1
2026,07,21,BMW,SERIE 3,Private,ICE,Gasolina,KKL,FOCUS SEGMENT,Standard,ESTATE,08,Barcelona,quadis munich,100909,high,internal,1
2026,07,21,BMW,SERIE 3,Private,ICE,Gasolina,KKL,FOCUS SEGMENT,Standard,ESTATE,50,Zaragoza,augusta aragón,100348,high,internal,1
2026,07,21,BMW,SERIE 4,Private,ICE,Gasolina,KKL,FOCUS SEGMENT,Standard,CABRIO,15,A Coruña,novomóvil,100304,high,internal,1
2026,07,21,BMW,X1,Private,ICE,Gasolina/Electrico Enchufable,UKL2,FOCUS SEGMENT,Standard,SAV,07,Baleares,proa premium,100734,high,internal,1
2026,07,21,BMW,X1,Private,ICE,Gasolina/Electrico Enchufable,UKL2,FOCUS SEGMENT,Standard,SAV,08,Barcelona,pruna motor,100584,high,internal,1
2026,07,21,BMW,X1,Private,ICE,Gasolina/Electrico Enchufable,UKL2,FOCUS SEGMENT,Standard,SAV,19,Guadalajara,autopremier,100349,high,internal,1
2026,07,21,BMW,X1,Private,ICE,Gasolina/Electrico Enchufable,UKL2,FOCUS SEGMENT,Standard,SAV,28,Madrid,movilnorte,100213,high,internal,1
2026,07,21,BMW,X1,Private,ICE,Gasolina/Electrico Enchufable,UKL2,FOCUS SEGMENT,Standard,SAV,38,S.C. Tenerife,canaauto,100389,high,internal,1
2026,07,21,BMW,X1,Private,ICE,Gasolina/Electrico Enchufable,UKL2,FOCUS SEGMENT,Standard,SAV,46,Valencia,fersán,100062,high,internal,1
2026,07,21,BMW,X1,Private,PHEV,Gasolina/Electrico Enchufable,UKL2,FOCUS SEGMENT,Standard,SAV,46,Valencia,bertolín,100002,high,internal,1
2026,07,21,BMW,X1,Private,PHEV,Gasolina/Electrico Enchufable,UKL2,FOCUS SEGMENT,Standard,SAV,46,Valencia,fersán,100062,high,internal,1
2026,07,21,BMW,X2,Private,ICE,Diesel Mild Hybrid,UKL2,FOCUS SEGMENT,Standard,SAV,14,Córdoba,san rafael motor,100422,high,internal,1
2026,07,21,BMW,X2,Private,ICE,Diesel Mild Hybrid,UKL2,FOCUS SEGMENT,Standard,SAV,18,Granada,ilbira motor,100589,high,internal,1
2026,07,21,BMW,X2,Private,ICE,Diesel Mild Hybrid,UKL2,FOCUS SEGMENT,Standard,SAV,28,Madrid,bymycar madrid,100873,high,internal,1
2026,07,21,BMW,X2,Private,ICE,Diesel Mild Hybrid,UKL2,FOCUS SEGMENT,Standard,SAV,29,Málaga,automotor,100586,high,internal,1
2026,07,21,BMW,X3,Private,ICE,Gasolina Mild Hybrid,KKL,FOCUS SEGMENT,Standard,SAV,28,Madrid,vehinter,100319,high,internal,1
2026,07,21,BMW,X3,Private,PHEV,Gasolina Mild Hybrid,KKL,FOCUS SEGMENT,Standard,SAV,08,Barcelona,ibericar bcn,100572,high,internal,1
2026,07,21,BMW,X3,Private,PHEV,Gasolina Mild Hybrid,KKL,FOCUS SEGMENT,Standard,SAV,26,La Rioja,autoberón,100597,high,internal,1
2026,07,21,BMW,iX1,Private,BEV,Electrico,UKL2,FOCUS SEGMENT,Standard,SAV,28,Madrid,movilnorte,100213,high,internal,1
2026,07,21,BMW,iX2,Private,BEV,Electrico,UKL2,FOCUS SEGMENT,Standard,SAV,08,Barcelona,quadis munich,100909,high,internal,1
2026,07,21,BMW,iX2,Private,BEV,Electrico,UKL2,FOCUS SEGMENT,Standard,SAV,46,Valencia,bertolín,100002,high,internal,1
2026,07,21,BMW,iX3,Private,BEV,Electrico,KKL,FOCUS SEGMENT,Standard,SAV,28,Madrid,bymycar madrid,100873,high,internal,1
2026,07,21,BYD,ATTO 2,Private,BEV,Gasolina/Electrico Enchufable,UKL1,REST,Standard,SAV,08,Barcelona,granollers,BYD GRANOLLERS,high,official,1
2026,07,21,BYD,ATTO 2,Private,BEV,Gasolina/Electrico Enchufable,UKL1,REST,Standard,SAV,15,A Coruña,la coruña,BYD LA CORUNA,high,official,1
2026,07,21,BYD,ATTO 2,Private,BEV,Gasolina/Electrico Enchufable,UKL1,REST,Standard,SAV,24,León,león,BYD LEON,high,official,1
2026,07,21,BYD,ATTO 2,Private,BEV,Gasolina/Electrico Enchufable,UKL1,REST,Standard,SAV,28,Madrid,alcobendas,BYD ALCOBENDAS,high,official,2
2026,07,21,BYD,ATTO 2,Private,BEV,Gasolina/Electrico Enchufable,UKL1,REST,Standard,SAV,30,Murcia,lorca,BYD LORCA,medium,official,1
2026,07,21,BYD,ATTO 2,Private,BEV,Gasolina/Electrico Enchufable,UKL1,REST,Standard,SAV,43,Tarragona,reus,BYD REUS,high,official,1
2026,07,21,BYD,ATTO 2,Private,PHEV,Gasolina/Electrico Enchufable,UKL1,REST,Standard,SAV,01,Álava,vitoria,BYD VITORIA,high,official,1
2026,07,21,BYD,ATTO 2,Private,PHEV,Gasolina/Electrico Enchufable,UKL1,REST,Standard,SAV,02,Albacete,albacete,BYD ALBACETE,high,official,1
2026,07,21,BYD,ATTO 2,Private,PHEV,Gasolina/Electrico Enchufable,UKL1,REST,Standard,SAV,03,Alicante,alicante,BYD ALICANTE,high,official,2
2026,07,21,BYD,ATTO 2,Private,PHEV,Gasolina/Electrico Enchufable,UKL1,REST,Standard,SAV,03,Alicante,torrevieja,BYD TORREVIEJA,high,official,1
2026,07,21,BYD,ATTO 2,Private,PHEV,Gasolina/Electrico Enchufable,UKL1,REST,Standard,SAV,04,Almería,almería,BYD ALMERIA,high,official,1
2026,07,21,BYD,ATTO 2,Private,PHEV,Gasolina/Electrico Enchufable,UKL1,REST,Standard,SAV,08,Barcelona,granollers,BYD GRANOLLERS,high,official,1
2026,07,21,BYD,ATTO 2,Private,PHEV,Gasolina/Electrico Enchufable,UKL1,REST,Standard,SAV,08,Barcelona,manresa,BYD MANRESA,high,official,1
2026,07,21,BYD,ATTO 2,Private,PHEV,Gasolina/Electrico Enchufable,UKL1,REST,Standard,SAV,12,Castellón,villarreal,BYD VILLARREAL,high,official,1
2026,07,21,BYD,ATTO 2,Private,PHEV,Gasolina/Electrico Enchufable,UKL1,REST,Standard,SAV,17,Girona,girona,BYD GIRONA,high,official,1
2026,07,21,BYD,ATTO 2,Private,PHEV,Gasolina/Electrico Enchufable,UKL1,REST,Standard,SAV,18,Granada,granada,BYD GRANADA,high,official,1
2026,07,21,BYD,ATTO 2,Private,PHEV,Gasolina/Electrico Enchufable,UKL1,REST,Standard,SAV,30,Murcia,cartagena,BYD CARTAGENA,high,official,1
2026,07,21,BYD,ATTO 2,Private,PHEV,Gasolina/Electrico Enchufable,UKL1,REST,Standard,SAV,33,Asturias,oviedo,BYD OVIEDO,medium,official,1
2026,07,21,BYD,ATTO 2,Private,PHEV,Gasolina/Electrico Enchufable,UKL1,REST,Standard,SAV,50,Zaragoza,zaragoza,BYD ZARAGOZA,high,official,1
2026,07,21,BYD,ATTO 3 EVO,Private,BEV,Electrico,UKL2,REST,Standard,SAV,23,Jaén,úbeda,BYD UBEDA,medium,official,1
2026,07,21,BYD,ATTO 3 EVO,Private,BEV,Electrico,UKL2,REST,Standard,SAV,30,Murcia,murcia,BYD MURCIA,high,official,1
2026,07,21,BYD,ATTO 3 EVO,Private,BEV,Electrico,UKL2,REST,Standard,SAV,45,Toledo,aranjuez,BYD ARANJUEZ,high,official,1
2026,07,21,BYD,ATTO 3 EVO,Private,BEV,Electrico,UKL2,REST,Standard,SAV,50,Zaragoza,zaragoza,BYD ZARAGOZA,high,official,1
2026,07,21,BYD,DOLPHIN,Private,BEV,Electrico,UKL1,REST,Standard,HACH 5P,14,Córdoba,córdoba,BYD CORDOBA,high,official,1
2026,07,21,BYD,DOLPHIN,Private,BEV,Electrico,UKL1,REST,Standard,HACH 5P,33,Asturias,gijón,BYD GIJON,high,official,1
2026,07,21,BYD,DOLPHIN SURF,Private,BEV,Electrico,UKL0,REST,Standard,HACH 5P,11,Cádiz,jerez de la frontera,BYD JEREZ DE LA FRONTERA,high,official,1
2026,07,21,BYD,DOLPHIN SURF,Private,BEV,Electrico,UKL0,REST,Standard,HACH 5P,14,Córdoba,córdoba,BYD CORDOBA,high,official,1
2026,07,21,BYD,DOLPHIN SURF,Private,BEV,Electrico,UKL0,REST,Standard,HACH 5P,19,Guadalajara,guadalajara,BYD GUADALAJARA,high,official,1
2026,07,21,BYD,DOLPHIN SURF,Private,BEV,Electrico,UKL0,REST,Standard,HACH 5P,21,Huelva,huelva,BYD HUELVA,medium,official,1
2026,07,21,BYD,DOLPHIN SURF,Private,BEV,Electrico,UKL0,REST,Standard,HACH 5P,28,Madrid,aranjuez,BYD ARANJUEZ,high,official,1
2026,07,21,BYD,DOLPHIN SURF,Private,BEV,Electrico,UKL0,REST,Standard,HACH 5P,36,Pontevedra,vigo,BYD VIGO,high,official,1
2026,07,21,BYD,SEAL 6,Private,PHEV,Gasolina/Electrico Enchufable,KKL,REST,Standard,SEDAN,30,Murcia,lorca,BYD LORCA,high,official,1
2026,07,21,BYD,SEAL U,Private,BEV,Gasolina/Electrico Enchufable,KKL,REST,Standard,SAV,03,Alicante,elche,BYD ELCHE,high,official,1
2026,07,21,BYD,SEAL U,Private,BEV,Gasolina/Electrico Enchufable,KKL,REST,Standard,SAV,30,Murcia,murcia,BYD MURCIA,high,official,1
2026,07,21,BYD,SEAL U,Private,BEV,Gasolina/Electrico Enchufable,KKL,REST,Standard,SAV,31,Navarra,pamplona,BYD PAMPLONA,high,official,1
2026,07,21,BYD,SEAL U,Private,PHEV,Gasolina/Electrico Enchufable,KKL,REST,Standard,SAV,12,Castellón,villarreal,BYD VILLARREAL,high,official,1
2026,07,21,BYD,SEAL U,Private,PHEV,Gasolina/Electrico Enchufable,KKL,REST,Standard,SAV,30,Murcia,murcia,BYD MURCIA,high,official,1
2026,07,21,BYD,SEAL U,Private,PHEV,Gasolina/Electrico Enchufable,KKL,REST,Standard,SAV,46,Valencia,alginet,BYD ALGINET,high,official,1
2026,07,21,BYD,SEAL U,Private,PHEV,Gasolina/Electrico Enchufable,KKL,REST,Standard,SAV,46,Valencia,sagunto,BYD SAGUNTO,high,official,1
2026,07,21,BYD,SEAL U,Private,PHEV,Gasolina/Electrico Enchufable,KKL,REST,Standard,SAV,47,Valladolid,valladolid,BYD VALLADOLID,high,official,2
2026,07,21,CUPRA,CUPRA LEON,Private,ICE,Gasolina/Electrico Enchufable,UKL2,REST,Standard,HACH 5P,01,Álava,lendiz motor,03597D,high,official,1
2026,07,21,CUPRA,CUPRA LEON,Private,ICE,Gasolina/Electrico Enchufable,UKL2,REST,Standard,HACH 5P,08,Barcelona,maresme lesseps,0322KD,high,official,1
2026,07,21,CUPRA,CUPRA LEON,Private,ICE,Gasolina/Electrico Enchufable,UKL2,REST,Standard,HACH 5P,08,Barcelona,osona automocio,0321SD,high,official,1
2026,07,21,CUPRA,CUPRA LEON,Private,ICE,Gasolina/Electrico Enchufable,UKL2,REST,Standard,HACH 5P,21,Huelva,huelva motor,03476D,high,official,1
2026,07,21,CUPRA,CUPRA LEON,Private,ICE,Gasolina/Electrico Enchufable,UKL2,REST,Standard,HACH 5P,29,Málaga,autos bellamar,03938D,high,official,1
2026,07,21,CUPRA,CUPRA LEON,Private,ICE,Gasolina/Electrico Enchufable,UKL2,REST,Standard,HACH 5P,51,Ceuta,turial,0344CD,high,official,1
2026,07,21,CUPRA,FORMENTOR,Private,ICE,Gasolina/Electrico Enchufable,UKL2,REST,Standard,SAT,04,Almería,indalo motor,03931D,high,official,1
2026,07,21,CUPRA,FORMENTOR,Private,ICE,Gasolina/Electrico Enchufable,UKL2,REST,Standard,SAT,04,Almería,indalo motor,03931D,medium,official,1
2026,07,21,CUPRA,FORMENTOR,Private,ICE,Gasolina/Electrico Enchufable,UKL2,REST,Standard,SAT,10,Cáceres,gedauto car,00587R,medium,official,1
2026,07,21,CUPRA,FORMENTOR,Private,ICE,Gasolina/Electrico Enchufable,UKL2,REST,Standard,SAT,11,Cádiz,automocion terry,0344KD,high,official,1
2026,07,21,CUPRA,FORMENTOR,Private,ICE,Gasolina/Electrico Enchufable,UKL2,REST,Standard,SAT,19,Guadalajara,amarco car,03176D,high,official,1
2026,07,21,CUPRA,FORMENTOR,Private,ICE,Gasolina/Electrico Enchufable,UKL2,REST,Standard,SAT,28,Madrid,castellana motor,0A111D,high,official,1
2026,07,21,CUPRA,FORMENTOR,Private,ICE,Gasolina/Electrico Enchufable,UKL2,REST,Standard,SAT,31,Navarra,lugaritz,03588D,medium,official,1
2026,07,21,CUPRA,FORMENTOR,Private,ICE,Gasolina/Electrico Enchufable,UKL2,REST,Standard,SAT,32,Ourense,copersa,03743D,medium,official,1
2026,07,21,CUPRA,FORMENTOR,Private,ICE,Gasolina/Electrico Enchufable,UKL2,REST,Standard,SAT,37,Salamanca,seauto,03665D,medium,official,1
2026,07,21,CUPRA,FORMENTOR,Private,ICE,Gasolina/Electrico Enchufable,UKL2,REST,Standard,SAT,43,Tarragona,baix motor,00624R,high,official,1
2026,07,21,CUPRA,RAVAL,Private,BEV,Electrico,UKL1,REST,Standard,HACH 5P,08,Barcelona,baix motor,00624R,high,official,1
2026,07,21,CUPRA,RAVAL,Private,BEV,Electrico,UKL1,REST,Standard,HACH 5P,28,Madrid,gil automocion,03175D,high,official,1
2026,07,21,CUPRA,RAVAL,Private,BEV,Electrico,UKL1,REST,Standard,HACH 5P,32,Ourense,copersa,03743D,high,official,1
2026,07,21,CUPRA,RAVAL,Private,BEV,Electrico,UKL1,REST,Standard,HACH 5P,46,Valencia,seare,03315D,high,official,2
2026,07,21,CUPRA,TERRAMAR,Private,ICE,Gasolina/Electrico Enchufable,UKL2,REST,Standard,SAT,08,Barcelona,osona automocio,0321SD,high,official,1
2026,07,21,CUPRA,TERRAMAR,Private,ICE,Gasolina/Electrico Enchufable,UKL2,REST,Standard,SAT,11,Cádiz,automocion terry,0344KD,high,official,1
2026,07,21,CUPRA,TERRAMAR,Private,ICE,Gasolina/Electrico Enchufable,UKL2,REST,Standard,SAT,48,Bizkaia,automoviles galindo,03530D,high,official,1
2026,07,21,CUPRA,TERRAMAR,Private,ICE,Gasolina/Electrico Enchufable,UKL2,REST,Standard,SAT,48,Bizkaia,galdakauto,03532D,high,official,1
2026,07,21,CUPRA,TERRAMAR,Private,PHEV,Gasolina/Electrico Enchufable,UKL2,REST,Standard,SAT,03,Alicante,autom. sala rodriguez,03346D,high,official,1
2026,07,21,CUPRA,TERRAMAR,Private,PHEV,Gasolina/Electrico Enchufable,UKL2,REST,Standard,SAT,20,Gipuzkoa,lugaritz,03588D,high,official,1
2026,07,21,CUPRA,TERRAMAR,Private,PHEV,Gasolina/Electrico Enchufable,UKL2,REST,Standard,SAT,43,Tarragona,auto esteller,03361D,medium,official,1
2026,07,21,DACIA,BIGSTER,Private,ICE,Gasolina/Electrico,UKL2,REST,Standard,SAV,07,Baleares,"dibauto plus, s.a",72405090,medium,official,1
2026,07,21,DACIA,BIGSTER,Private,ICE,Gasolina/Electrico,UKL2,REST,Standard,SAV,08,Barcelona,comercial marti s.a.,72405383,high,official,1
2026,07,21,DACIA,BIGSTER,Private,ICE,Gasolina/Electrico,UKL2,REST,Standard,SAV,11,Cádiz,"caetano formula cadiz, s.l.u",72405264,high,official,1
2026,07,21,DACIA,BIGSTER,Private,ICE,Gasolina/Electrico,UKL2,REST,Standard,SAV,11,Cádiz,"caetano formula cadiz, s.l.u",72405265,high,official,1
2026,07,21,DACIA,BIGSTER,Private,ICE,Gasolina/Electrico,UKL2,REST,Standard,SAV,28,Madrid,"automocion qualitauto, s.a.",72405469,high,official,1
2026,07,21,DACIA,BIGSTER,Private,ICE,Gasolina/Electrico,UKL2,REST,Standard,SAV,35,Las Palmas,"caetano formula canarias, s.l.",72405493,medium,official,1
2026,07,21,DACIA,BIGSTER,Private,ICE,Gasolina/Electrico,UKL2,REST,Standard,SAV,40,Segovia,"auto salamanca cars, s.l.",72405466,high,official,1
2026,07,21,DACIA,BIGSTER,Private,ICE,Gasolina/Electrico,UKL2,REST,Standard,SAV,48,Bizkaia,"ekin autoak, s.a.l.",72405024,high,official,1
2026,07,21,DACIA,DUSTER,Private,ICE,Gasolina/Electrico,SKL,REST,Standard,PICKUP,02,Albacete,"automaor, s.l",72405388,high,official,1
2026,07,21,DACIA,DUSTER,Private,ICE,Gasolina/Electrico,SKL,REST,Standard,PICKUP,03,Alicante,"japemasa solar, s.l",72405423,high,official,1
2026,07,21,DACIA,DUSTER,Private,ICE,Gasolina/Electrico,SKL,REST,Standard,PICKUP,04,Almería,"syrsa automocion, s.l.",72405321,medium,official,1
2026,07,21,DACIA,DUSTER,Private,ICE,Gasolina/Electrico,SKL,REST,Standard,PICKUP,06,Badajoz,"marcesa servicios, s.a.",72457400,high,official,1
2026,07,21,DACIA,DUSTER,Private,ICE,Gasolina/Electrico,SKL,REST,Standard,PICKUP,12,Castellón,"autersa servicios de movilidad, s.a.",72405413,medium,official,1
2026,07,21,DACIA,DUSTER,Private,ICE,Gasolina/Electrico,SKL,REST,Standard,PICKUP,13,Ciudad Real,"aries ciudad real, s.l.",72418900,medium,official,1
2026,07,21,DACIA,DUSTER,Private,ICE,Gasolina/Electrico,SKL,REST,Standard,PICKUP,14,Córdoba,"magestomotor, s.l.",72405002,high,official,1
2026,07,21,DACIA,DUSTER,Private,ICE,Gasolina/Electrico,SKL,REST,Standard,PICKUP,18,Granada,"japemasa solar, s.l",72405353,high,official,1
2026,07,21,DACIA,DUSTER,Private,ICE,Gasolina/Electrico,SKL,REST,Standard,PICKUP,33,Asturias,"leomotor asturias, s.l.",72405168,high,official,1
2026,07,21,DACIA,DUSTER,Private,ICE,Gasolina/Electrico,SKL,REST,Standard,PICKUP,43,Tarragona,"oliva motor rd tarragona, s.l.u.",72405523,high,official,1
2026,07,21,DACIA,JOGGER,Private,ICE,Gasolina/Electrico,UKL2,REST,Standard,MPV,03,Alicante,movil amoros s.l.,72405091,high,official,1
2026,07,21,DACIA,JOGGER,Private,ICE,Gasolina/Electrico,UKL2,REST,Standard,MPV,07,Baleares,"dibauto plus, s.a",72405090,high,official,1
2026,07,21,DACIA,JOGGER,Private,ICE,Gasolina/Electrico,UKL2,REST,Standard,MPV,15,A Coruña,"caetano formula galicia, s.l.u",72405438,high,official,1
2026,07,21,DACIA,JOGGER,Private,ICE,Gasolina/Electrico,UKL2,REST,Standard,MPV,18,Granada,"japemasa solar, s.l",72405353,high,official,2
2026,07,21,DACIA,JOGGER,Private,ICE,Gasolina/Electrico,UKL2,REST,Standard,MPV,31,Navarra,"unsain, s.l.u.",72405035,high,official,1
2026,07,21,DACIA,JOGGER,Private,ICE,Gasolina/Electrico,UKL2,REST,Standard,MPV,51,Ceuta,"aubensa,s.a",72405318,high,official,1
2026,07,21,DACIA,SANDERO,Private,ICE,Gasolina,UKL1,REST,Standard,HACH 5P,03,Alicante,"japemasa solar, s.l",72405423,high,official,1
2026,07,21,DACIA,SANDERO,Private,ICE,Gasolina,UKL1,REST,Standard,HACH 5P,03,Alicante,"talleres perez juan, s.l.",72438101,high,official,1
2026,07,21,DACIA,SANDERO,Private,ICE,Gasolina,UKL1,REST,Standard,HACH 5P,04,Almería,"syrsa automocion, s.l.",72405317,high,official,2
2026,07,21,DACIA,SANDERO,Private,ICE,Gasolina,UKL1,REST,Standard,HACH 5P,05,Ávila,"auto salamanca cars, s.l.",72405463,high,official,1
2026,07,21,DACIA,SANDERO,Private,ICE,Gasolina,UKL1,REST,Standard,HACH 5P,07,Baleares,"dibauto plus, s.a",72405090,high,official,2
2026,07,21,DACIA,SANDERO,Private,ICE,Gasolina,UKL1,REST,Standard,HACH 5P,07,Baleares,"dibauto plus, s.a",72405427,high,official,1
2026,07,21,DACIA,SANDERO,Private,ICE,Gasolina,UKL1,REST,Standard,HACH 5P,09,Burgos,"enkartauto, s.l.",72421616,high,official,1
2026,07,21,DACIA,SANDERO,Private,ICE,Gasolina,UKL1,REST,Standard,HACH 5P,10,Cáceres,"marcesa servicios, s.a.",72457700,high,official,1
2026,07,21,DACIA,SANDERO,Private,ICE,Gasolina,UKL1,REST,Standard,HACH 5P,11,Cádiz,"automoviles conil, s.l.",72450916,high,official,1
2026,07,21,DACIA,SANDERO,Private,ICE,Gasolina,UKL1,REST,Standard,HACH 5P,11,Cádiz,"caetano formula cadiz, s.l.u",72405265,high,official,1
2026,07,21,DACIA,SANDERO,Private,ICE,Gasolina,UKL1,REST,Standard,HACH 5P,11,Cádiz,"sauto, s.l.(sanluqueña de automoviles",72450920,high,official,1
2026,07,21,DACIA,SANDERO,Private,ICE,Gasolina,UKL1,REST,Standard,HACH 5P,12,Castellón,"autersa servicios de movilidad, s.a.",72405413,medium,official,1
2026,07,21,DACIA,SANDERO,Private,ICE,Gasolina,UKL1,REST,Standard,HACH 5P,12,Castellón,"talleres boix, s.l.",72438810,medium,official,1
2026,07,21,DACIA,SANDERO,Private,ICE,Gasolina,UKL1,REST,Standard,HACH 5P,13,Ciudad Real,"aries ciudad real, s.l.",72418900,high,official,1
2026,07,21,DACIA,SANDERO,Private,ICE,Gasolina,UKL1,REST,Standard,HACH 5P,14,Córdoba,"magestomotor, s.l.",72405002,high,official,1
2026,07,21,DACIA,SANDERO,Private,ICE,Gasolina,UKL1,REST,Standard,HACH 5P,16,Cuenca,"automaor, s.l",72405426,high,official,1
2026,07,21,DACIA,SANDERO,Private,ICE,Gasolina,UKL1,REST,Standard,HACH 5P,16,Cuenca,"automoviles audasa, s.l.",72405459,medium,official,1
2026,07,21,DACIA,SANDERO,Private,ICE,Gasolina,UKL1,REST,Standard,HACH 5P,17,Girona,"automocio i serveis del nord-est, s.l.",72405085,high,official,1
2026,07,21,DACIA,SANDERO,Private,ICE,Gasolina,UKL1,REST,Standard,HACH 5P,18,Granada,"japemasa solar, s.l",72405353,high,official,3
2026,07,21,DACIA,SANDERO,Private,ICE,Gasolina,UKL1,REST,Standard,HACH 5P,18,Granada,"japemasa solar, s.l",72405353,medium,official,1
2026,07,21,DACIA,SANDERO,Private,ICE,Gasolina,UKL1,REST,Standard,HACH 5P,18,Granada,"japemasa solar, s.l",72405360,high,official,1
2026,07,21,DACIA,SANDERO,Private,ICE,Gasolina,UKL1,REST,Standard,HACH 5P,20,Gipuzkoa,"lazkao garajea, s.l.",72421412,high,official,2
2026,07,21,DACIA,SANDERO,Private,ICE,Gasolina,UKL1,REST,Standard,HACH 5P,21,Huelva,"zamora autos, s.l.",72455540,high,official,1
2026,07,21,DACIA,SANDERO,Private,ICE,Gasolina,UKL1,REST,Standard,HACH 5P,24,León,"leomovil, s.l.",72405468,medium,official,1
2026,07,21,DACIA,SANDERO,Private,ICE,Gasolina,UKL1,REST,Standard,HACH 5P,28,Madrid,"automocion qualitauto, s.a.",72405469,high,official,1
2026,07,21,DACIA,SANDERO,Private,ICE,Gasolina,UKL1,REST,Standard,HACH 5P,28,Madrid,"automocion qualitauto, s.a.",72405469,medium,official,1
2026,07,21,DACIA,SANDERO,Private,ICE,Gasolina,UKL1,REST,Standard,HACH 5P,28,Madrid,"talleres escorial, s.l.",72417900,high,official,1
2026,07,21,DACIA,SANDERO,Private,ICE,Gasolina,UKL1,REST,Standard,HACH 5P,29,Málaga,"rombo sol 2002, s.l.u",72405040,high,official,1
2026,07,21,DACIA,SANDERO,Private,ICE,Gasolina,UKL1,REST,Standard,HACH 5P,29,Málaga,"tahermo, s.l.u",72405399,high,official,1
2026,07,21,DACIA,SANDERO,Private,ICE,Gasolina,UKL1,REST,Standard,HACH 5P,30,Murcia,"automocion del noroeste, s.l",72405359,high,official,1
2026,07,21,DACIA,SANDERO,Private,ICE,Gasolina,UKL1,REST,Standard,HACH 5P,30,Murcia,"automocion del noroeste, s.l",72405494,high,official,2
2026,07,21,DACIA,SANDERO,Private,ICE,Gasolina,UKL1,REST,Standard,HACH 5P,30,Murcia,"automociones ureña, s.l.",72459013,high,official,1
2026,07,21,DACIA,SANDERO,Private,ICE,Gasolina,UKL1,REST,Standard,HACH 5P,30,Murcia,"raul campoy, s.l",72405395,high,official,1
2026,07,21,DACIA,SANDERO,Private,ICE,Gasolina,UKL1,REST,Standard,HACH 5P,31,Navarra,"unsain, s.l.u.",72405035,high,official,3
2026,07,21,DACIA,SANDERO,Private,ICE,Gasolina,UKL1,REST,Standard,HACH 5P,37,Salamanca,"auto salamanca cars, s.l.",72405460,high,official,1
2026,07,21,DACIA,SANDERO,Private,ICE,Gasolina,UKL1,REST,Standard,HACH 5P,39,Cantabria,"vidal de la peña automoviles, s.l.",72405041,high,official,1
2026,07,21,DACIA,SANDERO,Private,ICE,Gasolina,UKL1,REST,Standard,HACH 5P,39,Cantabria,"vidal de la peña automoviles, s.l.",72405043,medium,official,1
2026,07,21,DACIA,SANDERO,Private,ICE,Gasolina,UKL1,REST,Standard,HACH 5P,41,Sevilla,"nebriauto, s.l.",72450723,medium,official,1
2026,07,21,DACIA,SANDERO,Private,ICE,Gasolina,UKL1,REST,Standard,HACH 5P,45,Toledo,"talleres valmojado, s.l.",72405495,high,official,1
2026,07,21,DACIA,SANDERO,Private,ICE,Gasolina,UKL1,REST,Standard,HACH 5P,46,Valencia,"automocion l'eliana, s.l.",72439410,high,official,1
2026,07,21,DACIA,SANDERO,Private,ICE,Gasolina,UKL1,REST,Standard,HACH 5P,46,Valencia,"talleres ginestar, s.l.u.",72405169,high,official,1
2026,07,21,DACIA,SANDERO,Private,ICE,Gasolina,UKL1,REST,Standard,HACH 5P,46,Valencia,"talleres ginestar, s.l.u.",72405333,high,official,1
2026,07,21,DACIA,SPRING,Private,BEV,Electrico,UKL0,REST,Standard,SAV,18,Granada,"japemasa solar, s.l",72405353,high,official,1
2026,07,21,DACIA,SPRING,Private,BEV,Electrico,UKL0,REST,Standard,SAV,49,Zamora,"leomotor asturias, s.l.",72405490,high,official,1
2026,07,21,HYUNDAI,BAYON,Private,ICE,Gasolina Mild Hybrid,UKL1,REST,Standard,SAV,28,Madrid,motor gamboa,1038,high,official,1
2026,07,21,HYUNDAI,BAYON,Private,ICE,Gasolina Mild Hybrid,UKL1,REST,Standard,SAV,29,Málaga,syrluz málaga,1244,high,official,1
2026,07,21,HYUNDAI,BAYON,Private,ICE,Gasolina Mild Hybrid,UKL1,REST,Standard,SAV,43,Tarragona,abello autotec,146,high,official,1
2026,07,21,HYUNDAI,I20,Private,ICE,Gasolina Mild Hybrid,UKL1,REST,Standard,HACH 5P,03,Alicante,autoalmenar,1167,high,official,1
2026,07,21,HYUNDAI,I20,Private,ICE,Gasolina Mild Hybrid,UKL1,REST,Standard,HACH 5P,07,Baleares,pitiusas cars,23,high,official,1
2026,07,21,HYUNDAI,I20,Private,ICE,Gasolina Mild Hybrid,UKL1,REST,Standard,HACH 5P,12,Castellón,mobikorea quadis,1146,medium,official,1
2026,07,21,HYUNDAI,I20,Private,ICE,Gasolina Mild Hybrid,UKL1,REST,Standard,HACH 5P,31,Navarra,oarso car navarra,1253,high,official,1
2026,07,21,HYUNDAI,INSTER,Private,BEV,Electrico,UKL2,REST,Standard,SAV,03,Alicante,auto fima,762,high,official,1
2026,07,21,HYUNDAI,INSTER,Private,BEV,Electrico,UKL2,REST,Standard,SAV,03,Alicante,huertas móvil,1198,high,official,1
2026,07,21,HYUNDAI,KONA,Private,ICE,Gasolina/Electrico,UKL1,REST,Standard,SAV,03,Alicante,auto fima,762,medium,official,1
2026,07,21,HYUNDAI,KONA,Private,ICE,Gasolina/Electrico,UKL1,REST,Standard,SAV,04,Almería,gasmovil,1213,medium,official,1
2026,07,21,HYUNDAI,KONA,Private,ICE,Gasolina/Electrico,UKL1,REST,Standard,SAV,15,A Coruña,hyupersa coruña,1073,high,official,1
2026,07,21,HYUNDAI,KONA,Private,ICE,Gasolina/Electrico,UKL1,REST,Standard,SAV,17,Girona,fornells motor,667,high,official,2
2026,07,21,HYUNDAI,KONA,Private,ICE,Gasolina/Electrico,UKL1,REST,Standard,SAV,28,Madrid,motor gamboa,1038,high,official,1
2026,07,21,HYUNDAI,KONA,Private,ICE,Gasolina/Electrico,UKL1,REST,Standard,SAV,28,Madrid,zonauto sur,250,high,official,1
2026,07,21,HYUNDAI,KONA,Private,ICE,Gasolina/Electrico,UKL1,REST,Standard,SAV,43,Tarragona,abello autotec,146,high,official,1
2026,07,21,HYUNDAI,KONA,Private,ICE,Gasolina/Electrico,UKL1,REST,Standard,SAV,46,Valencia,autiber motor,1161,high,official,1
2026,07,21,HYUNDAI,SANTA FE,Private,PHEV,Gasolina/Electrico Enchufable,MKL,REST,Standard,SAV,28,Madrid,motor gamboa,1038,high,official,1
2026,07,21,HYUNDAI,TUCSON,Private,ICE,Gasolina/Electrico Enchufable,UKL2,REST,Standard,SAV,05,Ávila,cerverauto,19,high,official,1
2026,07,21,HYUNDAI,TUCSON,Private,ICE,Gasolina/Electrico Enchufable,UKL2,REST,Standard,SAV,06,Badajoz,maven motor,1101,high,official,1
2026,07,21,HYUNDAI,TUCSON,Private,ICE,Gasolina/Electrico Enchufable,UKL2,REST,Standard,SAV,07,Baleares,proa automoción,518,medium,official,1
2026,07,21,HYUNDAI,TUCSON,Private,ICE,Gasolina/Electrico Enchufable,UKL2,REST,Standard,SAV,08,Barcelona,augusta car,1164,high,official,1
2026,07,21,HYUNDAI,TUCSON,Private,ICE,Gasolina/Electrico Enchufable,UKL2,REST,Standard,SAV,29,Málaga,syrluz málaga,1243,high,official,1
2026,07,21,HYUNDAI,TUCSON,Private,ICE,Gasolina/Electrico Enchufable,UKL2,REST,Standard,SAV,36,Pontevedra,hyupersa vigo,526,high,official,1
2026,07,21,HYUNDAI,TUCSON,Private,ICE,Gasolina/Electrico Enchufable,UKL2,REST,Standard,SAV,40,Segovia,segohyun,444,high,official,1
2026,07,21,HYUNDAI,TUCSON,Private,ICE,Gasolina/Electrico Enchufable,UKL2,REST,Standard,SAV,43,Tarragona,abello autotec,146,high,official,1
2026,07,21,HYUNDAI,TUCSON,Private,PHEV,Gasolina/Electrico Enchufable,UKL2,REST,Standard,SAV,33,Asturias,asturdai,115,high,official,1
2026,07,21,KIA,CEED,Private,ICE,Gasolina Mild Hybrid,UKL2,REST,Standard,HACH 5P,42,Soria,"automateo, s.l.u. (soria",C17VC00530,high,official,1
2026,07,21,KIA,EV2,Private,BEV,Electrico,UKL1,REST,Standard,SAV,11,Cádiz,"gadir automoción, s.a.u.","GADIR AUTOMOCIÓN, S.A.U.",medium,official,1
2026,07,21,KIA,EV2,Private,BEV,Electrico,UKL1,REST,Standard,SAV,17,Girona,"texauto motor, s.l.","TEXAUTO MOTOR, S.L.",high,official,1
2026,07,21,KIA,EV2,Private,BEV,Electrico,UKL1,REST,Standard,SAV,28,Madrid,"aki madrid automoción, s.l.","AKI MADRID AUTOMOCIÓN, S.L.",high,official,1
2026,07,21,KIA,EV2,Private,BEV,Electrico,UKL1,REST,Standard,SAV,31,Navarra,"estella motor, s.a.",C17VC00411,high,official,1
2026,07,21,KIA,EV3,Private,BEV,Electrico,UKL1,REST,Standard,SAV,08,Barcelona,"eix motor catalunya, s.l.","EIX MOTOR CATALUNYA, S.L.",high,official,2
2026,07,21,KIA,EV3,Private,BEV,Electrico,UKL1,REST,Standard,SAV,28,Madrid,"aki madrid automoción, s.l.","AKI MADRID AUTOMOCIÓN, S.L.",medium,official,1
2026,07,21,KIA,EV3,Private,BEV,Electrico,UKL1,REST,Standard,SAV,28,Madrid,"kmib retail, s.l.","KMIB RETAIL, S.L.",medium,official,1
2026,07,21,KIA,EV3,Private,BEV,Electrico,UKL1,REST,Standard,SAV,50,Zaragoza,"autosalduba, s.a.","AUTOSALDUBA, S.A.",medium,official,1
2026,07,21,KIA,EV5,Private,BEV,Electrico,UKL2,REST,Standard,HACH 5P,17,Girona,"empor speed, s.l.u","EMPOR SPEED, S.L.U",high,official,1
2026,07,21,KIA,NIRO,Private,BEV,Gasolina/Electrico Enchufable,UKL2,REST,Standard,SAV,46,Valencia,"ulsan motor, s.l.","ULSAN MOTOR, S.L.",high,official,1
2026,07,21,KIA,NIRO,Private,ICE,Gasolina/Electrico Enchufable,UKL2,REST,Standard,SAV,03,Alicante,"valgauto motor, s.l. (marcos automoción","VALGAUTO MOTOR, S.L. (MARCOS AUTOMOCIÓN)",high,official,1
2026,07,21,KIA,NIRO,Private,ICE,Gasolina/Electrico Enchufable,UKL2,REST,Standard,SAV,03,Alicante,"valgauto motor, s.l. (marcos automoción","VALGAUTO MOTOR, S.L. (MARCOS AUTOMOCIÓN)",medium,official,1
2026,07,21,KIA,NIRO,Private,ICE,Gasolina/Electrico Enchufable,UKL2,REST,Standard,SAV,08,Barcelona,"automobils a.r. motors, s.l. (quadis armotors","AUTOMOBILS A.R. MOTORS, S.L. (QUADIS ARmotors)",medium,official,1
2026,07,21,KIA,NIRO,Private,ICE,Gasolina/Electrico Enchufable,UKL2,REST,Standard,SAV,08,Barcelona,"eix motor catalunya, s.l.","EIX MOTOR CATALUNYA, S.L.",high,official,1
2026,07,21,KIA,NIRO,Private,ICE,Gasolina/Electrico Enchufable,UKL2,REST,Standard,SAV,08,Barcelona,"eix motor catalunya, s.l.","EIX MOTOR CATALUNYA, S.L.",medium,official,1
2026,07,21,KIA,NIRO,Private,ICE,Gasolina/Electrico Enchufable,UKL2,REST,Standard,SAV,10,Cáceres,"rojas motor, s.l.","ROJAS MOTOR, S.L.",high,official,1
2026,07,21,KIA,NIRO,Private,ICE,Gasolina/Electrico Enchufable,UKL2,REST,Standard,SAV,15,A Coruña,"rias motor 2018, s.l.","RIAS MOTOR 2018, S.L.",medium,official,1
2026,07,21,KIA,NIRO,Private,ICE,Gasolina/Electrico Enchufable,UKL2,REST,Standard,SAV,18,Granada,"motum automoción, s.l.","MOTUM AUTOMOCIÓN, S.L.",medium,official,1
2026,07,21,KIA,NIRO,Private,ICE,Gasolina/Electrico Enchufable,UKL2,REST,Standard,SAV,28,Madrid,"kmib retail, s.l.","KMIB RETAIL, S.L.",medium,official,1
2026,07,21,KIA,NIRO,Private,ICE,Gasolina/Electrico Enchufable,UKL2,REST,Standard,SAV,28,Madrid,"talleres de las heras, s.l.","TALLERES DE LAS HERAS, S.L.",medium,official,1
2026,07,21,KIA,NIRO,Private,ICE,Gasolina/Electrico Enchufable,UKL2,REST,Standard,SAV,30,Murcia,"grupo m. gallego, s.l.","GRUPO M. GALLEGO, S.L.",high,official,2
2026,07,21,KIA,NIRO,Private,ICE,Gasolina/Electrico Enchufable,UKL2,REST,Standard,SAV,30,Murcia,"grupo m. gallego, s.l.","GRUPO M. GALLEGO, S.L.",medium,official,3
2026,07,21,KIA,NIRO,Private,ICE,Gasolina/Electrico Enchufable,UKL2,REST,Standard,SAV,36,Pontevedra,"rias motor 2018, s.l.","RIAS MOTOR 2018, S.L.",high,official,1
2026,07,21,KIA,NIRO,Private,ICE,Gasolina/Electrico Enchufable,UKL2,REST,Standard,SAV,43,Tarragona,"garancar, s.a. (quadis armotors","GARANCAR, S.A. (QUADIS ARmotors)",high,official,1
2026,07,21,KIA,NIRO,Private,ICE,Gasolina/Electrico Enchufable,UKL2,REST,Standard,SAV,48,Bizkaia,"mas motor, s.a.","MAS MOTOR, S.A.",medium,official,1
2026,07,21,KIA,PV5,Private,BEV,Electrico,SKL,REST,Standard,TRANSPORTER,46,Valencia,"autopista sur, s.l.","AUTOPISTA SUR, S.L.",high,official,1
2026,07,21,KIA,SELTOS,Private,ICE,Gasolina,UKL2,REST,Standard,SAV,43,Tarragona,"ebre mòbil, s.l.","EBRE MÒBIL, S.L.",high,official,1
2026,07,21,KIA,SPORTAGE,Private,ICE,Gasolina/Electrico Enchufable,UKL2,REST,Standard,SAV,01,Álava,"deltavi, s.a.","DELTAVI, S.A.",medium,official,1
2026,07,21,KIA,SPORTAGE,Private,ICE,Gasolina/Electrico Enchufable,UKL2,REST,Standard,SAV,01,Álava,"import móvil julian, s.l.","IMPORT MÓVIL JULIAN, S.L.",high,official,1
2026,07,21,KIA,SPORTAGE,Private,ICE,Gasolina/Electrico Enchufable,UKL2,REST,Standard,SAV,03,Alicante,"valgauto motor, s.l. (marcos automoción","VALGAUTO MOTOR, S.L. (MARCOS AUTOMOCIÓN)",high,official,1
2026,07,21,KIA,SPORTAGE,Private,ICE,Gasolina/Electrico Enchufable,UKL2,REST,Standard,SAV,03,Alicante,"valgauto motor, s.l. (marcos automoción","VALGAUTO MOTOR, S.L. (MARCOS AUTOMOCIÓN)",medium,official,1
2026,07,21,KIA,SPORTAGE,Private,ICE,Gasolina/Electrico Enchufable,UKL2,REST,Standard,SAV,06,Badajoz,"gedauto servicios, s.l.","GEDAUTO SERVICIOS, S.L.",high,official,2
2026,07,21,KIA,SPORTAGE,Private,ICE,Gasolina/Electrico Enchufable,UKL2,REST,Standard,SAV,08,Barcelona,"eix motor catalunya, s.l.","EIX MOTOR CATALUNYA, S.L.",high,official,1
2026,07,21,KIA,SPORTAGE,Private,ICE,Gasolina/Electrico Enchufable,UKL2,REST,Standard,SAV,09,Burgos,"import móvil julian, s.l.","IMPORT MÓVIL JULIAN, S.L.",high,official,1
2026,07,21,KIA,SPORTAGE,Private,ICE,Gasolina/Electrico Enchufable,UKL2,REST,Standard,SAV,15,A Coruña,corgal automóviles s.l.,CORGAL AUTOMÓVILES S.L.,high,official,3
2026,07,21,KIA,SPORTAGE,Private,ICE,Gasolina/Electrico Enchufable,UKL2,REST,Standard,SAV,24,León,"hipergar, s.l. (camponaraya, ponferrada",C17VC00356,high,official,2
2026,07,21,KIA,SPORTAGE,Private,ICE,Gasolina/Electrico Enchufable,UKL2,REST,Standard,SAV,29,Málaga,"caetano móvil sur, s.l.","CAETANO MÓVIL SUR, S.L.",high,official,2
2026,07,21,KIA,SPORTAGE,Private,ICE,Gasolina/Electrico Enchufable,UKL2,REST,Standard,SAV,30,Murcia,"grupo m. gallego, s.l.","GRUPO M. GALLEGO, S.L.",high,official,1
2026,07,21,KIA,SPORTAGE,Private,ICE,Gasolina/Electrico Enchufable,UKL2,REST,Standard,SAV,31,Navarra,"estella motor, s.a.",C17VC00411,high,official,1
2026,07,21,KIA,SPORTAGE,Private,ICE,Gasolina/Electrico Enchufable,UKL2,REST,Standard,SAV,36,Pontevedra,"rias motor 2018, s.l.","RIAS MOTOR 2018, S.L.",high,official,1
2026,07,21,KIA,SPORTAGE,Private,ICE,Gasolina/Electrico Enchufable,UKL2,REST,Standard,SAV,41,Sevilla,"mobilify sevilla 2024, s.l.","MOBILIFY SEVILLA 2024, S.L.",high,official,1
2026,07,21,KIA,SPORTAGE,Private,ICE,Gasolina/Electrico Enchufable,UKL2,REST,Standard,SAV,46,Valencia,"autopista sur, s.l.","AUTOPISTA SUR, S.L.",high,official,1
2026,07,21,KIA,SPORTAGE,Private,ICE,Gasolina/Electrico Enchufable,UKL2,REST,Standard,SAV,49,Zamora,"busanauto, s.l.","BUSANAUTO, S.L.",medium,official,1
2026,07,21,KIA,SPORTAGE,Private,ICE,Gasolina/Electrico Enchufable,UKL2,REST,Standard,SAV,51,Ceuta,"gutiérrez car, s.l.u.","GUTIÉRREZ CAR, S.L.U.",high,official,1
2026,07,21,KIA,SPORTAGE,Private,ICE,Gasolina/Electrico Enchufable,UKL2,REST,Standard,SAV,52,Melilla,"parres- , s.l.","PARRES-KIA, S.L.",medium,official,2
2026,07,21,KIA,STONIC,Private,ICE,Gasolina Mild Hybrid,UKL1,REST,Standard,SAV,27,Lugo,"breogán car, s.l.","BREOGÁN CAR, S.L.",high,official,1
2026,07,21,KIA,STONIC,Private,ICE,Gasolina Mild Hybrid,UKL1,REST,Standard,SAV,28,Madrid,"shuma gamboa, s.l.","SHUMA GAMBOA, S.L.",medium,official,1
2026,07,21,KIA,STONIC,Private,ICE,Gasolina Mild Hybrid,UKL1,REST,Standard,SAV,28,Madrid,"talleres de las heras, s.l.","TALLERES DE LAS HERAS, S.L.",medium,official,1
2026,07,21,KIA,STONIC,Private,ICE,Gasolina Mild Hybrid,UKL1,REST,Standard,SAV,29,Málaga,"caetano móvil sur, s.l.","CAETANO MÓVIL SUR, S.L.",high,official,1
2026,07,21,KIA,STONIC,Private,ICE,Gasolina Mild Hybrid,UKL1,REST,Standard,SAV,30,Murcia,"grupo m. gallego, s.l.","GRUPO M. GALLEGO, S.L.",high,official,1
2026,07,21,KIA,STONIC,Private,ICE,Gasolina Mild Hybrid,UKL1,REST,Standard,SAV,50,Zaragoza,"autosalduba, s.a.","AUTOSALDUBA, S.A.",medium,official,1
2026,07,21,KIA,XCEED,Private,ICE,Gasolina Mild Hybrid,UKL2,REST,Standard,HACH 5P,30,Murcia,"grupo m. gallego, s.l.","GRUPO M. GALLEGO, S.L.",medium,official,1
2026,07,21,KIA,XCEED,Private,ICE,Gasolina Mild Hybrid,UKL2,REST,Standard,HACH 5P,50,Zaragoza,"autosalduba, s.a.","AUTOSALDUBA, S.A.",medium,official,1
2026,07,21,LAND ROVER,RANGE ROVER SPORT,Private,ICE,Gasolina/Electrico Enchufable,MKL,FOCUS SEGMENT,Standard,SAV,39,Cantabria,saltwind,U1090,high,official,1
2026,07,21,LEXUS,LBX,Private,ICE,Gasolina/Electrico,UKL1,FOCUS SEGMENT,Standard,SAV,07,Baleares,golpoku,GOLPOKU,high,official,1
2026,07,21,LEXUS,LBX,Private,ICE,Gasolina/Electrico,UKL1,FOCUS SEGMENT,Standard,SAV,28,Madrid,automoviles axel s.a.,AUTOMOVILES AXEL S A,medium,official,1
2026,07,21,LEXUS,LBX,Private,ICE,Gasolina/Electrico,UKL1,FOCUS SEGMENT,Standard,SAV,29,Málaga,cumaca premium s.l.,CUMACA PREMIUM S L,high,official,1
2026,07,21,LEXUS,LBX,Private,ICE,Gasolina/Electrico,UKL1,FOCUS SEGMENT,Standard,SAV,46,Valencia,comauto premium,COMAUTO PREMIUM,high,official,1
2026,07,21,LEXUS,NX,Private,PHEV,Gasolina/Electrico Enchufable,KKL,FOCUS SEGMENT,Standard,SAV,11,Cádiz,nimauto premium s.a,NIMAUTO PREMIUM S A,high,official,1
2026,07,21,LEXUS,NX,Private,PHEV,Gasolina/Electrico Enchufable,KKL,FOCUS SEGMENT,Standard,SAV,18,Granada,cumaca premium s.l.,CUMACA PREMIUM S L,medium,official,1
2026,07,21,LEXUS,NX,Private,PHEV,Gasolina/Electrico Enchufable,KKL,FOCUS SEGMENT,Standard,SAV,26,La Rioja,"master auto premium, s.l.",MASTER AUTO PREMIUM S L,high,official,1
2026,07,21,LEXUS,NX,Private,PHEV,Gasolina/Electrico Enchufable,KKL,FOCUS SEGMENT,Standard,SAV,28,Madrid,comauto premium,COMAUTO PREMIUM,high,official,1
2026,07,21,LEXUS,RZ,Private,BEV,Electrico,KKL,FOCUS SEGMENT,Standard,SAT,18,Granada,cumaca premium s.l.,CUMACA PREMIUM S L,medium,official,1
2026,07,21,LEXUS,RZ,Private,BEV,Electrico,KKL,FOCUS SEGMENT,Standard,SAT,28,Madrid,automoviles axel s.a.,AUTOMOVILES AXEL S A,medium,official,1
2026,07,21,LEXUS,UX,Private,ICE,Gasolina/Electrico,UKL2,FOCUS SEGMENT,Standard,SAV,29,Málaga,cumaca premium s.l.,CUMACA PREMIUM S L,medium,official,1
2026,07,21,MERCEDES,CLASE A,Private,ICE,Gasolina/Electrico Enchufable,UKL2,FOCUS SEGMENT,Standard,HACH 5P,02,Albacete,automóviles villar,GC0010467,high,official,1
2026,07,21,MERCEDES,CLASE A,Private,ICE,Gasolina/Electrico Enchufable,UKL2,FOCUS SEGMENT,Standard,HACH 5P,03,Alicante,vegar,GC0008391,high,official,1
2026,07,21,MERCEDES,CLASE A,Private,ICE,Gasolina/Electrico Enchufable,UKL2,FOCUS SEGMENT,Standard,HACH 5P,37,Salamanca,adarsa,GC0008616,high,official,1
2026,07,21,MERCEDES,CLASE A,Private,ICE,Gasolina/Electrico Enchufable,UKL2,FOCUS SEGMENT,Standard,HACH 5P,39,Cantabria,adarsa,GC0008617,high,official,1
2026,07,21,MERCEDES,CLASE CLA,Private,BEV,Gasolina/Electrico Enchufable,UKL2,FOCUS SEGMENT,Standard,SEDAN,49,Zamora,adarsa,GC0008566,high,official,1
2026,07,21,MERCEDES,CLASE CLE,Private,ICE,Gasolina/Electrico Enchufable,MKL,FOCUS SEGMENT,Standard,COUPE,46,Valencia,valdisa,GC00110108,medium,official,1
2026,07,21,MERCEDES,CLASE E,Private,PHEV,Gasolina/Electrico Enchufable,MKL,FOCUS SEGMENT,Standard,ESTATE,28,Madrid,mobility centro,GC00110545,medium,official,1
2026,07,21,MERCEDES,CLASE GLA,Private,ICE,Gasolina/Electrico Enchufable,UKL2,FOCUS SEGMENT,Standard,SAV,29,Málaga,caetano benet,GC0008614,medium,official,1
2026,07,21,MERCEDES,CLASE GLA,Private,ICE,Gasolina/Electrico Enchufable,UKL2,FOCUS SEGMENT,Standard,SAV,34,Palencia,adarsa,GC0008616,high,official,1
2026,07,21,MERCEDES,CLASE GLA,Private,ICE,Gasolina/Electrico Enchufable,UKL2,FOCUS SEGMENT,Standard,SAV,39,Cantabria,aguinaga,GC0008408,medium,official,1
2026,07,21,MERCEDES,CLASE GLB,Private,BEV,Gasolina Mild Hybrid,UKL2,FOCUS SEGMENT,Standard,SAV,50,Zaragoza,agreda automovil,GC0008409,high,official,1
2026,07,21,MERCEDES,CLASE GLC,Private,BEV,Gasolina/Electrico Enchufable,KKL,FOCUS SEGMENT,Standard,SAV,08,Barcelona,movento stern,GC0008417,high,official,1
2026,07,21,MERCEDES,CLASE GLC,Private,ICE,Gasolina/Electrico Enchufable,KKL,FOCUS SEGMENT,Standard,SAV,20,Gipuzkoa,goiko auto,GC0039350,high,official,1
2026,07,21,MERCEDES,CLASE GLC,Private,PHEV,Gasolina/Electrico Enchufable,KKL,FOCUS SEGMENT,Standard,SAV,11,Cádiz,cadimar,GC0008414,high,official,1
2026,07,21,MERCEDES,CLASE GLC,Private,PHEV,Gasolina/Electrico Enchufable,KKL,FOCUS SEGMENT,Standard,SAV,17,Girona,garatge plana,GC0008498,high,official,1
2026,07,21,MERCEDES,CLASE GLC,Private,PHEV,Gasolina/Electrico Enchufable,KKL,FOCUS SEGMENT,Standard,SAV,42,Soria,madurga,GC0008619,medium,official,1
2026,07,21,MERCEDES,CLASE GLC,Private,PHEV,Gasolina/Electrico Enchufable,KKL,FOCUS SEGMENT,Standard,SAV,45,Toledo,autokrator,GC0010465,high,official,1
2026,07,21,MERCEDES,CLASE GLC,Private,PHEV,Gasolina/Electrico Enchufable,KKL,FOCUS SEGMENT,Standard,SAV,46,Valencia,valdisa,GC00110108,medium,official,1
2026,07,21,MERCEDES,CLASE GLE,Private,ICE,Gasolina/Electrico Enchufable,MKL,FOCUS SEGMENT,Standard,SAV,17,Girona,garatge plana,GC0008498,high,official,1
2026,07,21,MERCEDES,CLASE GLE COUPE,Private,PHEV,Gasolina/Electrico Enchufable,MKL,FOCUS SEGMENT,M Performance,SAV,38,S.C. Tenerife,louzao vigo,GC0008434,medium,official,1
2026,07,21,MERCEDES,CLASE GLE COUPE,Private,PHEV,Gasolina/Electrico Enchufable,MKL,FOCUS SEGMENT,Standard,SAV,15,A Coruña,louzao vigo,GC0008434,high,official,1
2026,07,21,MERCEDES,CLASE GLE COUPE,Private,PHEV,Gasolina/Electrico Enchufable,MKL,FOCUS SEGMENT,Standard,SAV,28,Madrid,mobility centro,GC00110545,medium,official,1
2026,07,21,MERCEDES,EQA,Private,BEV,Electrico,UKL2,FOCUS SEGMENT,Standard,SAV,28,Madrid,mobility centro,GC00110545,medium,official,1
2026,07,21,MERCEDES,SPRINTER 300,Private,ICE,Diesel,SKL,REST,Standard,TRANSPORTER,46,Valencia,valdisa,GC00110108,medium,official,1
2026,07,21,MINI,ACEMAN,Private,BEV,Electrico,UKL1,FOCUS SEGMENT,Standard,SAV,03,Alicante,movibegar,100468,high,internal,1
2026,07,21,MINI,ACEMAN,Private,BEV,Electrico,UKL1,FOCUS SEGMENT,Standard,SAV,33,Asturias,autosa,100155,high,internal,1
2026,07,21,MINI,CABRIO,Private,ICE,Gasolina,UKL1,FOCUS SEGMENT,Standard,CABRIO,46,Valencia,bertolín,100002,high,internal,1
2026,07,21,MINI,COUNTRYMAN,Private,ICE,Electrico,UKL2,FOCUS SEGMENT,Standard,SAV,08,Barcelona,quadis munich,100909,high,internal,1
2026,07,21,MINI,COUNTRYMAN,Private,ICE,Electrico,UKL2,FOCUS SEGMENT,Standard,SAV,33,Asturias,triocar,100379,high,internal,1
2026,07,21,MINI,HATCHBACK,Private,BEV,Electrico,UKL1,FOCUS SEGMENT,JCW,HACH 3P,15,A Coruña,amiocar,100346,high,internal,1
2026,07,21,MINI,HATCHBACK,Private,BEV,Electrico,UKL1,FOCUS SEGMENT,Standard,HACH 3P,07,Baleares,proa premium,100734,high,internal,1
2026,07,21,MINI,HATCHBACK,Private,ICE,Electrico,UKL1,FOCUS SEGMENT,JCW,HACH 3P,07,Baleares,proa premium,100734,high,internal,1
2026,07,21,MINI,HATCHBACK,Private,ICE,Electrico,UKL1,FOCUS SEGMENT,JCW,HACH 3P,29,Málaga,automotor,100586,high,internal,1
2026,07,21,MINI,HATCHBACK,Private,ICE,Electrico,UKL1,FOCUS SEGMENT,Standard,HACH 3P,08,Barcelona,pruna motor,100584,high,internal,1
2026,07,21,MINI,HATCHBACK,Private,ICE,Electrico,UKL1,FOCUS SEGMENT,Standard,HACH 3P,28,Madrid,bymycar madrid,100873,high,internal,1
2026,07,21,MINI,HATCHBACK,Private,ICE,Electrico,UKL1,FOCUS SEGMENT,Standard,HACH 3P,38,S.C. Tenerife,canaauto,100389,high,internal,1
2026,07,21,MINI,HATCHBACK,Private,ICE,Electrico,UKL1,FOCUS SEGMENT,Standard,HACH 3P,43,Tarragona,oliva motor,100728,high,internal,1
2026,07,21,MINI,HATCHBACK,Private,ICE,Electrico,UKL1,FOCUS SEGMENT,Standard,HACH 3P,46,Valencia,fersán,100062,high,internal,2
2026,07,21,NISSAN,JUKE,Private,ICE,Gasolina/Electrico,UKL1,REST,Standard,SAV,07,Baleares,autovidal,autovidal,high,official,1
2026,07,21,NISSAN,JUKE,Private,ICE,Gasolina/Electrico,UKL1,REST,Standard,SAV,09,Burgos,ibermotor,ibermotor,high,official,1
2026,07,21,NISSAN,JUKE,Private,ICE,Gasolina/Electrico,UKL1,REST,Standard,SAV,11,Cádiz,loreto motor,loretomotor,medium,official,1
2026,07,21,NISSAN,JUKE,Private,ICE,Gasolina/Electrico,UKL1,REST,Standard,SAV,28,Madrid,gamboa automocion,gamboautomocion,medium,official,1
2026,07,21,NISSAN,JUKE,Private,ICE,Gasolina/Electrico,UKL1,REST,Standard,SAV,30,Murcia,marcos automoción,marcosautomocion,high,official,1
2026,07,21,NISSAN,JUKE,Private,ICE,Gasolina/Electrico,UKL1,REST,Standard,SAV,33,Asturias,cyasa,cyasa,high,official,1
2026,07,21,NISSAN,JUKE,Private,ICE,Gasolina/Electrico,UKL1,REST,Standard,SAV,45,Toledo,kento motor,kentomotor,high,official,1
2026,07,21,NISSAN,MICRA,Private,BEV,Electrico,UKL1,REST,Standard,HACH 5P,46,Valencia,almenar,nissanalmenar,medium,official,1
2026,07,21,NISSAN,PRIMASTAR,Private,ICE,Diesel,SKL,REST,Standard,TRANSPORTER,01,Álava,gaursa,gaursa,high,official,1
2026,07,21,NISSAN,QASHQAI,Private,ICE,Gasolina/Electrico,UKL2,REST,Standard,SAT,03,Alicante,marcos automoción,marcosautomocion,high,official,1
2026,07,21,NISSAN,QASHQAI,Private,ICE,Gasolina/Electrico,UKL2,REST,Standard,SAT,03,Alicante,marcos automoción,marcosautomocion,medium,official,1
2026,07,21,NISSAN,QASHQAI,Private,ICE,Gasolina/Electrico,UKL2,REST,Standard,SAT,07,Baleares,autovidal,autovidal,high,official,1
2026,07,21,NISSAN,QASHQAI,Private,ICE,Gasolina/Electrico,UKL2,REST,Standard,SAT,09,Burgos,ibermotor,ibermotor,high,official,1
2026,07,21,NISSAN,QASHQAI,Private,ICE,Gasolina/Electrico,UKL2,REST,Standard,SAT,11,Cádiz,loreto motor,loretomotor,high,official,1
2026,07,21,NISSAN,QASHQAI,Private,ICE,Gasolina/Electrico,UKL2,REST,Standard,SAT,15,A Coruña,roipesa,rofervigo,high,official,1
2026,07,21,NISSAN,QASHQAI,Private,ICE,Gasolina/Electrico,UKL2,REST,Standard,SAT,27,Lugo,fergil auto,fergil,high,official,1
2026,07,21,NISSAN,QASHQAI,Private,ICE,Gasolina/Electrico,UKL2,REST,Standard,SAT,28,Madrid,caetano reicomsa,caetanoreicomsa,medium,official,1
2026,07,21,NISSAN,QASHQAI,Private,ICE,Gasolina/Electrico,UKL2,REST,Standard,SAT,28,Madrid,gamboa automocion,gamboautomocion,high,official,1
2026,07,21,NISSAN,QASHQAI,Private,ICE,Gasolina/Electrico,UKL2,REST,Standard,SAT,29,Málaga,safamotor autos,safamotor,medium,official,1
2026,07,21,NISSAN,QASHQAI,Private,ICE,Gasolina/Electrico,UKL2,REST,Standard,SAT,33,Asturias,cyasa,cyasa,high,official,1
2026,07,21,NISSAN,QASHQAI,Private,ICE,Gasolina/Electrico,UKL2,REST,Standard,SAT,41,Sevilla,divesan,divesan,medium,official,1
2026,07,21,NISSAN,QASHQAI,Private,ICE,Gasolina/Electrico,UKL2,REST,Standard,SAT,46,Valencia,marcos automoción,marcosautomocion,high,official,1
2026,07,21,NISSAN,TOWNSTAR,Private,ICE,Gasolina,SKL,REST,Standard,TRANSPORTER,01,Álava,blendio kalauto,blendiokalauto,medium,official,1
2026,07,21,NISSAN,TOWNSTAR,Private,ICE,Gasolina,SKL,REST,Standard,TRANSPORTER,07,Baleares,autovidal,autovidal,high,official,1
2026,07,21,NISSAN,TOWNSTAR,Private,ICE,Gasolina,SKL,REST,Standard,TRANSPORTER,08,Barcelona,sanfeliu motors,sanfeliu,high,official,1
2026,07,21,NISSAN,TOWNSTAR,Private,ICE,Gasolina,SKL,REST,Standard,TRANSPORTER,33,Asturias,cyasa,cyasa,medium,official,1
2026,07,21,NISSAN,X-TRAIL,Private,ICE,Gasolina/Electrico,KKL,REST,Standard,SUV,08,Barcelona,nikko center,nikkocenter,medium,official,1
2026,07,21,NISSAN,X-TRAIL,Private,ICE,Gasolina/Electrico,KKL,REST,Standard,SUV,21,Huelva,syrsa,syrsa,medium,official,1
2026,07,21,NISSAN,X-TRAIL,Private,ICE,Gasolina/Electrico,KKL,REST,Standard,SUV,26,La Rioja,blendio pérez repuestos,blendioperezrepuestos,high,official,1
2026,07,21,PORSCHE,CAYENNE,Private,BEV,Gasolina/Electrico Enchufable,MKL,FOCUS SEGMENT,Standard,SAV,29,Málaga,centro marbella,CENTRO PORSCHE MARBELLA,high,official,1
2026,07,21,RENAULT,5,Private,BEV,Electrico,UKL1,REST,Standard,HACH 5P,15,A Coruña,baleato motor sl,72405385,high,official,1
2026,07,21,RENAULT,5,Private,BEV,Electrico,UKL1,REST,Standard,HACH 5P,17,Girona,"intercargirona.s,l",72434434,high,official,1
2026,07,21,RENAULT,5,Private,BEV,Electrico,UKL1,REST,Standard,HACH 5P,39,Cantabria,"vidal de la peña automoviles, s.l.",72405041,high,official,1
2026,07,21,RENAULT,5,Private,BEV,Electrico,UKL1,REST,Standard,HACH 5P,46,Valencia,"talleres ginestar, s.l.u.",72405333,high,official,1
2026,07,21,RENAULT,ARKANA,Private,ICE,Gasolina/Electrico,UKL2,REST,Standard,SAV,39,Cantabria,"vidal de la peña automoviles, s.l.",72405042,high,official,1
2026,07,21,RENAULT,ARKANA,Private,ICE,Gasolina/Electrico,UKL2,REST,Standard,SAV,41,Sevilla,"hijos de j. cerrato, s.a.",72454500,high,official,1
2026,07,21,RENAULT,AUSTRAL,Private,ICE,Gasolina/Electrico,UKL2,REST,Standard,SAV,09,Burgos,"autovican, s.l.",72405246,high,official,1
2026,07,21,RENAULT,AUSTRAL,Private,ICE,Gasolina/Electrico,UKL2,REST,Standard,SAV,15,A Coruña,"caetano formula galicia, s.l.u",72405438,high,official,1
2026,07,21,RENAULT,AUSTRAL,Private,ICE,Gasolina/Electrico,UKL2,REST,Standard,SAV,25,Lleida,"autansa 3000,s.l.u.",72405181,high,official,1
2026,07,21,RENAULT,AUSTRAL,Private,ICE,Gasolina/Electrico,UKL2,REST,Standard,SAV,30,Murcia,"raul campoy, s.l",72405395,high,official,1
2026,07,21,RENAULT,AUSTRAL,Private,ICE,Gasolina/Electrico,UKL2,REST,Standard,SAV,33,Asturias,"norte motor,s.l.",72405239,high,official,1
2026,07,21,RENAULT,AUSTRAL,Private,ICE,Gasolina/Electrico,UKL2,REST,Standard,SAV,38,S.C. Tenerife,arautava motor s.l.,72405380,high,official,1
2026,07,21,RENAULT,CAPTUR,Private,ICE,Gasolina/Electrico,UKL1,REST,Standard,SAV,07,Baleares,"autos socias perello, s.l.",72405247,high,official,1
2026,07,21,RENAULT,CAPTUR,Private,ICE,Gasolina/Electrico,UKL1,REST,Standard,SAV,15,A Coruña,"caetano formula galicia, s.l.u",72405438,high,official,1
2026,07,21,RENAULT,CAPTUR,Private,ICE,Gasolina/Electrico,UKL1,REST,Standard,SAV,19,Guadalajara,"autocarpe concesionario, s.l.",72405104,high,official,1
2026,07,21,RENAULT,CAPTUR,Private,ICE,Gasolina/Electrico,UKL1,REST,Standard,SAV,26,La Rioja,auto urbion s.l.,72405082,high,official,1
2026,07,21,RENAULT,CAPTUR,Private,ICE,Gasolina/Electrico,UKL1,REST,Standard,SAV,29,Málaga,"rombo sol 2002, s.l.u",72405039,high,official,1
2026,07,21,RENAULT,CAPTUR,Private,ICE,Gasolina/Electrico,UKL1,REST,Standard,SAV,30,Murcia,"automocion del noroeste, s.l",72405494,high,official,1
2026,07,21,RENAULT,CAPTUR,Private,ICE,Gasolina/Electrico,UKL1,REST,Standard,SAV,31,Navarra,"ainzua, s.l.",72421505,high,official,1
2026,07,21,RENAULT,CAPTUR,Private,ICE,Gasolina/Electrico,UKL1,REST,Standard,SAV,38,S.C. Tenerife,"motor ari, s.a.",72405304,medium,official,1
2026,07,21,RENAULT,CAPTUR,Private,ICE,Gasolina/Electrico,UKL1,REST,Standard,SAV,51,Ceuta,"aubensa,s.a",72405318,high,official,1
2026,07,21,RENAULT,CLIO,Private,ICE,Gasolina/Electrico,UKL1,REST,Standard,HACH 5P,03,Alicante,"japemasa solar, s.l",72405423,high,official,1
2026,07,21,RENAULT,CLIO,Private,ICE,Gasolina/Electrico,UKL1,REST,Standard,HACH 5P,03,Alicante,"talleres blas serna, s.a.",72437700,high,official,1
2026,07,21,RENAULT,CLIO,Private,ICE,Gasolina/Electrico,UKL1,REST,Standard,HACH 5P,06,Badajoz,"marcesa servicios, s.a.",72405012,high,official,1
2026,07,21,RENAULT,CLIO,Private,ICE,Gasolina/Electrico,UKL1,REST,Standard,HACH 5P,07,Baleares,"dibauto plus, s.a",72405090,high,official,1
2026,07,21,RENAULT,CLIO,Private,ICE,Gasolina/Electrico,UKL1,REST,Standard,HACH 5P,09,Burgos,"autovican, s.l.",72405246,high,official,1
2026,07,21,RENAULT,CLIO,Private,ICE,Gasolina/Electrico,UKL1,REST,Standard,HACH 5P,31,Navarra,"unsain, s.l.u.",72405035,high,official,1
2026,07,21,RENAULT,CLIO,Private,ICE,Gasolina/Electrico,UKL1,REST,Standard,HACH 5P,35,Las Palmas,"juan toledo, s.l.",72481000,high,official,1
2026,07,21,RENAULT,CLIO,Private,ICE,Gasolina/Electrico,UKL1,REST,Standard,HACH 5P,36,Pontevedra,"motor flores, s.l.",72417601,high,official,1
2026,07,21,RENAULT,CLIO,Private,ICE,Gasolina/Electrico,UKL1,REST,Standard,HACH 5P,41,Sevilla,"guadaira movil 2001, s.l",72405338,high,official,1
2026,07,21,RENAULT,CLIO,Private,ICE,Gasolina/Electrico,UKL1,REST,Standard,HACH 5P,42,Soria,"aceña motor, s.l.",72426003,high,official,1
2026,07,21,RENAULT,CLIO,Private,ICE,Gasolina/Electrico,UKL1,REST,Standard,HACH 5P,46,Valencia,"talleres ginestar, s.l.u.",72405169,high,official,2
2026,07,21,RENAULT,CLIO,Private,ICE,Gasolina/Electrico,UKL1,REST,Standard,HACH 5P,50,Zaragoza,"gama automocion tarazona, s.l.",72430635,high,official,1
2026,07,21,RENAULT,CLIO,Private,ICE,Gasolina/Electrico,UKL1,REST,Standard,HACH 5P,51,Ceuta,"aubensa,s.a",72405318,high,official,1
2026,07,21,RENAULT,CV505BC,Private,ICE,Diesel,,REST,Standard,,15,A Coruña,"caetano formula galicia, s.l.u",72405435,high,official,1
2026,07,21,RENAULT,ESPACE,Private,ICE,Gasolina/Electrico,KKL,REST,Standard,SAV,08,Barcelona,solé fabrega automocio i serveis s.l.,72405440,high,official,1
2026,07,21,RENAULT,ESPACE,Private,ICE,Gasolina/Electrico,KKL,REST,Standard,SAV,45,Toledo,"aries toledo-talavera, s.l.",72405160,high,official,1
2026,07,21,RENAULT,ESPACE,Private,ICE,Gasolina/Electrico,KKL,REST,Standard,SAV,48,Bizkaia,"gaursa autoak, s.l.u.",72405287,high,official,2
2026,07,21,RENAULT,KANGOO,Private,ICE,Gasolina,SKL,REST,Standard,TRANSPORTER,04,Almería,"juan enrique, s.l.",72450505,high,official,1
2026,07,21,RENAULT,MASTER,Private,ICE,Electrico,SKL,REST,Standard,TRANSPORTER,17,Girona,"intercargirona.s,l",72434434,high,official,1
2026,07,21,RENAULT,SCENIC,Private,BEV,Electrico,UKL2,REST,Standard,MPV,28,Madrid,"autosae, s.a.u.",72405361,high,official,1
2026,07,21,RENAULT,SYMBIOZ,Private,ICE,Gasolina/Electrico,UKL1,REST,Standard,SAV,17,Girona,"automocio i serveis del nord-est, s.l.",72405085,high,official,1
2026,07,21,RENAULT,SYMBIOZ,Private,ICE,Gasolina/Electrico,UKL1,REST,Standard,SAV,33,Asturias,"leomotor asturias, s.l.",72405168,high,official,1
2026,07,21,SEAT,ARONA,Private,ICE,Gasolina,UKL1,REST,Standard,SAV,03,Alicante,miferauto,00616R,high,official,1
2026,07,21,SEAT,ARONA,Private,ICE,Gasolina,UKL1,REST,Standard,SAV,08,Barcelona,joumovil,03252D,high,official,1
2026,07,21,SEAT,ARONA,Private,ICE,Gasolina,UKL1,REST,Standard,SAV,11,Cádiz,automocion terry,0344KD,high,official,1
2026,07,21,SEAT,ARONA,Private,ICE,Gasolina,UKL1,REST,Standard,SAV,12,Castellón,auto talleres torres,00598R,medium,official,1
2026,07,21,SEAT,ARONA,Private,ICE,Gasolina,UKL1,REST,Standard,SAV,12,Castellón,m-automocion,03368D,high,official,1
2026,07,21,SEAT,ARONA,Private,ICE,Gasolina,UKL1,REST,Standard,SAV,17,Girona,proauto,00443R,medium,official,1
2026,07,21,SEAT,ARONA,Private,ICE,Gasolina,UKL1,REST,Standard,SAV,18,Granada,vigilsa,03913D,high,official,2
2026,07,21,SEAT,ARONA,Private,ICE,Gasolina,UKL1,REST,Standard,SAV,30,Murcia,gines huertas cervantes,00596R,high,official,1
2026,07,21,SEAT,ARONA,Private,ICE,Gasolina,UKL1,REST,Standard,SAV,35,Las Palmas,orvecame,00590R,high,official,1
2026,07,21,SEAT,ARONA,Private,ICE,Gasolina,UKL1,REST,Standard,SAV,46,Valencia,levante motor,00607R,high,official,1
2026,07,21,SEAT,ATECA,Private,ICE,Gasolina,UKL2,REST,Standard,SAT,08,Barcelona,ondinauto,00593R,high,official,1
2026,07,21,SEAT,ATECA,Private,ICE,Gasolina,UKL2,REST,Standard,SAT,18,Granada,vigilsa,03913D,high,official,1
2026,07,21,SEAT,ATECA,Private,ICE,Gasolina,UKL2,REST,Standard,SAT,37,Salamanca,seauto,03665D,medium,official,1
2026,07,21,SEAT,ATECA,Private,ICE,Gasolina,UKL2,REST,Standard,SAT,46,Valencia,seare,03315D,high,official,1
2026,07,21,SEAT,IBIZA,Private,ICE,Gasolina,UKL1,REST,Standard,HACH 5P,03,Alicante,hugo motor,00449R,high,official,1
2026,07,21,SEAT,IBIZA,Private,ICE,Gasolina,UKL1,REST,Standard,HACH 5P,05,Ávila,miferauto,03137D,high,official,2
2026,07,21,SEAT,IBIZA,Private,ICE,Gasolina,UKL1,REST,Standard,HACH 5P,07,Baleares,motor inca,00377R,medium,official,1
2026,07,21,SEAT,IBIZA,Private,ICE,Gasolina,UKL1,REST,Standard,HACH 5P,11,Cádiz,automocion terry,0344KD,high,official,1
2026,07,21,SEAT,IBIZA,Private,ICE,Gasolina,UKL1,REST,Standard,HACH 5P,17,Girona,proauto,00443R,high,official,1
2026,07,21,SEAT,IBIZA,Private,ICE,Gasolina,UKL1,REST,Standard,HACH 5P,18,Granada,tropiauto motril,03953D,high,official,1
2026,07,21,SEAT,IBIZA,Private,ICE,Gasolina,UKL1,REST,Standard,HACH 5P,23,Jaén,savoy,03908D,high,official,1
2026,07,21,SEAT,IBIZA,Private,ICE,Gasolina,UKL1,REST,Standard,HACH 5P,25,Lleida,dalmau motor,03263D,high,official,1
2026,07,21,SEAT,IBIZA,Private,ICE,Gasolina,UKL1,REST,Standard,HACH 5P,28,Madrid,gil automocion,00376R,high,official,1
2026,07,21,SEAT,IBIZA,Private,ICE,Gasolina,UKL1,REST,Standard,HACH 5P,28,Madrid,romacar,03144D,medium,official,1
2026,07,21,SEAT,IBIZA,Private,ICE,Gasolina,UKL1,REST,Standard,HACH 5P,29,Málaga,automoviles rueda,00567R,high,official,1
2026,07,21,SEAT,IBIZA,Private,ICE,Gasolina,UKL1,REST,Standard,HACH 5P,30,Murcia,gines huertas cervantes,00596R,high,official,1
2026,07,21,SEAT,IBIZA,Private,ICE,Gasolina,UKL1,REST,Standard,HACH 5P,31,Navarra,vian automobile,03557D,high,official,1
2026,07,21,SEAT,IBIZA,Private,ICE,Gasolina,UKL1,REST,Standard,HACH 5P,32,Ourense,copersa,03743D,medium,official,1
2026,07,21,SEAT,IBIZA,Private,ICE,Gasolina,UKL1,REST,Standard,HACH 5P,33,Asturias,besauto,03566D,medium,official,1
2026,07,21,SEAT,IBIZA,Private,ICE,Gasolina,UKL1,REST,Standard,HACH 5P,35,Las Palmas,orvecame,80120D,high,official,1
2026,07,21,SEAT,IBIZA,Private,ICE,Gasolina,UKL1,REST,Standard,HACH 5P,39,Cantabria,miguel arroyo,13560D,high,official,1
2026,07,21,SEAT,IBIZA,Private,ICE,Gasolina,UKL1,REST,Standard,HACH 5P,41,Sevilla,automocion terry,03415D,high,official,1
2026,07,21,SEAT,IBIZA,Private,ICE,Gasolina,UKL1,REST,Standard,HACH 5P,43,Tarragona,baycar,00541R,high,official,2
2026,07,21,SEAT,IBIZA,Private,ICE,Gasolina,UKL1,REST,Standard,HACH 5P,46,Valencia,miferauto,00619R,high,official,1
2026,07,21,SEAT,IBIZA,Private,ICE,Gasolina,UKL1,REST,Standard,HACH 5P,46,Valencia,seare,03315D,high,official,1
2026,07,21,SEAT,LEON,Private,ICE,Gasolina/Electrico Enchufable,UKL2,REST,Standard,HACH 5P,04,Almería,navarro segura,03930D,high,official,1
2026,07,21,SEAT,LEON,Private,ICE,Gasolina/Electrico Enchufable,UKL2,REST,Standard,HACH 5P,08,Barcelona,martorell motor,00615R,high,official,1
2026,07,21,SEAT,LEON,Private,ICE,Gasolina/Electrico Enchufable,UKL2,REST,Standard,HACH 5P,11,Cádiz,turial,0344CD,high,official,1
2026,07,21,SEAT,LEON,Private,ICE,Gasolina/Electrico Enchufable,UKL2,REST,Standard,HACH 5P,21,Huelva,huelva motor,03476D,high,official,1
2026,07,21,SEAT,LEON,Private,ICE,Gasolina/Electrico Enchufable,UKL2,REST,Standard,HACH 5P,32,Ourense,copersa,03743D,high,official,1
2026,07,21,SEAT,LEON,Private,ICE,Gasolina/Electrico Enchufable,UKL2,REST,Standard,HACH 5P,35,Las Palmas,orvecame,80120D,high,official,1
2026,07,21,SEAT,LEON,Private,ICE,Gasolina/Electrico Enchufable,UKL2,REST,Standard,HACH 5P,47,Valladolid,valladolid motor,0A611D,high,official,1
2026,07,21,TESLA,MODEL Y,Private,BEV,Electrico,KKL,FOCUS SEGMENT,Standard,SAT,03,Alicante,center alicante,TESLA CENTER ALICANTE,medium,official,1
2026,07,21,TESLA,MODEL Y,Private,BEV,Electrico,KKL,FOCUS SEGMENT,Standard,SAT,36,Pontevedra,a coruña,TESLA A CORUNA,high,official,1
2026,07,21,TESLA,MODEL Y,Private,BEV,Electrico,KKL,FOCUS SEGMENT,Standard,SAT,41,Sevilla,center sevilla,TESLA CENTER SEVILLA,high,official,1
2026,07,21,TESLA,MODEL Y,Private,BEV,Electrico,KKL,FOCUS SEGMENT,Standard,SAT,46,Valencia,center eliana,TESLA CENTER ELIANA,high,official,1
2026,07,21,TESLA,MODEL Y,Private,BEV,Electrico,KKL,FOCUS SEGMENT,Standard,SAT,46,Valencia,center valencia,TESLA CENTER VALENCIA,medium,official,1
2026,07,21,TESLA,MODEL Y,Private,BEV,Electrico,KKL,FOCUS SEGMENT,Standard,SAT,48,Bizkaia,center vizcaya iurreta,TESLA CENTER VIZCAYA IURRETA,high,official,1
2026,07,21,TOYOTA,AYGO X,Private,ICE,Gasolina/Electrico,UKL0,REST,Standard,HACH 5P,03,Alicante,"medimotors premium, s.l.",a878988b-42d6-4ed4-944e-3eb04a3c072c,high,official,1
2026,07,21,TOYOTA,AYGO X,Private,ICE,Gasolina/Electrico,UKL0,REST,Standard,HACH 5P,28,Madrid,"kobe motor, s.l.",00CD0-E9EAD-150FB-9E000-01260-3,medium,official,1
2026,07,21,TOYOTA,AYGO X,Private,ICE,Gasolina/Electrico,UKL0,REST,Standard,HACH 5P,36,Pontevedra,"breogan gallega de automoción, s.l.u.",92a5b9ce-5ca2-4cab-8eab-8104ee5fe7e7,high,official,1
2026,07,21,TOYOTA,BZ4X,Private,BEV,Electrico,UKL2,REST,Standard,SAV,11,Cádiz,"automoción tomax, s.l.",00CD0-E9EAD-16B16-27800-01260-3,high,official,1
2026,07,21,TOYOTA,BZ4X,Private,BEV,Electrico,UKL2,REST,Standard,SAV,28,Madrid,"motor arjona, s.l.",00CD0-E9EAD-18BB7-31800-01260-3,high,official,1
2026,07,21,TOYOTA,BZ4X,Private,BEV,Electrico,UKL2,REST,Standard,SAV,30,Murcia,"labasa, s.l.",00CD0-E9EAD-16F93-A4200-01260-3,high,official,1
2026,07,21,TOYOTA,C-HR,Private,BEV,Gasolina/Electrico Enchufable,UKL1,REST,Standard,SAV,28,Madrid,"motor arjona, s.l.",00CD0-E9EAD-18BB7-31800-01260-3,medium,official,1
2026,07,21,TOYOTA,C-HR,Private,BEV,Gasolina/Electrico Enchufable,UKL1,REST,Standard,SAV,31,Navarra,"euskoauto 2003, s.l.",00CD0-E9EAD-18DE6-78200-01350-3,medium,official,1
2026,07,21,TOYOTA,C-HR,Private,BEV,Gasolina/Electrico Enchufable,UKL1,REST,Standard,SAV,43,Tarragona,"autoforum tarragona, s.a.",00CD0-E9EAD-18F94-9A600-01350-3,medium,official,1
2026,07,21,TOYOTA,C-HR,Private,ICE,Gasolina/Electrico Enchufable,UKL1,REST,Standard,SAV,02,Albacete,"automoviles albacete, s.l.",00CD0-E9EAD-18033-86800-01350-3,high,official,1
2026,07,21,TOYOTA,C-HR,Private,ICE,Gasolina/Electrico Enchufable,UKL1,REST,Standard,SAV,03,Alicante,"medimotors premium, s.l.",a878988b-42d6-4ed4-944e-3eb04a3c072c,high,official,2
2026,07,21,TOYOTA,C-HR,Private,ICE,Gasolina/Electrico Enchufable,UKL1,REST,Standard,SAV,04,Almería,"alborán motor, s.l.",00CD0-E9EAD-17A44-88800-01350-3,medium,official,1
2026,07,21,TOYOTA,C-HR,Private,ICE,Gasolina/Electrico Enchufable,UKL1,REST,Standard,SAV,07,Baleares,"medimotors gestion, s.l.",00CD0-E9EAD-15E56-7AA00-01260-3,medium,official,1
2026,07,21,TOYOTA,C-HR,Private,ICE,Gasolina/Electrico Enchufable,UKL1,REST,Standard,SAV,08,Barcelona,"anoia automoció, s.l.",00CD0-E9EAD-17916-33400-01350-3,high,official,1
2026,07,21,TOYOTA,C-HR,Private,ICE,Gasolina/Electrico Enchufable,UKL1,REST,Standard,SAV,08,Barcelona,"mastertrac de automoción, s.a.",00CD0-E9EAD-14DBC-02A00-01260-3,medium,official,1
2026,07,21,TOYOTA,C-HR,Private,ICE,Gasolina/Electrico Enchufable,UKL1,REST,Standard,SAV,11,Cádiz,"automoción tomax, s.l.",00CD0-E9EAD-16B16-27800-01260-3,high,official,1
2026,07,21,TOYOTA,C-HR,Private,ICE,Gasolina/Electrico Enchufable,UKL1,REST,Standard,SAV,17,Girona,"aura motor, s.l.",00CD0-E9EAD-16556-0C000-01260-3,high,official,1
2026,07,21,TOYOTA,C-HR,Private,ICE,Gasolina/Electrico Enchufable,UKL1,REST,Standard,SAV,17,Girona,"japand 21, s.l.u.",00CD0-E9EAD-15456-BD200-01260-3,high,official,1
2026,07,21,TOYOTA,C-HR,Private,ICE,Gasolina/Electrico Enchufable,UKL1,REST,Standard,SAV,18,Granada,"gracoluc, s.l.",143fa64a-1b7d-4aa1-8da6-c3f47091237d,high,official,1
2026,07,21,TOYOTA,C-HR,Private,ICE,Gasolina/Electrico Enchufable,UKL1,REST,Standard,SAV,19,Guadalajara,"motor arjona, s.l.",00CD0-E9EAD-18BB7-31800-01260-3,high,official,1
2026,07,21,TOYOTA,C-HR,Private,ICE,Gasolina/Electrico Enchufable,UKL1,REST,Standard,SAV,20,Gipuzkoa,"euskoauto 2003, s.l.",00CD0-E9EAD-18DE6-78200-01350-3,high,official,1
2026,07,21,TOYOTA,C-HR,Private,ICE,Gasolina/Electrico Enchufable,UKL1,REST,Standard,SAV,21,Huelva,"nimo gordillo huelva, s.l.u.",00CD0-E9EAD-18294-E8400-01260-3,medium,official,1
2026,07,21,TOYOTA,C-HR,Private,ICE,Gasolina/Electrico Enchufable,UKL1,REST,Standard,SAV,23,Jaén,"lucorja, s.l.",394414cf-38c0-47de-9be8-f6e3b7a8ec9d,high,official,1
2026,07,21,TOYOTA,C-HR,Private,ICE,Gasolina/Electrico Enchufable,UKL1,REST,Standard,SAV,25,Lleida,"anoia automoció, s.l.",00CD0-E9EAD-17916-33400-01350-3,medium,official,1
2026,07,21,TOYOTA,C-HR,Private,ICE,Gasolina/Electrico Enchufable,UKL1,REST,Standard,SAV,30,Murcia,"labasa, s.l.",00CD0-E9EAD-16F93-A4200-01260-3,medium,official,1
2026,07,21,TOYOTA,C-HR,Private,ICE,Gasolina/Electrico Enchufable,UKL1,REST,Standard,SAV,36,Pontevedra,"breogan gallega de automoción, s.l.u.",92a5b9ce-5ca2-4cab-8eab-8104ee5fe7e7,high,official,1
2026,07,21,TOYOTA,C-HR,Private,ICE,Gasolina/Electrico Enchufable,UKL1,REST,Standard,SAV,46,Valencia,"sakurauto, s.a. ( valencia",00CD0-E9EAD-17E8C-24800-01350-3,high,official,1
2026,07,21,TOYOTA,C-HR,Private,ICE,Gasolina/Electrico Enchufable,UKL1,REST,Standard,SAV,46,Valencia,"sakurauto, s.a. ( valencia",00CD0-E9EAD-17E8C-24800-01350-3,medium,official,5
2026,07,21,TOYOTA,C-HR,Private,PHEV,Gasolina/Electrico Enchufable,UKL1,REST,Standard,SAV,03,Alicante,"medimotors premium, s.l.",a878988b-42d6-4ed4-944e-3eb04a3c072c,high,official,1
2026,07,21,TOYOTA,C-HR,Private,PHEV,Gasolina/Electrico Enchufable,UKL1,REST,Standard,SAV,06,Badajoz,"trevauto comercio de automoviles, s.l.",00CD0-E9EAD-164C4-3A400-01260-3,medium,official,1
2026,07,21,TOYOTA,C-HR,Private,PHEV,Gasolina/Electrico Enchufable,UKL1,REST,Standard,SAV,08,Barcelona,"automobils supra motor, s.l.",00CD0-E9EAD-16193-D3400-01260-3,high,official,1
2026,07,21,TOYOTA,C-HR,Private,PHEV,Gasolina/Electrico Enchufable,UKL1,REST,Standard,SAV,09,Burgos,"autobafer, s.l.u.",00CD0-E9EAD-16AD3-BD600-01260-3,high,official,1
2026,07,21,TOYOTA,C-HR,Private,PHEV,Gasolina/Electrico Enchufable,UKL1,REST,Standard,SAV,12,Castellón,"cobelsa, s.a.u.",00CD0-E9EAD-156C4-98C00-01260-3,high,official,1
2026,07,21,TOYOTA,C-HR,Private,PHEV,Gasolina/Electrico Enchufable,UKL1,REST,Standard,SAV,18,Granada,"gracoluc, s.l.",143fa64a-1b7d-4aa1-8da6-c3f47091237d,high,official,2
2026,07,21,TOYOTA,C-HR,Private,PHEV,Gasolina/Electrico Enchufable,UKL1,REST,Standard,SAV,19,Guadalajara,"motor arjona, s.l.",00CD0-E9EAD-18BB7-31800-01260-3,medium,official,1
2026,07,21,TOYOTA,C-HR,Private,PHEV,Gasolina/Electrico Enchufable,UKL1,REST,Standard,SAV,28,Madrid,"kobe motor, s.l.",00CD0-E9EAD-150FB-9E000-01260-3,medium,official,1
2026,07,21,TOYOTA,C-HR,Private,PHEV,Gasolina/Electrico Enchufable,UKL1,REST,Standard,SAV,30,Murcia,"labasa, s.l.",00CD0-E9EAD-16F93-A4200-01260-3,medium,official,1
2026,07,21,TOYOTA,C-HR,Private,PHEV,Gasolina/Electrico Enchufable,UKL1,REST,Standard,SAV,32,Ourense,"neumáticos navaliegos, s.a.",00CD0-E9EAD-15B0C-81600-01260-3,medium,official,1
2026,07,21,TOYOTA,C-HR,Private,PHEV,Gasolina/Electrico Enchufable,UKL1,REST,Standard,SAV,37,Salamanca,"hacha motor, s.l.",00CD0-E9EAD-15964-4DA00-01260-3,high,official,1
2026,07,21,TOYOTA,C-HR,Private,PHEV,Gasolina/Electrico Enchufable,UKL1,REST,Standard,SAV,45,Toledo,"centrocar y sierra, s.l.",00CD0-E9EAD-188C4-73400-01260-3,high,official,1
2026,07,21,TOYOTA,C-HR,Private,PHEV,Gasolina/Electrico Enchufable,UKL1,REST,Standard,SAV,46,Valencia,"sakurauto, s.a. ( valencia",00CD0-E9EAD-17E8C-24800-01350-3,medium,official,3
2026,07,21,TOYOTA,COROLLA,Private,ICE,Gasolina/Electrico,UKL2,REST,Standard,HACH 5P,01,Álava,"autocentro armentia, s.a.",00CD0-E9EAD-160D4-32E00-01260-3,high,official,2
2026,07,21,TOYOTA,COROLLA,Private,ICE,Gasolina/Electrico,UKL2,REST,Standard,HACH 5P,03,Alicante,"medimotors premium, s.l.",a878988b-42d6-4ed4-944e-3eb04a3c072c,high,official,2
2026,07,21,TOYOTA,COROLLA,Private,ICE,Gasolina/Electrico,UKL2,REST,Standard,HACH 5P,05,Ávila,"automoviles ken, s.l.",00CD0-E9EAD-18994-B5800-01260-3,high,official,1
2026,07,21,TOYOTA,COROLLA,Private,ICE,Gasolina/Electrico,UKL2,REST,Standard,HACH 5P,07,Baleares,"medimotors gestion, s.l.",00CD0-E9EAD-15E56-7AA00-01260-3,high,official,1
2026,07,21,TOYOTA,COROLLA,Private,ICE,Gasolina/Electrico,UKL2,REST,Standard,HACH 5P,09,Burgos,"autobafer, s.l.u.",00CD0-E9EAD-16AD3-BD600-01260-3,high,official,2
2026,07,21,TOYOTA,COROLLA,Private,ICE,Gasolina/Electrico,UKL2,REST,Standard,HACH 5P,10,Cáceres,"novomotor cáceres, s.l.",f3c0b6dd-edfa-4827-a786-cb70a4dae216,high,official,1
2026,07,21,TOYOTA,COROLLA,Private,ICE,Gasolina/Electrico,UKL2,REST,Standard,HACH 5P,11,Cádiz,"automoción tomax, s.l.",00CD0-E9EAD-16B16-27800-01260-3,high,official,2
2026,07,21,TOYOTA,COROLLA,Private,ICE,Gasolina/Electrico,UKL2,REST,Standard,HACH 5P,11,Cádiz,"nimauto, s.l.",077e975a-e3f0-4020-8e48-a3870598ab6a,medium,official,1
2026,07,21,TOYOTA,COROLLA,Private,ICE,Gasolina/Electrico,UKL2,REST,Standard,HACH 5P,14,Córdoba,"comluve, s.l.",00CD0-E9EAD-17299-BA800-01260-3,medium,official,3
2026,07,21,TOYOTA,COROLLA,Private,ICE,Gasolina/Electrico,UKL2,REST,Standard,HACH 5P,15,A Coruña,"breogan motor, s.l.u.",00CD0-E9EAD-18BF8-08400-01260-3,high,official,1
2026,07,21,TOYOTA,COROLLA,Private,ICE,Gasolina/Electrico,UKL2,REST,Standard,HACH 5P,15,A Coruña,"breogan motor, s.l.u.",00CD0-E9EAD-18BF8-08400-01260-3,medium,official,1
2026,07,21,TOYOTA,COROLLA,Private,ICE,Gasolina/Electrico,UKL2,REST,Standard,HACH 5P,18,Granada,"gracoluc, s.l.",143fa64a-1b7d-4aa1-8da6-c3f47091237d,high,official,1
2026,07,21,TOYOTA,COROLLA,Private,ICE,Gasolina/Electrico,UKL2,REST,Standard,HACH 5P,18,Granada,"yokamotril, s.l.",00CD0-E9EAD-15F96-30200-01260-3,high,official,1
2026,07,21,TOYOTA,COROLLA,Private,ICE,Gasolina/Electrico,UKL2,REST,Standard,HACH 5P,27,Lugo,"cibrao motor, s.l. ( ourense",00CD0-E9EAD-14FE4-96200-01260-3,high,official,1
2026,07,21,TOYOTA,COROLLA,Private,ICE,Gasolina/Electrico,UKL2,REST,Standard,HACH 5P,28,Madrid,"motor arjona, s.l.",00CD0-E9EAD-18BB7-31800-01260-3,high,official,1
2026,07,21,TOYOTA,COROLLA,Private,ICE,Gasolina/Electrico,UKL2,REST,Standard,HACH 5P,29,Málaga,"automoción tomax, s.l.",00CD0-E9EAD-16B16-27800-01260-3,high,official,1
2026,07,21,TOYOTA,COROLLA,Private,ICE,Gasolina/Electrico,UKL2,REST,Standard,HACH 5P,29,Málaga,"cumaca motor, s.l.",00CD0-E9EAD-14F87-B1600-01260-3,high,official,1
2026,07,21,TOYOTA,COROLLA,Private,ICE,Gasolina/Electrico,UKL2,REST,Standard,HACH 5P,29,Málaga,"cumaca motor, s.l.",00CD0-E9EAD-14F87-B1600-01260-3,medium,official,2
2026,07,21,TOYOTA,COROLLA,Private,ICE,Gasolina/Electrico,UKL2,REST,Standard,HACH 5P,29,Málaga,"yokamotril, s.l.",00CD0-E9EAD-15F96-30200-01260-3,high,official,1
2026,07,21,TOYOTA,COROLLA,Private,ICE,Gasolina/Electrico,UKL2,REST,Standard,HACH 5P,33,Asturias,"asturhibrido, s.l.",d4d885fe-4b49-4f91-919c-24338f20c7b0,high,official,2
2026,07,21,TOYOTA,COROLLA,Private,ICE,Gasolina/Electrico,UKL2,REST,Standard,HACH 5P,36,Pontevedra,"breogan gallega de automoción, s.l.u.",92a5b9ce-5ca2-4cab-8eab-8104ee5fe7e7,high,official,1
2026,07,21,TOYOTA,COROLLA,Private,ICE,Gasolina/Electrico,UKL2,REST,Standard,HACH 5P,36,Pontevedra,"compostela movil, s.a.u.",00CD0-E9EAD-16769-B9600-01260-3,medium,official,1
2026,07,21,TOYOTA,COROLLA,Private,ICE,Gasolina/Electrico,UKL2,REST,Standard,HACH 5P,41,Sevilla,"nimauto, s.l.",077e975a-e3f0-4020-8e48-a3870598ab6a,high,official,1
2026,07,21,TOYOTA,COROLLA,Private,ICE,Gasolina/Electrico,UKL2,REST,Standard,HACH 5P,43,Tarragona,"autoforum tarragona, s.a.",00CD0-E9EAD-18F94-9A600-01350-3,medium,official,1
2026,07,21,TOYOTA,COROLLA,Private,ICE,Gasolina/Electrico,UKL2,REST,Standard,HACH 5P,46,Valencia,"sakurauto, s.a. ( valencia",00CD0-E9EAD-17E8C-24800-01350-3,medium,official,1
2026,07,21,TOYOTA,COROLLA,Private,ICE,Gasolina/Electrico,UKL2,REST,Standard,HACH 5P,48,Bizkaia,"japan car, s.a.",00CD0-E9EAD-179F3-C6A00-01350-3,medium,official,1
2026,07,21,TOYOTA,COROLLA,Private,ICE,Gasolina/Electrico,UKL2,REST,Standard,HACH 5P,50,Zaragoza,"artal vehículos zaragoza, s.l. (artal",6dafa392-8e69-4220-b295-9cb8ffbe3936,medium,official,1
2026,07,21,TOYOTA,HI LUX,Private,ICE,Electrico,SKL,REST,Standard,PICKUP,14,Córdoba,"comluve, s.l.",00CD0-E9EAD-17299-BA800-01260-3,medium,official,1
2026,07,21,TOYOTA,LAND CRUISER,Private,ICE,Diesel Mild Hybrid,GKL,REST,Standard,SUV,17,Girona,"japand 21, s.l.u.",00CD0-E9EAD-15456-BD200-01260-3,high,official,1
2026,07,21,TOYOTA,LAND CRUISER,Private,ICE,Diesel Mild Hybrid,GKL,REST,Standard,SUV,29,Málaga,"automoción tomax, s.l.",00CD0-E9EAD-16B16-27800-01260-3,high,official,1
2026,07,21,TOYOTA,LAND CRUISER,Private,ICE,Diesel Mild Hybrid,GKL,REST,Standard,SUV,31,Navarra,"tauro motor car, s.l.",00CD0-E9EAD-1830A-FE000-01260-3,medium,official,1
2026,07,21,TOYOTA,PROACE VERSO,Private,BEV,Gasolina,SKL,REST,Standard,TRANSPORTER,02,Albacete,"automoviles albacete, s.l.",00CD0-E9EAD-18033-86800-01350-3,high,official,1
2026,07,21,TOYOTA,PROACE VERSO,Private,ICE,Gasolina,SKL,REST,Standard,TRANSPORTER,08,Barcelona,"casacuberta automobils, s.l.",00CD0-E9EAD-16A53-76A00-01260-3,high,official,1
2026,07,21,TOYOTA,PROACE VERSO,Private,ICE,Gasolina,SKL,REST,Standard,TRANSPORTER,29,Málaga,"cumaca motor, s.l.",00CD0-E9EAD-14F87-B1600-01260-3,medium,official,2
2026,07,21,TOYOTA,RAV 4,Private,ICE,Gasolina/Electrico Enchufable,UKL2,REST,Standard,SAV,28,Madrid,"motor arjona, s.l.",00CD0-E9EAD-18BB7-31800-01260-3,high,official,1
2026,07,21,TOYOTA,RAV 4,Private,ICE,Gasolina/Electrico Enchufable,UKL2,REST,Standard,SAV,51,Ceuta,"parque ceutí del automóvil, s.l.",00CD0-E9EAD-18104-D1400-01350-3,high,official,1
2026,07,21,TOYOTA,RAV 4,Private,PHEV,Gasolina/Electrico Enchufable,UKL2,REST,Standard,SAV,02,Albacete,"automoviles albacete, s.l.",00CD0-E9EAD-18033-86800-01350-3,high,official,1
2026,07,21,TOYOTA,RAV 4,Private,PHEV,Gasolina/Electrico Enchufable,UKL2,REST,Standard,SAV,06,Badajoz,"trevauto comercio de automoviles, s.l.",00CD0-E9EAD-164C4-3A400-01260-3,high,official,2
2026,07,21,TOYOTA,RAV 4,Private,PHEV,Gasolina/Electrico Enchufable,UKL2,REST,Standard,SAV,11,Cádiz,"automoción tomax, s.l.",00CD0-E9EAD-16B16-27800-01260-3,high,official,1
2026,07,21,TOYOTA,RAV 4,Private,PHEV,Gasolina/Electrico Enchufable,UKL2,REST,Standard,SAV,15,A Coruña,"breogan motor, s.l.u.",00CD0-E9EAD-18BF8-08400-01260-3,high,official,1
2026,07,21,TOYOTA,RAV 4,Private,PHEV,Gasolina/Electrico Enchufable,UKL2,REST,Standard,SAV,17,Girona,"japand 21, s.l.u.",00CD0-E9EAD-15456-BD200-01260-3,high,official,1
2026,07,21,TOYOTA,RAV 4,Private,PHEV,Gasolina/Electrico Enchufable,UKL2,REST,Standard,SAV,18,Granada,"gracoluc, s.l.",143fa64a-1b7d-4aa1-8da6-c3f47091237d,high,official,1
2026,07,21,TOYOTA,RAV 4,Private,PHEV,Gasolina/Electrico Enchufable,UKL2,REST,Standard,SAV,19,Guadalajara,"motor arjona, s.l.",00CD0-E9EAD-18BB7-31800-01260-3,medium,official,1
2026,07,21,TOYOTA,RAV 4,Private,PHEV,Gasolina/Electrico Enchufable,UKL2,REST,Standard,SAV,20,Gipuzkoa,"euskoauto 2003, s.l.",00CD0-E9EAD-18DE6-78200-01350-3,high,official,1
2026,07,21,TOYOTA,RAV 4,Private,PHEV,Gasolina/Electrico Enchufable,UKL2,REST,Standard,SAV,28,Madrid,"kobe motor, s.l.",00CD0-E9EAD-150FB-9E000-01260-3,medium,official,3
2026,07,21,TOYOTA,RAV 4,Private,PHEV,Gasolina/Electrico Enchufable,UKL2,REST,Standard,SAV,29,Málaga,"cumaca motor, s.l.",00CD0-E9EAD-14F87-B1600-01260-3,medium,official,1
2026,07,21,TOYOTA,RAV 4,Private,PHEV,Gasolina/Electrico Enchufable,UKL2,REST,Standard,SAV,33,Asturias,"asturhibrido, s.l.",d4d885fe-4b49-4f91-919c-24338f20c7b0,high,official,1
2026,07,21,TOYOTA,RAV 4,Private,PHEV,Gasolina/Electrico Enchufable,UKL2,REST,Standard,SAV,33,Asturias,"asturhibrido, s.l.",d4d885fe-4b49-4f91-919c-24338f20c7b0,medium,official,1
2026,07,21,TOYOTA,RAV 4,Private,PHEV,Gasolina/Electrico Enchufable,UKL2,REST,Standard,SAV,37,Salamanca,"hacha motor, s.l.",00CD0-E9EAD-15964-4DA00-01260-3,high,official,1
2026,07,21,TOYOTA,RAV 4,Private,PHEV,Gasolina/Electrico Enchufable,UKL2,REST,Standard,SAV,41,Sevilla,"nimauto, s.l.",077e975a-e3f0-4020-8e48-a3870598ab6a,high,official,1
2026,07,21,TOYOTA,YARIS,Private,ICE,Gasolina/Electrico,UKL1,REST,Standard,HACH 5P,03,Alicante,"medimotors premium, s.l.",a878988b-42d6-4ed4-944e-3eb04a3c072c,high,official,1
2026,07,21,TOYOTA,YARIS,Private,ICE,Gasolina/Electrico,UKL1,REST,Standard,HACH 5P,06,Badajoz,"autos la serena, s.l.",00CD0-E9EAD-18DA5-80800-01350-3,high,official,1
2026,07,21,TOYOTA,YARIS,Private,ICE,Gasolina/Electrico,UKL1,REST,Standard,HACH 5P,06,Badajoz,"trevauto comercio de automoviles, s.l.",00CD0-E9EAD-164C4-3A400-01260-3,high,official,1
2026,07,21,TOYOTA,YARIS,Private,ICE,Gasolina/Electrico,UKL1,REST,Standard,HACH 5P,07,Baleares,"medimotors gestion, s.l.",00CD0-E9EAD-15E56-7AA00-01260-3,high,official,2
2026,07,21,TOYOTA,YARIS,Private,ICE,Gasolina/Electrico,UKL1,REST,Standard,HACH 5P,08,Barcelona,"automobils supra motor, s.l.",00CD0-E9EAD-16193-D3400-01260-3,medium,official,1
2026,07,21,TOYOTA,YARIS,Private,ICE,Gasolina/Electrico,UKL1,REST,Standard,HACH 5P,11,Cádiz,"gamo bahía, s.l.",00CD0-E9EAD-16C73-C8000-01260-3,high,official,1
2026,07,21,TOYOTA,YARIS,Private,ICE,Gasolina/Electrico,UKL1,REST,Standard,HACH 5P,13,Ciudad Real,"tresa motor, s.l.u. ( ciudad real",00CD0-E9EAD-18546-B1400-01260-3,medium,official,1
2026,07,21,TOYOTA,YARIS,Private,ICE,Gasolina/Electrico,UKL1,REST,Standard,HACH 5P,17,Girona,"japand 21, s.l.u.",00CD0-E9EAD-15456-BD200-01260-3,medium,official,1
2026,07,21,TOYOTA,YARIS,Private,ICE,Gasolina/Electrico,UKL1,REST,Standard,HACH 5P,25,Lleida,"naymotor, s.l.",00CD0-E9EAD-17B94-8AA00-01350-3,high,official,1
2026,07,21,TOYOTA,YARIS,Private,ICE,Gasolina/Electrico,UKL1,REST,Standard,HACH 5P,27,Lugo,"breogan motor, s.l.u.",00CD0-E9EAD-18BF8-08400-01260-3,high,official,1
2026,07,21,TOYOTA,YARIS,Private,ICE,Gasolina/Electrico,UKL1,REST,Standard,HACH 5P,28,Madrid,"kobe motor, s.l.",00CD0-E9EAD-150FB-9E000-01260-3,medium,official,1
2026,07,21,TOYOTA,YARIS,Private,ICE,Gasolina/Electrico,UKL1,REST,Standard,HACH 5P,33,Asturias,"asturhibrido, s.l.",d4d885fe-4b49-4f91-919c-24338f20c7b0,high,official,1
2026,07,21,TOYOTA,YARIS,Private,ICE,Gasolina/Electrico,UKL1,REST,Standard,HACH 5P,39,Cantabria,"japan car, s.a.",00CD0-E9EAD-179F3-C6A00-01350-3,medium,official,1
2026,07,21,TOYOTA,YARIS,Private,ICE,Gasolina/Electrico,UKL1,REST,Standard,HACH 5P,39,Cantabria,"megamotor, s.l.",00CD0-E9EAD-159D4-3CC00-01260-3,high,official,1
2026,07,21,TOYOTA,YARIS,Private,ICE,Gasolina/Electrico,UKL1,REST,Standard,HACH 5P,43,Tarragona,"autoforum tarragona, s.a.",00CD0-E9EAD-18F94-9A600-01350-3,medium,official,1
2026,07,21,TOYOTA,YARIS,Private,ICE,Gasolina/Electrico,UKL1,REST,Standard,HACH 5P,46,Valencia,"sakurauto, s.a. ( valencia",00CD0-E9EAD-17E8C-24800-01350-3,high,official,1
2026,07,21,TOYOTA,YARIS,Private,ICE,Gasolina/Electrico,UKL1,REST,Standard,HACH 5P,48,Bizkaia,"japan car, s.a.",00CD0-E9EAD-179F3-C6A00-01350-3,medium,official,1
2026,07,21,TOYOTA,YARIS CROSS,Private,ICE,Gasolina/Electrico,UKL1,REST,Standard,SAV,02,Albacete,"automoviles albacete, s.l.",00CD0-E9EAD-18033-86800-01350-3,high,official,1
2026,07,21,TOYOTA,YARIS CROSS,Private,ICE,Gasolina/Electrico,UKL1,REST,Standard,SAV,03,Alicante,"medimotors premium, s.l.",a878988b-42d6-4ed4-944e-3eb04a3c072c,high,official,1
2026,07,21,TOYOTA,YARIS CROSS,Private,ICE,Gasolina/Electrico,UKL1,REST,Standard,SAV,04,Almería,"alborán motor, s.l.",00CD0-E9EAD-17A44-88800-01350-3,medium,official,1
2026,07,21,TOYOTA,YARIS CROSS,Private,ICE,Gasolina/Electrico,UKL1,REST,Standard,SAV,07,Baleares,"medimotors gestion, s.l.",00CD0-E9EAD-15E56-7AA00-01260-3,high,official,1
2026,07,21,TOYOTA,YARIS CROSS,Private,ICE,Gasolina/Electrico,UKL1,REST,Standard,SAV,08,Barcelona,"automobils supra motor, s.l.",00CD0-E9EAD-16193-D3400-01260-3,high,official,2
2026,07,21,TOYOTA,YARIS CROSS,Private,ICE,Gasolina/Electrico,UKL1,REST,Standard,SAV,08,Barcelona,"marescar motor, s.l.",00CD0-E9EAD-17894-15A00-01350-3,high,official,1
2026,07,21,TOYOTA,YARIS CROSS,Private,ICE,Gasolina/Electrico,UKL1,REST,Standard,SAV,08,Barcelona,"tallers ballús, s.l.",00CD0-E9EAD-18750-E0E00-01260-3,medium,official,1
2026,07,21,TOYOTA,YARIS CROSS,Private,ICE,Gasolina/Electrico,UKL1,REST,Standard,SAV,08,Barcelona,"teams motor, s.a.",a3a3da07-e6ba-49b4-b4f6-79180c19630c,medium,official,4
2026,07,21,TOYOTA,YARIS CROSS,Private,ICE,Gasolina/Electrico,UKL1,REST,Standard,SAV,09,Burgos,"autobafer, s.l.u.",00CD0-E9EAD-16AD3-BD600-01260-3,high,official,1
2026,07,21,TOYOTA,YARIS CROSS,Private,ICE,Gasolina/Electrico,UKL1,REST,Standard,SAV,11,Cádiz,"automoción tomax, s.l.",00CD0-E9EAD-16B16-27800-01260-3,high,official,1
2026,07,21,TOYOTA,YARIS CROSS,Private,ICE,Gasolina/Electrico,UKL1,REST,Standard,SAV,12,Castellón,"cobelsa, s.a.u.",00CD0-E9EAD-156C4-98C00-01260-3,high,official,2
2026,07,21,TOYOTA,YARIS CROSS,Private,ICE,Gasolina/Electrico,UKL1,REST,Standard,SAV,15,A Coruña,"breogan motor, s.l.u.",00CD0-E9EAD-18BF8-08400-01260-3,medium,official,1
2026,07,21,TOYOTA,YARIS CROSS,Private,ICE,Gasolina/Electrico,UKL1,REST,Standard,SAV,15,A Coruña,"compostela movil, s.a.u.",00CD0-E9EAD-16769-B9600-01260-3,high,official,1
2026,07,21,TOYOTA,YARIS CROSS,Private,ICE,Gasolina/Electrico,UKL1,REST,Standard,SAV,16,Cuenca,"rimauto nipón, s.l.u.",00CD0-E9EAD-15B48-2CE00-01260-3,medium,official,1
2026,07,21,TOYOTA,YARIS CROSS,Private,ICE,Gasolina/Electrico,UKL1,REST,Standard,SAV,17,Girona,"japand 21, s.l.u.",00CD0-E9EAD-15456-BD200-01260-3,high,official,1
2026,07,21,TOYOTA,YARIS CROSS,Private,ICE,Gasolina/Electrico,UKL1,REST,Standard,SAV,17,Girona,"noumovil, s.l.",00CE7-64D32-9030A-55600-01220-3,high,official,1
2026,07,21,TOYOTA,YARIS CROSS,Private,ICE,Gasolina/Electrico,UKL1,REST,Standard,SAV,18,Granada,"gracoluc, s.l.",143fa64a-1b7d-4aa1-8da6-c3f47091237d,high,official,3
2026,07,21,TOYOTA,YARIS CROSS,Private,ICE,Gasolina/Electrico,UKL1,REST,Standard,SAV,18,Granada,"yokamotril, s.l.",00CD0-E9EAD-15F96-30200-01260-3,high,official,1
2026,07,21,TOYOTA,YARIS CROSS,Private,ICE,Gasolina/Electrico,UKL1,REST,Standard,SAV,19,Guadalajara,"motor arjona, s.l.",00CD0-E9EAD-18BB7-31800-01260-3,high,official,2
2026,07,21,TOYOTA,YARIS CROSS,Private,ICE,Gasolina/Electrico,UKL1,REST,Standard,SAV,20,Gipuzkoa,"euskoauto 2003, s.l.",00CD0-E9EAD-18DE6-78200-01350-3,high,official,1
2026,07,21,TOYOTA,YARIS CROSS,Private,ICE,Gasolina/Electrico,UKL1,REST,Standard,SAV,25,Lleida,"naymotor, s.l.",00CD0-E9EAD-17B94-8AA00-01350-3,high,official,1
2026,07,21,TOYOTA,YARIS CROSS,Private,ICE,Gasolina/Electrico,UKL1,REST,Standard,SAV,26,La Rioja,"japoauto, s.l.",00CD0-E9EAD-187E0-91400-01260-3,medium,official,1
2026,07,21,TOYOTA,YARIS CROSS,Private,ICE,Gasolina/Electrico,UKL1,REST,Standard,SAV,28,Madrid,"kobe motor, s.l.",00CD0-E9EAD-150FB-9E000-01260-3,medium,official,1
2026,07,21,TOYOTA,YARIS CROSS,Private,ICE,Gasolina/Electrico,UKL1,REST,Standard,SAV,28,Madrid,"motor arjona, s.l.",00CD0-E9EAD-18BB7-31800-01260-3,high,official,1
2026,07,21,TOYOTA,YARIS CROSS,Private,ICE,Gasolina/Electrico,UKL1,REST,Standard,SAV,28,Madrid,"motor arjona, s.l.",00CD0-E9EAD-18BB7-31800-01260-3,medium,official,1
2026,07,21,TOYOTA,YARIS CROSS,Private,ICE,Gasolina/Electrico,UKL1,REST,Standard,SAV,29,Málaga,"cumaca motor, s.l.",00CD0-E9EAD-14F87-B1600-01260-3,high,official,1
2026,07,21,TOYOTA,YARIS CROSS,Private,ICE,Gasolina/Electrico,UKL1,REST,Standard,SAV,30,Murcia,"labasa, s.l.",00CD0-E9EAD-16F93-A4200-01260-3,medium,official,2
2026,07,21,TOYOTA,YARIS CROSS,Private,ICE,Gasolina/Electrico,UKL1,REST,Standard,SAV,32,Ourense,"cibrao motor, s.l. ( ourense",00CD0-E9EAD-14FE4-96200-01260-3,high,official,1
2026,07,21,TOYOTA,YARIS CROSS,Private,ICE,Gasolina/Electrico,UKL1,REST,Standard,SAV,34,Palencia,"hybrid car, s.a.",00CD0-E9EAD-18153-C3C00-01350-3,high,official,1
2026,07,21,TOYOTA,YARIS CROSS,Private,ICE,Gasolina/Electrico,UKL1,REST,Standard,SAV,37,Salamanca,"hacha motor, s.l.",00CD0-E9EAD-15964-4DA00-01260-3,high,official,1
2026,07,21,TOYOTA,YARIS CROSS,Private,ICE,Gasolina/Electrico,UKL1,REST,Standard,SAV,41,Sevilla,"nimo gordillo automóviles, s.a.",dc647751-4a25-4a32-a6b1-29624611289f,medium,official,1
2026,07,21,TOYOTA,YARIS CROSS,Private,ICE,Gasolina/Electrico,UKL1,REST,Standard,SAV,43,Tarragona,"autoforum tarragona, s.a.",00CD0-E9EAD-18F94-9A600-01350-3,high,official,1
2026,07,21,TOYOTA,YARIS CROSS,Private,ICE,Gasolina/Electrico,UKL1,REST,Standard,SAV,45,Toledo,"centrocar y sierra, s.l.",00CD0-E9EAD-188C4-73400-01260-3,high,official,1
2026,07,21,TOYOTA,YARIS CROSS,Private,ICE,Gasolina/Electrico,UKL1,REST,Standard,SAV,46,Valencia,"sakurauto, s.a. ( valencia",00CD0-E9EAD-17E8C-24800-01350-3,medium,official,2
2026,07,21,TOYOTA,YARIS CROSS,Private,ICE,Gasolina/Electrico,UKL1,REST,Standard,SAV,48,Bizkaia,"japan car, s.a.",00CD0-E9EAD-179F3-C6A00-01350-3,high,official,1
2026,07,21,TOYOTA,YARIS CROSS,Private,ICE,Gasolina/Electrico,UKL1,REST,Standard,SAV,48,Bizkaia,"japan car, s.a.",00CD0-E9EAD-179F3-C6A00-01350-3,medium,official,1
2026,07,21,TOYOTA,YARIS CROSS,Private,ICE,Gasolina/Electrico,UKL1,REST,Standard,SAV,50,Zaragoza,"artal vehículos zaragoza, s.l. (artal",6dafa392-8e69-4220-b295-9cb8ffbe3936,medium,official,1
2026,07,21,VOLVO,EX30,Private,BEV,Electrico,UKL1,FOCUS SEGMENT,Standard,SAV,12,Castellón,vedat valencia,VEDAT VALENCIA,high,official,1
2026,07,21,VOLVO,EX30,Private,BEV,Electrico,UKL1,FOCUS SEGMENT,Standard,SAV,28,Madrid,auto elia,AUTO ELIA,high,official,1
2026,07,21,VOLVO,EX30,Private,BEV,Electrico,UKL1,FOCUS SEGMENT,Standard,SAV,45,Toledo,viñarás premium,VINARAS PREMIUM,high,official,1
2026,07,21,VOLVO,EX30,Private,BEV,Electrico,UKL1,FOCUS SEGMENT,Standard,SAV,45,Toledo,viñarás premium,VINARAS PREMIUM,medium,official,1
2026,07,21,VOLVO,XC40,Private,ICE,Gasolina Mild Hybrid,UKL2,FOCUS SEGMENT,Standard,SAV,06,Badajoz,mavensa,MAVENSA,high,official,1
2026,07,21,VOLVO,XC40,Private,ICE,Gasolina Mild Hybrid,UKL2,FOCUS SEGMENT,Standard,SAV,20,Gipuzkoa,auto e. arregui,AUTO E ARREGUI,medium,official,1
2026,07,21,VOLVO,XC40,Private,ICE,Gasolina Mild Hybrid,UKL2,FOCUS SEGMENT,Standard,SAV,20,Gipuzkoa,auto suecia,AUTO SUECIA,high,official,1
2026,07,21,VOLVO,XC40,Private,ICE,Gasolina Mild Hybrid,UKL2,FOCUS SEGMENT,Standard,SAV,21,Huelva,codimotor,CODIMOTOR,high,official,1
2026,07,21,VOLVO,XC40,Private,ICE,Gasolina Mild Hybrid,UKL2,FOCUS SEGMENT,Standard,SAV,21,Huelva,codimotor,CODIMOTOR,medium,official,1
2026,07,21,VOLVO,XC40,Private,ICE,Gasolina Mild Hybrid,UKL2,FOCUS SEGMENT,Standard,SAV,22,Huesca,llemosa,LLEMOSA,medium,official,1
2026,07,21,VOLVO,XC40,Private,ICE,Gasolina Mild Hybrid,UKL2,FOCUS SEGMENT,Standard,SAV,35,Las Palmas,orvecame,ORVECAME,high,official,1
2026,07,21,VOLVO,XC40,Private,ICE,Gasolina Mild Hybrid,UKL2,FOCUS SEGMENT,Standard,SAV,38,S.C. Tenerife,orvecame,ORVECAME,medium,official,1
2026,07,21,VOLVO,XC40,Private,ICE,Gasolina Mild Hybrid,UKL2,FOCUS SEGMENT,Standard,SAV,48,Bizkaia,carwagen,CARWAGEN,high,official,1
2026,07,21,VOLVO,XC60,Private,ICE,Gasolina/Electrico Enchufable,KKL,FOCUS SEGMENT,Standard,SAV,11,Cádiz,surauto,SURAUTO,high,official,1
2026,07,21,VOLVO,XC60,Private,ICE,Gasolina/Electrico Enchufable,KKL,FOCUS SEGMENT,Standard,SAV,17,Girona,motorcat premium,MOTORCAT PREMIUM,medium,official,1
2026,07,21,VOLVO,XC60,Private,ICE,Gasolina/Electrico Enchufable,KKL,FOCUS SEGMENT,Standard,SAV,20,Gipuzkoa,auto suecia,AUTO SUECIA,high,official,1
2026,07,21,VOLVO,XC60,Private,ICE,Gasolina/Electrico Enchufable,KKL,FOCUS SEGMENT,Standard,SAV,34,Palencia,palausa,PALAUSA,high,official,1
2026,07,21,VOLVO,XC60,Private,ICE,Gasolina/Electrico Enchufable,KKL,FOCUS SEGMENT,Standard,SAV,37,Salamanca,merenauto,MERENAUTO,high,official,1
2026,07,21,VOLVO,XC60,Private,ICE,Gasolina/Electrico Enchufable,KKL,FOCUS SEGMENT,Standard,SAV,45,Toledo,viñarás premium,VINARAS PREMIUM,high,official,1
