marca,canal,old_dgt,new_dgt,simmix,old_delta,new_delta,delta_change
3 CARROCEROS,Corporate,0,351,0,0,351,351
3 CARROCEROS,Private,0,31,0,0,31,31
3 CARROCEROS,RAC,0,39,0,0,39,39
A.A. AIRBUS,Corporate,0,107,0,0,107,107
A.A. AIRBUS,Private,0,1,0,0,1,1
A.A. AIRBUS,RAC,0,190,0,0,190,190
A.E.M SCOUT,Private,0,1,0,0,1,1
A.R. PICHEL SA,Corporate,0,1,0,0,1,1
A.R. PICHEL SA,Private,0,2,0,0,2,2
ABARTH,Corporate,0,51,248,-248,-197,51
ABARTH,Private,0,55,233,-233,-178,55
ABARTH,RAC,0,0,160,-160,-160,0
ACROSS,Corporate,0,1,0,0,1,1
ACROSS,Private,0,18,0,0,18,18
ACROSS,RAC,0,19,0,0,19,19
ACTIVITY,Corporate,0,4,0,0,4,4
ACTIVITY,Private,0,3,0,0,3,3
ACTIVITY,RAC,0,12,0,0,12,12
ACURA,Corporate,0,10,0,0,10,10
ACURA,Private,0,1,0,0,1,1
ADDAX MOTORS,Corporate,0,1,0,0,1,1
ADRIA,Corporate,0,47,0,0,47,47
ADRIA,Private,0,640,0,0,640,640
ADRIA,RAC,0,153,0,0,153,153
ADRIA MOBIL,Private,0,2,0,0,2,2
AEON,RAC,0,2,0,0,2,2
AGUINAGA,Corporate,0,40,0,0,40,40
AGUINAGA,Private,0,2,0,0,2,2
AIWAYS,Corporate,0,76,76,-76,0,76
AIWAYS,Private,0,8,8,-8,0,8
AIWAYS,RAC,0,0,0,0,0,0
ALBA,RAC,0,1,0,0,1,1
ALFA ROMEO,Corporate,5227,5438,5439,-212,-1,211
ALFA ROMEO,Private,947,736,924,23,-188,-211
ALFA ROMEO,RAC,3030,3030,2836,194,194,0
ALFABUS,Corporate,0,35,0,0,35,35
ALFABUS,RAC,0,10,0,0,10,10
ALFOZ,Corporate,0,21,0,0,21,21
ALFOZ,Private,0,2,0,0,2,2
ALFOZ,RAC,0,1,0,0,1,1
ALKE,Corporate,0,0,23,-23,-23,0
ALKE,Private,0,0,0,0,0,0
ALKE,RAC,0,0,1,-1,-1,0
ALKE',Corporate,0,12,0,0,12,12
ALKE',RAC,0,1,0,0,1,1
ALLIED,Corporate,0,1,0,0,1,1
ALLIED VEHICLES LTD,Corporate,0,24,0,0,24,24
ALLIED VEHICLES LTD,Private,0,73,0,0,73,73
ALLIED VEHICLES LTD,RAC,0,1,0,0,1,1
ALMANSA,Corporate,0,4,0,0,4,4
ALMANSA,Private,0,2,0,0,2,2
ALMANSA,RAC,0,1,0,0,1,1
ALONSO,Corporate,0,2,0,0,2,2
ALONSO,Private,0,1,0,0,1,1
ALPINA,Corporate,0,1,0,0,1,1
ALPINA,Private,0,1,0,0,1,1
ALPINE,Corporate,0,306,295,-295,11,306
ALPINE,Private,0,227,212,-212,15,227
ALPINE,RAC,0,18,18,-18,0,18
ALQUIBER QUALITY,Corporate,0,377,0,0,377,377
ALQUIBER QUALITY,RAC,0,60,0,0,60,60
"ALQUIBER QUALITY, S.A.",Corporate,0,183,0,0,183,183
"ALQUIBER QUALITY, S.A.",Private,0,1,0,0,1,1
"ALQUIBER QUALITY, S.A.",RAC,0,171,0,0,171,171
ALTAS AUTO,Corporate,0,7,0,0,7,7
AMELINE,Corporate,0,29,0,0,29,29
AMELINE,Private,0,6,0,0,6,6
AMELINE,RAC,0,2,0,0,2,2
ANGEL BRUGUERA FONT,Corporate,0,8,0,0,8,8
ANTOLI,Corporate,0,15,0,0,15,15
ANTONIO CARRARO,Private,0,1,0,0,1,1
ANTONIO JURADO GONZALEZ,Corporate,0,26,0,0,26,26
ANTONIO JURADO GONZALEZ,Private,0,1,0,0,1,1
API CZ,Private,0,1,0,0,1,1
ARASUR,Private,0,2,0,0,2,2
ARB ARBUCIES,Corporate,0,6,0,0,6,6
ARB ARBUCIES,Private,0,6,0,0,6,6
ARCADIA,RAC,0,1,0,0,1,1
ARCFOX,Corporate,0,2,2,-2,0,2
ARCFOX,Private,0,0,0,0,0,0
ARCFOX,RAC,0,0,0,0,0,0
ARES,Corporate,0,118,0,0,118,118
ARGO,Corporate,0,2,0,0,2,2
ARGO,Private,0,2,0,0,2,2
ASTIKAR,Corporate,0,2,0,0,2,2
ASTIZ,Corporate,0,2,0,0,2,2
ASTON MARTIN,Corporate,0,101,97,-97,4,101
ASTON MARTIN,Private,0,69,62,-62,7,69
ASTON MARTIN,RAC,0,8,9,-9,-1,8
ATALAYA,Corporate,0,10,0,0,10,10
ATALAYA,RAC,0,50,0,0,50,50
ATIS,Corporate,0,5,0,0,5,5
ATL,Corporate,0,3,0,0,3,3
ATM,Corporate,0,4,0,0,4,4
ATM,Private,0,2,0,0,2,2
ATZ,Corporate,0,1,0,0,1,1
ATZ,Private,0,1,0,0,1,1
AUCAR-TRAILER,Private,0,2,0,0,2,2
AUDI,Corporate,63610,61261,61259,2351,2,-2349
AUDI,Private,35818,34700,35549,269,-849,-1118
AUDI,RAC,21442,24909,24003,-2561,906,3467
AUSA,Corporate,0,5,0,0,5,5
AUTAL,Corporate,0,21,0,0,21,21
AUTAL,Private,0,2,0,0,2,2
AUTOBALERMA,Corporate,0,1,0,0,1,1
AUTOBALERMA,RAC,0,1,0,0,1,1
AUTOMOBILES PEUGEOT,Corporate,0,1,0,0,1,1
AUTOMOBILES PEUGEOT,Private,0,8,0,0,8,8
AUTOMOBILES PEUGEOT,RAC,0,2,0,0,2,2
AUTOMOBILI LAMBORGHINI S.P.A.,Corporate,0,83,0,0,83,83
AUTOMOBILI LAMBORGHINI S.P.A.,Private,0,48,0,0,48,48
AUTOMOBILI LAMBORGHINI S.P.A.,RAC,0,27,0,0,27,27
AUTOSTAR,Private,0,1,0,0,1,1
AVEURO,Private,0,1,0,0,1,1
AYATS,Corporate,0,2,0,0,2,2
AYATS,RAC,0,5,0,0,5,5
B-STYLE & FLEX-I-TRANS,Private,0,1,0,0,1,1
BAHIA,Corporate,0,1,0,0,1,1
BAHIA V.I.,Corporate,0,55,0,0,55,55
BAHIA V.I.,Private,0,23,0,0,23,23
BAHIA V.I.,RAC,0,8,0,0,8,8
BAIC,Corporate,0,23,23,-23,0,23
BAIC,Private,0,7,7,-7,0,7
BAIC,RAC,0,2,2,-2,0,2
BALEAR DE CARROSSERIES,Corporate,0,31,0,0,31,31
BALEAR DE CARROSSERIES,Private,0,2,0,0,2,2
BALEAR DE CARROSSERIES,RAC,0,1,0,0,1,1
BALLESTAS GANDIA,Corporate,0,3,0,0,3,3
BALLESTAS REUS,Corporate,0,25,0,0,25,25
BALLESTAS REUS,Private,0,4,0,0,4,4
BARBANY,Corporate,0,216,0,0,216,216
BARBANY,Private,0,62,0,0,62,62
BARBANY,RAC,0,74,0,0,74,74
BASCULANTES FUSEMUR,Corporate,0,1,0,0,1,1
BASREAL,Corporate,0,3,0,0,3,3
BASREAL,Private,0,1,0,0,1,1
BASREAL,RAC,0,1,0,0,1,1
BAVARIA,Private,0,5,0,0,5,5
BAW,Corporate,0,4,0,0,4,4
BAW,Private,0,2,0,0,2,2
BAYCAR,Corporate,0,30,0,0,30,30
BAYCAR,Private,0,3,0,0,3,3
BAYCAR,RAC,0,1,0,0,1,1
BEMAR,Corporate,0,45,0,0,45,45
BEMAR,Private,0,4,0,0,4,4
BEMAR,RAC,0,3,0,0,3,3
BENIMAR,Corporate,0,59,0,0,59,59
BENIMAR,Private,0,1430,0,0,1430,1430
BENIMAR,RAC,0,617,0,0,617,617
BENTLEY,Corporate,0,97,90,-90,7,97
BENTLEY,Private,0,112,112,-112,0,112
BENTLEY,RAC,0,1,8,-8,-7,1
BERGADA,Corporate,0,5,0,0,5,5
BERGADA,Private,0,8,0,0,8,8
BERGADANA,Corporate,0,421,0,0,421,421
BERGADANA,Private,0,440,0,0,440,440
BERGADANA,RAC,0,6,0,0,6,6
BESTUNE,Corporate,0,0,23,-23,-23,0
BESTUNE,Private,0,0,58,-58,-58,0
BESTUNE,RAC,0,0,8,-8,-8,0
BEULAS,Corporate,0,23,0,0,23,23
BEULAS,RAC,0,14,0,0,14,14
BLUCAMP,Private,0,10,0,0,10,10
BLUCAMP,RAC,0,36,0,0,36,36
BMW,Corporate,76500,76877,76836,-336,41,377
BMW,Private,36799,36422,35870,929,552,-377
BMW,RAC,13169,13169,13190,-21,-21,0
BOBCAT,Corporate,0,1,0,0,1,1
BOMBARDIER,Corporate,0,21,0,0,21,21
BOMBARDIER,Private,0,21,0,0,21,21
BOMBARDIER REC PROD INC,Corporate,0,8,0,0,8,8
BOMBARDIER REC PROD INC,Private,0,30,0,0,30,30
BORRA,Corporate,0,5,0,0,5,5
BORRA,Private,0,2,0,0,2,2
BOSCHUNG,Corporate,0,9,0,0,9,9
BRAVIA,Corporate,0,2,0,0,2,2
BRAVIA,Private,0,7,0,0,7,7
BRAVIA,RAC,0,1,0,0,1,1
BRAVO,Corporate,0,10,0,0,10,10
BRAVO,Private,0,2,0,0,2,2
BRAVO,RAC,0,11,0,0,11,11
BRETCHA,Corporate,0,7,0,0,7,7
BRETCHA,Private,0,1,0,0,1,1
BRETCHA,RAC,0,3,0,0,3,3
BRP,Corporate,0,248,0,0,248,248
BRP,Private,0,240,0,0,240,240
BRP,RAC,0,147,0,0,147,147
BUCHER,Corporate,0,6,0,0,6,6
BUERSTNER,Corporate,0,1,0,0,1,1
BUERSTNER,Private,0,1,0,0,1,1
BUGATTI,Private,0,1,0,0,1,1
BUGGYCAR,Corporate,0,2,0,0,2,2
BUICK,Corporate,0,2,0,0,2,2
BULLFUEGO,Corporate,0,7,0,0,7,7
BUNKERVAN,Corporate,0,22,0,0,22,22
BUNKERVAN,Private,0,33,0,0,33,33
BUNKERVAN,RAC,0,7,0,0,7,7
BURSTNER,Private,0,3,0,0,3,3
BURSTNER,RAC,0,1,0,0,1,1
BURSTNER GMBH,Corporate,0,2,0,0,2,2
BURSTNER GMBH,Private,0,89,0,0,89,89
BURSTNER GMBH,RAC,0,28,0,0,28,28
BUS-PRESTIGE,Corporate,0,1,0,0,1,1
BYD,Corporate,7282,7445,7190,92,255,163
BYD,Private,22460,22297,22486,-26,-189,-163
BYD,RAC,1883,1883,1915,-32,-32,0
C.I.,Corporate,0,1,0,0,1,1
C.I.,Private,0,17,0,0,17,17
C.I.,RAC,0,21,0,0,21,21
C.M.,Corporate,0,2,0,0,2,2
C.T.E.,Corporate,0,2,0,0,2,2
C.T.E.,RAC,0,2,0,0,2,2
CACESA,Corporate,0,12,0,0,12,12
CACESA,RAC,0,1,0,0,1,1
CADILLAC,Corporate,0,9,5,-5,4,9
CADILLAC,Private,0,2,0,0,2,2
CADILLAC,RAC,0,0,0,0,0,0
CAETANO,Corporate,0,17,0,0,17,17
CAFRAN,Corporate,0,24,0,0,24,24
CAFRAN,Private,0,2,0,0,2,2
CAFRISE,Corporate,0,97,0,0,97,97
CAFRISE,Private,0,18,0,0,18,18
CAFRISE,RAC,0,21,0,0,21,21
CAJISA,Corporate,0,9,0,0,9,9
CAJISA,Private,0,1,0,0,1,1
CAJISA,RAC,0,219,0,0,219,219
CALLAU,Corporate,0,17,0,0,17,17
CALLAU,Private,0,3,0,0,3,3
CALVO,Corporate,0,7,0,0,7,7
CALZADA,Corporate,0,10,0,0,10,10
CALZADA,Private,0,3,0,0,3,3
CAMARA,Corporate,0,1,0,0,1,1
CAMPEREVE,Private,0,1,0,0,1,1
CAN AM,Corporate,0,3,0,0,3,3
CAN AM,RAC,0,4,0,0,4,4
CAPRON,Corporate,0,15,0,0,15,15
CAPRON,Private,0,307,0,0,307,307
CAPRON,RAC,0,305,0,0,305,305
CAPRON GMBH,Corporate,0,11,0,0,11,11
CAPRON GMBH,Private,0,151,0,0,151,151
CAPRON GMBH,RAC,0,83,0,0,83,83
CAR RAFAEL MIRALLES,Corporate,0,1,0,0,1,1
CAR-BUS.NET,Corporate,0,77,0,0,77,77
CAR-BUS.NET,RAC,0,1,0,0,1,1
CARAVANS INTERNACIONAL,RAC,0,1,0,0,1,1
CARBODIES,Private,0,2,0,0,2,2
CARFRIGO,Corporate,0,1,0,0,1,1
CARGAN,Corporate,0,6,0,0,6,6
CARGAN,RAC,0,1,0,0,1,1
CARHAGO,Private,0,1,0,0,1,1
CARHAGO,RAC,0,1,0,0,1,1
CARPOL,Private,0,3,0,0,3,3
CARRO,Corporate,0,1,0,0,1,1
CARROC. RAFAEL MIRALLES,Corporate,0,17,0,0,17,17
CARROC. RAFAEL MIRALLES,RAC,0,1,0,0,1,1
CARROCER.FRIGOR.SEVILLA,Corporate,0,104,0,0,104,104
CARROCER.FRIGOR.SEVILLA,Private,0,10,0,0,10,10
CARROCER.FRIGOR.SEVILLA,RAC,0,44,0,0,44,44
CARROCERA CASTROSUA SA,Corporate,0,353,0,0,353,353
CARROCERA CASTROSUA SA,RAC,0,11,0,0,11,11
"CARROCERA CASTROSUA, S.A.",Corporate,0,33,0,0,33,33
CARROCERIA LLUCH ALBERT,Corporate,0,2,0,0,2,2
CARROCERIAS AITOR,Corporate,0,3,0,0,3,3
CARROCERIAS AITOR,Private,0,2,0,0,2,2
CARROCERIAS ALAIZ,Corporate,0,1,0,0,1,1
CARROCERIAS ALAMOS,Corporate,0,1,0,0,1,1
CARROCERIAS ALAMOS,Private,0,1,0,0,1,1
CARROCERIAS ALAMOS,RAC,0,1,0,0,1,1
CARROCERIAS BARAJAS,Corporate,0,2,0,0,2,2
CARROCERIAS BARAJAS,Private,0,1,0,0,1,1
CARROCERIAS CARRAÑACA,Corporate,0,15,0,0,15,15
CARROCERIAS CARRAÑACA,Private,0,2,0,0,2,2
CARROCERIAS CITY,Corporate,0,133,0,0,133,133
CARROCERIAS CITY,Private,0,7,0,0,7,7
CARROCERIAS CITY,RAC,0,142,0,0,142,142
CARROCERIAS CONRADO,Corporate,0,30,0,0,30,30
CARROCERIAS CONRADO,Private,0,4,0,0,4,4
CARROCERIAS CORRAL,Corporate,0,5,0,0,5,5
CARROCERIAS CREVILLENTE,Corporate,0,69,0,0,69,69
CARROCERIAS CREVILLENTE,Private,0,11,0,0,11,11
CARROCERIAS CREVILLENTE,RAC,0,95,0,0,95,95
CARROCERIAS DAFER,Corporate,0,29,0,0,29,29
CARROCERIAS DAFER,Private,0,2,0,0,2,2
CARROCERIAS DEL VALLE,Corporate,0,46,0,0,46,46
CARROCERIAS DEL VALLE,Private,0,9,0,0,9,9
CARROCERIAS EL GALLO,Corporate,0,200,0,0,200,200
CARROCERIAS EL GALLO,Private,0,21,0,0,21,21
CARROCERIAS EL GALLO,RAC,0,8,0,0,8,8
CARROCERIAS FCO. HIJOS,Corporate,0,1,0,0,1,1
CARROCERIAS FCO. HIJOS,RAC,0,1,0,0,1,1
CARROCERIAS FRANCAR,Corporate,0,2,0,0,2,2
CARROCERIAS FRIGOASTUR,Corporate,0,22,0,0,22,22
CARROCERIAS FRIGOASTUR,Private,0,5,0,0,5,5
CARROCERIAS FRIGOASTUR,RAC,0,1,0,0,1,1
CARROCERIAS FRIGORIFICAS SEVIL,Corporate,0,71,0,0,71,71
CARROCERIAS FRIGORIFICAS SEVIL,Private,0,15,0,0,15,15
CARROCERIAS FRIGORIFICAS SEVIL,RAC,0,14,0,0,14,14
CARROCERIAS GIL-MA-FER,Corporate,0,2,0,0,2,2
CARROCERIAS GIL-MA-FER,Private,0,1,0,0,1,1
CARROCERIAS GRANADA,Corporate,0,25,0,0,25,25
CARROCERIAS GRANADA,Private,0,3,0,0,3,3
CARROCERIAS HNOS CASES,Corporate,0,11,0,0,11,11
CARROCERIAS HNOS CASES,Private,0,1,0,0,1,1
CARROCERIAS HNOS CASES,RAC,0,1,0,0,1,1
CARROCERIAS JANCAR,Corporate,0,1,0,0,1,1
CARROCERIAS JANCAR,Private,0,1,0,0,1,1
CARROCERIAS JANKAR,Corporate,0,34,0,0,34,34
CARROCERIAS JANKAR,Private,0,6,0,0,6,6
CARROCERIAS JANKAR,RAC,0,8,0,0,8,8
CARROCERIAS JAZ,Corporate,0,14,0,0,14,14
CARROCERIAS JEREZ,Corporate,0,76,0,0,76,76
CARROCERIAS JEREZ,Private,0,5,0,0,5,5
CARROCERIAS JEREZ,RAC,0,19,0,0,19,19
CARROCERIAS MINDA,Corporate,0,275,0,0,275,275
CARROCERIAS MINDA,Private,0,9,0,0,9,9
CARROCERIAS MINDA,RAC,0,51,0,0,51,51
CARROCERIAS MR,Corporate,0,4,0,0,4,4
CARROCERIAS MR,Private,0,2,0,0,2,2
CARROCERIAS OKA,Corporate,0,11,0,0,11,11
CARROCERIAS OURENSE,Corporate,0,1,0,0,1,1
CARROCERIAS PENALVA,Corporate,0,2,0,0,2,2
CARROCERIAS PROCAR,Corporate,0,2,0,0,2,2
CARROCERIAS PUERTO,Corporate,0,2,0,0,2,2
CARROCERIAS PUERTO,RAC,0,2,0,0,2,2
CARROCERIAS RAFAEL MIRALLES,RAC,0,1,0,0,1,1
CARROCERIAS RAMOS,Corporate,0,2,0,0,2,2
CARROCERIAS RAMOS,Private,0,1,0,0,1,1
CARROCERIAS REVERTE,Corporate,0,14,0,0,14,14
CARROCERIAS REVERTE,Private,0,1,0,0,1,1
CARROCERIAS REY,Corporate,0,1,0,0,1,1
CARROCERIAS SALAMANCA,Corporate,0,12,0,0,12,12
CARROCERIAS SALAMANCA,Private,0,1,0,0,1,1
CARROCERIAS SALAMANCA,RAC,0,9,0,0,9,9
CARROCERIAS SANCA,Corporate,0,129,0,0,129,129
CARROCERIAS SANCA,Private,0,56,0,0,56,56
CARROCERIAS SANCA,RAC,0,32,0,0,32,32
CARROCERIAS SANCA SA,Corporate,0,254,0,0,254,254
CARROCERIAS SANCA SA,Private,0,55,0,0,55,55
CARROCERIAS SANCA SA,RAC,0,43,0,0,43,43
"CARROCERIAS SANCA, S.A.",Corporate,0,402,0,0,402,402
"CARROCERIAS SANCA, S.A.",Private,0,43,0,0,43,43
"CARROCERIAS SANCA, S.A.",RAC,0,84,0,0,84,84
CARROCERIAS SEVILLA,Corporate,0,687,0,0,687,687
CARROCERIAS SEVILLA,Private,0,6,0,0,6,6
CARROCERIAS SEVILLA,RAC,0,132,0,0,132,132
CARROCERIAS VASALLO,Corporate,0,9,0,0,9,9
CARROCERIAS VASALLO,Private,0,1,0,0,1,1
CARROCERIAS VASALLO,RAC,0,1,0,0,1,1
CARROCERIAS VICAM,Corporate,0,2,0,0,2,2
CARROCERIAS VILLFER,Corporate,0,3,0,0,3,3
CARROCERIAS VILLFER,Private,0,3,0,0,3,3
CARROCERIAS YECLA,Corporate,0,13,0,0,13,13
CARROCERIAS YECLA,Private,0,3,0,0,3,3
CARROCERIAS YECLA,RAC,0,4,0,0,4,4
CARROCEROS DE BURGOS,Corporate,0,1,0,0,1,1
CARROCEROS F&G,Corporate,0,8,0,0,8,8
CARROSSERIES TOLOSA,Corporate,0,60,0,0,60,60
CARROSSERIES TOLOSA,Private,0,2,0,0,2,2
CARROSSERIES TOLOSA,RAC,0,3,0,0,3,3
CARROZADOS TECAI,Corporate,0,195,0,0,195,195
CARROZADOS TECAI,Private,0,29,0,0,29,29
CARROZADOS TECAI,RAC,0,200,0,0,200,200
CARRULET,Private,0,9,0,0,9,9
CARSUR CARROZADOS SL,Corporate,0,3,0,0,3,3
CARSUR CARROZADOS SL,Private,0,1,0,0,1,1
CARTHAGO,Corporate,0,2,0,0,2,2
CARTHAGO,Private,0,30,0,0,30,30
CARTHAGO,RAC,0,5,0,0,5,5
CASALINI,Private,0,11,0,0,11,11
CASE,Corporate,0,2,0,0,2,2
CASE IH,Private,0,1,0,0,1,1
CASTROSUA,Corporate,0,25,0,0,25,25
CATERHAM,Corporate,0,0,9,-9,-9,0
CATERHAM,Private,0,0,7,-7,-7,0
CATERHAM,RAC,0,0,0,0,0,0
CATERHAM CARS LTD,Corporate,0,9,0,0,9,9
CATERHAM CARS LTD,Private,0,7,0,0,7,7
CATERPILLAR,Corporate,0,1,0,0,1,1
CAYVOL,Corporate,0,363,0,0,363,363
CAYVOL,Private,0,1,0,0,1,1
CAYVOL,RAC,0,19,0,0,19,19
CBF NAVARRO,Corporate,0,5,0,0,5,5
CBF NAVARRO,Private,0,2,0,0,2,2
CELA,Corporate,0,2,0,0,2,2
CELA,RAC,0,5,0,0,5,5
CEM,Corporate,0,3,0,0,3,3
CENNTRO,Corporate,0,111,116,-116,-5,111
CENNTRO,Private,0,16,12,-12,4,16
CENNTRO,RAC,0,12,5,-5,7,12
CENTO BUS,Corporate,0,2,0,0,2,2
CENTO BUS,Private,0,1,0,0,1,1
CERRAJERIA AURELIO,Corporate,0,49,0,0,49,49
CERRAJERIA AURELIO,Private,0,5,0,0,5,5
CERRAJERIA AURELIO,RAC,0,2,0,0,2,2
CERRAPALMA,Corporate,0,6,0,0,6,6
CERRAPALMA,Private,0,1,0,0,1,1
CFMOTO,Corporate,0,452,0,0,452,452
CFMOTO,Private,0,980,0,0,980,980
CFMOTO,RAC,0,65,0,0,65,65
CHALLENGER,Corporate,0,14,0,0,14,14
CHALLENGER,Private,0,690,0,0,690,690
CHALLENGER,RAC,0,112,0,0,112,112
CHAPINSA,Corporate,0,11,0,0,11,11
CHAPINSA,RAC,0,4,0,0,4,4
CHAPISTERIA V.I.,Corporate,0,64,0,0,64,64
CHAPISTERIA V.I.,Private,0,3,0,0,3,3
CHAPISTERIA V.I.,RAC,0,55,0,0,55,55
CHATENET,Private,0,3,0,0,3,3
CHAUSSON,Private,0,2,0,0,2,2
CHAUSSON,RAC,0,1,0,0,1,1
CHERY,Corporate,0,1,0,0,1,1
CHERY,RAC,0,1,0,0,1,1
CHESH,Corporate,0,2,0,0,2,2
CHEVROLET,Corporate,0,66,0,0,66,66
CHEVROLET,Private,0,25,0,0,25,25
CHEVROLET,RAC,0,1,0,0,1,1
CHRYSLER,Corporate,0,11,0,0,11,11
CHRYSLER,Private,0,3,0,0,3,3
CHT,Corporate,0,262,0,0,262,262
CHT,RAC,0,1,0,0,1,1
CI,Corporate,0,3,0,0,3,3
CI,Private,0,55,0,0,55,55
CI,RAC,0,68,0,0,68,68
CIBAD,Corporate,0,6,0,0,6,6
CIBAD,Private,0,1,0,0,1,1
CIBAD,RAC,0,10,0,0,10,10
CIC SPAIN,Corporate,0,5,0,0,5,5
CIC SPAIN,Private,0,1,0,0,1,1
CICLOPE,Private,0,1,0,0,1,1
CICLOPE,RAC,0,6,0,0,6,6
CIF,Corporate,0,3,0,0,3,3
CIF,Private,0,1,0,0,1,1
CISVAN,Corporate,0,1,0,0,1,1
CISVAN,Private,0,2,0,0,2,2
CISVAN CARROCERIAS,Private,0,1,0,0,1,1
CISVAN CARROCERIAS,RAC,0,1,0,0,1,1
CITROEN,Corporate,89729,93485,93486,-3757,-1,3756
CITROEN,Private,44519,40763,43504,1015,-2741,-3756
CITROEN,RAC,38094,38094,37743,351,351,0
CITROEN/BURSTNER,Private,0,1,0,0,1,1
CITROEN/ERKE,Corporate,0,2,0,0,2,2
CITROËN,Private,0,2,0,0,2,2
CLAAS,Corporate,0,2,0,0,2,2
CLAAS,Private,0,1,0,0,1,1
CLUB CAR,Corporate,0,0,9,-9,-9,0
CLUB CAR,Private,0,0,0,0,0,0
CLUB CAR,RAC,0,0,0,0,0,0
CM,Private,0,1,0,0,1,1
COCAR,Corporate,0,49,0,0,49,49
COCAR,Private,0,2,0,0,2,2
COCAR,RAC,0,24,0,0,24,24
CODETRANS,Corporate,0,256,0,0,256,256
CODETRANS,Private,0,38,0,0,38,38
COINPOL,Corporate,0,267,0,0,267,267
COINPOL,Private,0,42,0,0,42,42
COINPOL,RAC,0,663,0,0,663,663
COLD CAR,Corporate,0,51,0,0,51,51
COLD CAR,Private,0,1,0,0,1,1
COLD CAR,RAC,0,97,0,0,97,97
COMPAIR HOLMAN,Private,0,1,0,0,1,1
COMPOCARR,Corporate,0,3,0,0,3,3
COMPOCARR,RAC,0,20,0,0,20,20
COMPOSITES REFORZADOS,Corporate,0,201,0,0,201,201
COMPOSITES REFORZADOS,Private,0,3,0,0,3,3
COMPOSITES REFORZADOS,RAC,0,54,0,0,54,54
CONCORDE,Private,0,4,0,0,4,4
CONCORDE,RAC,0,2,0,0,2,2
CONGRUAL,Corporate,0,17,0,0,17,17
CONGRUAL,RAC,0,2,0,0,2,2
CONSA,Corporate,0,51,0,0,51,51
CONSA,Private,0,2,0,0,2,2
CONSA,RAC,0,1,0,0,1,1
COOLGADES,Corporate,0,138,0,0,138,138
COOLGADES,Private,0,21,0,0,21,21
COOLGADES,RAC,0,9,0,0,9,9
CORNELLA,Corporate,0,7,0,0,7,7
CORNELLA,Private,0,4,0,0,4,4
CORVUS,Corporate,0,161,0,0,161,161
CORVUS,Private,0,37,0,0,37,37
COSMEA ESPINEDO,Corporate,0,13,0,0,13,13
COSTA,Corporate,0,1,0,0,1,1
COVALCA,Corporate,0,134,0,0,134,134
COVALCA,Private,0,10,0,0,10,10
COVALCA,RAC,0,26,0,0,26,26
CRASTIR,Corporate,0,19,0,0,19,19
CRASTIR,Private,0,1,0,0,1,1
CRASTIR,RAC,0,1,0,0,1,1
CROSSCAMP,RAC,0,3,0,0,3,3
CTE,Corporate,0,4,0,0,4,4
CTE,RAC,0,2,0,0,2,2
CUBY,Corporate,0,14,0,0,14,14
CUBY,RAC,0,3,0,0,3,3
CUPRA,Corporate,35583,35726,35720,-137,6,143
CUPRA,Private,19732,19589,19564,168,25,-143
CUPRA,RAC,12662,12662,12682,-20,-20,0
DAC,Corporate,0,1,0,0,1,1
DACIA,Corporate,25843,27231,27230,-1387,1,1388
DACIA,Private,133232,131844,132844,388,-1000,-1388
DACIA,RAC,10503,10503,10431,72,72,0
DAF,Corporate,0,1,0,0,1,1
DAIMLER,Corporate,0,1,0,0,1,1
DAIMLER AG,Corporate,0,1,0,0,1,1
DAIMLER AG,Private,0,1,0,0,1,1
DAIMLER CHRYSLER,Corporate,0,1,0,0,1,1
DAIMLER CHRYSLER,Private,0,2,0,0,2,2
DAIMLERCHRYSLER AG,Private,0,1,0,0,1,1
DAIMLERCHRYSLER CO JEEP,Corporate,0,1,0,0,1,1
DAIMLERCHRYSLER CO JEEP,Private,0,1,0,0,1,1
DAMON CHALLENGER,Private,0,1,0,0,1,1
DANGEL,Corporate,0,29,0,0,29,29
DANGEL,Private,0,2,0,0,2,2
DATSUN,Private,0,1,0,0,1,1
DAVID INDUSTRIAS MET,Corporate,0,7,0,0,7,7
DEL VALLE,Corporate,0,18,0,0,18,18
DEL VALLE,Private,0,11,0,0,11,11
DEL VALLE,RAC,0,3,0,0,3,3
DENZA,Corporate,0,2,4,-4,-2,2
DENZA,Private,0,0,0,0,0,0
DENZA,RAC,0,0,0,0,0,0
DETHLEFFS,Corporate,0,9,0,0,9,9
DETHLEFFS,Private,0,152,0,0,152,152
DETHLEFFS,RAC,0,120,0,0,120,120
DETHLEFFS CARAVANS,Private,0,1,0,0,1,1
DETHLEFFS CARAVANS,RAC,0,2,0,0,2,2
DEUTZ-FAHR,Corporate,0,1,0,0,1,1
DFSK,Corporate,0,1744,1746,-1746,-2,1744
DFSK,Private,0,554,656,-656,-102,554
DFSK,RAC,0,231,257,-257,-26,231
DIAZCUTILLAS,Corporate,0,3,0,0,3,3
DIAZCUTILLAS,Private,0,1,0,0,1,1
DIGAL,Corporate,0,189,0,0,189,189
DIGAL,Private,0,31,0,0,31,31
DIGAL,RAC,0,11,0,0,11,11
DIVISEGUR CATALUNYA,Corporate,0,744,0,0,744,744
DIVISEGUR CATALUNYA,Private,0,98,0,0,98,98
DIVISEGUR CATALUNYA,RAC,0,1,0,0,1,1
DIVISEGUR VEHICLES,Corporate,0,4,0,0,4,4
DIVISEGUR VEHICLES,Private,0,3,0,0,3,3
DODGE,Corporate,0,18,0,0,18,18
DODGE,Private,0,10,0,0,10,10
DONGFENG,Corporate,0,104,102,-102,2,104
DONGFENG,Private,0,165,165,-165,0,165
DONGFENG,RAC,0,0,0,0,0,0
DONKERVOORT,Private,0,1,0,0,1,1
DONOSO,Corporate,0,36,0,0,36,36
DONOSO,Private,0,5,0,0,5,5
DONOSO,RAC,0,2,0,0,2,2
DOTTO,Private,0,1,0,0,1,1
DR,Corporate,0,187,6,-6,181,187
DR,Private,0,961,36,-36,925,961
DR,RAC,0,1627,1491,-1491,136,1627
DRAGO,Corporate,0,1,0,0,1,1
DRD,Corporate,0,1,0,0,1,1
DREAM,Private,0,16,0,0,16,16
DREAM,RAC,0,2,0,0,2,2
DREAMER,Corporate,0,9,0,0,9,9
DREAMER,Private,0,158,0,0,158,158
DREAMER,RAC,0,19,0,0,19,19
DS,Corporate,3734,3741,6305,-2571,-2564,7
DS,Private,890,883,1312,-422,-429,-7
DS,RAC,1069,1069,2275,-1206,-1206,0
DS AUTOMOBILES,Corporate,0,73,0,0,73,73
DS AUTOMOBILES,Private,0,53,0,0,53,53
DS AUTOMOBILES,RAC,0,16,0,0,16,16
DSK,Corporate,0,52,0,0,52,52
DSK,Private,0,4,0,0,4,4
DSK,RAC,0,2,0,0,2,2
DUCATI,Corporate,0,1,0,0,1,1
DULEVO,Corporate,0,1,0,0,1,1
E-CLASSIC,Corporate,0,1,0,0,1,1
E-TUK FACTORY,Corporate,0,116,0,0,116,116
E-TUK FACTORY,Private,0,6,0,0,6,6
E-TUK FACTORY,RAC,0,11,0,0,11,11
EBRO,Corporate,0,2588,2564,-2564,24,2588
EBRO,Private,0,8798,8818,-8818,-20,8798
EBRO,RAC,0,1104,1104,-1104,0,1104
EBUSCO,Corporate,0,3,0,0,3,3
ECHEVARRIA,Corporate,0,1,0,0,1,1
ECHEVARRIA,Private,0,1,0,0,1,1
ECOAUTO,Corporate,0,248,0,0,248,248
ECOGAM,Corporate,0,17,0,0,17,17
ECOGAM,Private,0,2,0,0,2,2
ECOINDUSTRY,Corporate,0,11,0,0,11,11
EDWARD DAVIES COMMERCIALS LTD,Corporate,0,25,0,0,25,25
EDWARD DAVIES COMMERCIALS LTD,Private,0,4,0,0,4,4
EGA,Corporate,0,55,0,0,55,55
EGA,Private,0,3,0,0,3,3
EGA,RAC,0,1,0,0,1,1
ELECTROHIDRAULICA S P,Corporate,0,2,0,0,2,2
ELIOS,Private,0,5,0,0,5,5
ELIOS,RAC,0,1,0,0,1,1
ELNAGH,Corporate,0,10,0,0,10,10
ELNAGH,Private,0,179,0,0,179,179
ELNAGH,RAC,0,154,0,0,154,154
ENAIRE,RAC,0,41,0,0,41,41
EQUIPFRED,Corporate,0,260,0,0,260,260
EQUIPFRED,Private,0,37,0,0,37,37
EQUIPFRED,RAC,0,26,0,0,26,26
ERJOMA,Corporate,0,60,0,0,60,60
ERJOMA,Private,0,4,0,0,4,4
ERJOMA,RAC,0,3,0,0,3,3
ERKE,Corporate,0,5534,0,0,5534,5534
ERKE,Private,0,8,0,0,8,8
ERKE,RAC,0,2,0,0,2,2
ERROBITRAK,Corporate,0,43,0,0,43,43
ERROBITRAK,RAC,0,1,0,0,1,1
"ERROBITRAK, S.L.",Corporate,0,1,0,0,1,1
ESAGONO,Corporate,0,1,0,0,1,1
ESAGONO ENERGIA,Corporate,0,0,3,-3,-3,0
ESAGONO ENERGIA,Private,0,1,1,-1,0,1
ESAGONO ENERGIA,RAC,0,0,0,0,0,0
ESAGONO INTERNATIONAL SRL,Corporate,0,2,0,0,2,2
ESCALANTE,Corporate,0,46,0,0,46,46
ESCALANTE,Private,0,1,0,0,1,1
ESCALANTE,RAC,0,7,0,0,7,7
ESCARDA,Corporate,0,7,0,0,7,7
ESCARDA,Private,0,1,0,0,1,1
ESCARDA,RAC,0,1,0,0,1,1
ESI ITALIA,RAC,0,1,0,0,1,1
ESMI,Corporate,0,45,0,0,45,45
ESMI,Private,0,6,0,0,6,6
ESMI,RAC,0,1,0,0,1,1
ESQUERDA,Corporate,0,2,0,0,2,2
ESQUERDA,Private,0,1,0,0,1,1
ESREF KAROSER,Corporate,0,3,0,0,3,3
ESREF KAROSER,Private,0,1,0,0,1,1
ESTESO,Corporate,0,5,0,0,5,5
ETESIA,Corporate,0,5,5,-5,0,5
ETESIA,Private,0,0,0,0,0,0
ETESIA,RAC,0,0,0,0,0,0
ETRUSCO,Corporate,0,6,0,0,6,6
ETRUSCO,Private,0,132,0,0,132,132
ETRUSCO,RAC,0,64,0,0,64,64
ETXEBERRIA,Corporate,0,29,0,0,29,29
ETXEBERRIA,Private,0,5,0,0,5,5
ETXEBERRIA,RAC,0,2,0,0,2,2
EURA MOBIL,Private,0,8,0,0,8,8
EURA MOBIL,RAC,0,1,0,0,1,1
EURA-MOBIL,Private,0,3,0,0,3,3
EUROCARROCERA,Corporate,0,682,0,0,682,682
EUROCARROCERA,Private,0,2,0,0,2,2
EUROGAZA,Corporate,0,13,0,0,13,13
EUROGAZA,Private,0,625,0,0,625,625
EUROGAZA,RAC,0,114,0,0,114,114
EUROMOBILITY,Corporate,0,3,0,0,3,3
EUROMOBILITY,Private,0,1,0,0,1,1
EVERBRIGHT VITALE,Corporate,0,2,0,0,2,2
EVO,Corporate,0,470,473,-473,-3,470
EVO,Private,0,635,1378,-1378,-743,635
EVO,RAC,0,85,158,-158,-73,85
EVUM MOTORS,Corporate,0,5,5,-5,0,5
EVUM MOTORS,Private,0,0,0,0,0,0
EVUM MOTORS,RAC,0,0,0,0,0,0
FABRICADOS EN POLIESTER,Corporate,0,1,0,0,1,1
FARESIN HANDLERS,Corporate,0,3,0,0,3,3
FARID INDUSTRIE,Corporate,0,4,0,0,4,4
FARIZON,Corporate,0,29,22,-22,7,29
FARIZON,Private,0,4,4,-4,0,4
FARIZON,RAC,0,0,0,0,0,0
FARIZON AUTO,Corporate,0,1,0,0,1,1
FARMTRAC,Private,0,1,0,0,1,1
FAVELIM,Corporate,0,3,0,0,3,3
FAW,Corporate,0,69,44,-44,25,69
FAW,Private,0,229,163,-163,66,229
FAW,RAC,0,42,35,-35,7,42
FCA ITALY S.P.A.,Corporate,0,1,0,0,1,1
FCA ITALY S.P.A.,Private,0,11,0,0,11,11
FCA ITALY S.P.A.,RAC,0,7,0,0,7,7
FEGAMAR,Corporate,0,13,0,0,13,13
FENDT,Corporate,0,2,0,0,2,2
FENDT,Private,0,2,0,0,2,2
FENIKS,Corporate,0,163,0,0,163,163
FENIKS,RAC,0,1,0,0,1,1
FERQUI,Corporate,0,43,0,0,43,43
FERQUI,RAC,0,3,0,0,3,3
FERRARI,Corporate,0,123,124,-124,-1,123
FERRARI,Private,0,120,116,-116,4,120
FERRARI,RAC,0,21,21,-21,0,21
FIAT,Corporate,35054,37676,37673,-2619,3,2622
FIAT,Private,10470,7848,14025,-3555,-6177,-2622
FIAT,RAC,26663,26663,27192,-529,-529,0
FIAT ADRIA MOBIL,RAC,0,1,0,0,1,1
FIAT AUTO SPA,Corporate,0,1,0,0,1,1
FIAT DETHLEFFS,Private,0,1,0,0,1,1
FIAT DETHLEFFS,RAC,0,1,0,0,1,1
FIAT/HYMER,Corporate,0,1,0,0,1,1
FIREMAR,Corporate,0,37,0,0,37,37
FIREMAR,Private,0,4,0,0,4,4
FIREMAR,RAC,0,1,0,0,1,1
FLEURETTE,Private,0,7,0,0,7,7
FLOMEYCA,Corporate,0,16,0,0,16,16
FLUVIA,Corporate,0,5,0,0,5,5
FLUVIA,Private,0,1,0,0,1,1
FML,Corporate,0,1,0,0,1,1
FOIMA,Corporate,0,141,0,0,141,141
FOIMA,Private,0,3,0,0,3,3
FOIMA,RAC,0,7,0,0,7,7
FORD,Corporate,76688,81367,81364,-4676,3,4679
FORD,Private,49019,44340,55305,-6286,-10965,-4679
FORD,RAC,18084,18084,16382,1702,1702,0
FORD WERKE,Corporate,0,1,0,0,1,1
FORD-CNG-TECHNIK,Corporate,0,3,0,0,3,3
FORD/CHALLENGER,Private,0,2,0,0,2,2
FORD/CHALLENGER,RAC,0,1,0,0,1,1
FOTON,Corporate,0,182,0,0,182,182
FOTON,Private,0,65,0,0,65,65
FOTON,RAC,0,2,0,0,2,2
FOTON MOTORS,Corporate,0,0,179,-179,-179,0
FOTON MOTORS,Private,0,0,67,-67,-67,0
FOTON MOTORS,RAC,0,0,2,-2,-2,0
FRAMIREZ,Corporate,0,3,0,0,3,3
FRANCAL,Corporate,0,10,0,0,10,10
FRANCAL,Private,0,1,0,0,1,1
FRANCE ELEVATEUR,Corporate,0,3,0,0,3,3
FRANGU,Corporate,0,11,0,0,11,11
FRANGU,Private,0,2,0,0,2,2
FRANGU,RAC,0,10,0,0,10,10
FREVO,Private,0,1,0,0,1,1
FRIGOASTUR,Corporate,0,11,0,0,11,11
FRIGOASTUR,RAC,0,2,0,0,2,2
FRISACUL,RAC,0,70,0,0,70,70
FRISIAN MOTORS,Corporate,0,1,0,0,1,1
FROILAN,Corporate,0,2,0,0,2,2
FROILAN,RAC,0,1,0,0,1,1
FRUEHAUF,Private,0,1,0,0,1,1
FURCAR,Corporate,0,163,0,0,163,163
FURCAR,Private,0,23,0,0,23,23
FURCAR,RAC,0,14,0,0,14,14
FURGOK,Corporate,0,12,0,0,12,12
FURGOK,Private,0,1,0,0,1,1
FURGOK,RAC,0,7,0,0,7,7
FURGOKARAVANING,Corporate,0,6,0,0,6,6
FURGOKARAVANING,Private,0,44,0,0,44,44
FURGOKARAVANING,RAC,0,8,0,0,8,8
FUSO,Corporate,0,256,0,0,256,256
FUSO,Private,0,16,0,0,16,16
FUSO,RAC,0,30,0,0,30,30
GAIA,Private,0,3,0,0,3,3
GALO HEREDIA,Corporate,0,22,0,0,22,22
GALO HEREDIA,Private,0,1,0,0,1,1
GAPA,Corporate,0,5,0,0,5,5
GAPA,Private,0,1,0,0,1,1
GARCIA BLAZQUEZ  MORENO,Corporate,0,4,0,0,4,4
GARCIA BLAZQUEZ  MORENO,RAC,0,1,0,0,1,1
GARCIA BLAZQUEZ MORENO,Corporate,0,3,0,0,3,3
GARCIA BLAZQUEZ MORENO,Private,0,1,0,0,1,1
GARCIA BLAZQUEZ MORENO,RAC,0,1,0,0,1,1
GARIA,Corporate,0,34,0,0,34,34
GARIA,Private,0,11,0,0,11,11
GARRIDO,Corporate,0,2,0,0,2,2
GBM,Corporate,0,7,0,0,7,7
GEESINKNORBA,Corporate,0,2,0,0,2,2
GEMA PENINSULAR,Corporate,0,43,0,0,43,43
GENERAL,Corporate,0,1,0,0,1,1
GENERALIFE,Corporate,0,9,0,0,9,9
GENERALIFE,Private,0,1,0,0,1,1
GENESIS,Corporate,0,1,0,0,1,1
GEYCODIESEL,Corporate,0,19,0,0,19,19
GEYCODIESEL,Private,0,1,0,0,1,1
GEYCODIESEL,RAC,0,57,0,0,57,57
GICALLA,Corporate,0,6,0,0,6,6
GICALLA,RAC,0,1,0,0,1,1
GIOTTI VICTORIA,Corporate,0,0,9,-9,-9,0
GIOTTI VICTORIA,Private,0,0,0,0,0,0
GIOTTI VICTORIA,RAC,0,0,0,0,0,0
GIOTTI VICTORIA SRL,Corporate,0,7,0,0,7,7
GIOTTILINE,Corporate,0,28,0,0,28,28
GIOTTILINE,Private,0,543,0,0,543,543
GIOTTILINE,RAC,0,393,0,0,393,393
GIOTTLINE,Corporate,0,1,0,0,1,1
GIOTTLINE,Private,0,19,0,0,19,19
GIOTTLINE,RAC,0,13,0,0,13,13
GLOBE TRAVELLER,Private,0,1,0,0,1,1
GLOBE TRAVELLER,RAC,0,1,0,0,1,1
GMC,Corporate,0,12,0,0,12,12
GMOKE,Corporate,0,4,0,0,4,4
GOMEZ,Corporate,0,100,0,0,100,100
GOMEZ,Private,0,3,0,0,3,3
GOMEZ,RAC,0,1,0,0,1,1
GOMEZ REDONDO,Corporate,0,1,0,0,1,1
GONZALO-GARCIA,Corporate,0,6,0,0,6,6
GORBEA,Corporate,0,31,0,0,31,31
GORBEA,Private,0,4,0,0,4,4
GOUPIL,Corporate,0,472,62,-62,410,472
GOUPIL,Private,0,5,0,0,5,5
GOUPIL,RAC,0,8,0,0,8,8
GRASAICA,Corporate,0,1,0,0,1,1
GRAU,Corporate,0,462,0,0,462,462
GRAU,RAC,0,3,0,0,3,3
GRUAS Y CARR ISIDORO,Corporate,0,1,0,0,1,1
GRUAS Y MONTAJES IRU,Corporate,0,1,0,0,1,1
GRUAU,RAC,0,5,0,0,5,5
GRUAUTO,Corporate,0,60,0,0,60,60
GRUAUTO,Private,0,9,0,0,9,9
GRUAUTO,RAC,0,2,0,0,2,2
GRUCEX,Corporate,0,2,0,0,2,2
GRUCEX,Private,0,1,0,0,1,1
GRUCOM,Private,0,1,0,0,1,1
GRUIVOL,Corporate,0,27,0,0,27,27
GRUIVOL,Private,0,3,0,0,3,3
GRUIVOL,RAC,0,32,0,0,32,32
GRUVOLMA,Corporate,0,1,0,0,1,1
GSE,Corporate,0,14,0,0,14,14
GURSOZLER,Corporate,0,4,0,0,4,4
HALCON,Corporate,0,7,0,0,7,7
HARLEY-DAVIDSON,Corporate,0,5,0,0,5,5
HARLEY-DAVIDSON,Private,0,69,0,0,69,69
HARLEY-DAVIDSON,RAC,0,1,0,0,1,1
HAULOTTE,Corporate,0,2,0,0,2,2
HCC,Corporate,0,4,0,0,4,4
HCC,Private,0,1,0,0,1,1
HDK,Corporate,0,2,0,0,2,2
HENALES,Corporate,0,8,0,0,8,8
HENALES,Private,0,1,0,0,1,1
HENALES,RAC,0,3,0,0,3,3
HENALES ALVAREZ,Corporate,0,12,0,0,12,12
HENALES ALVAREZ,Private,0,3,0,0,3,3
HERCOV,Corporate,0,101,0,0,101,101
HERCOV,Private,0,9,0,0,9,9
HERCOV,RAC,0,7,0,0,7,7
HERKO,Corporate,0,0,5,-5,-5,0
HERKO,Private,0,0,0,0,0,0
HERKO,RAC,0,0,8,-8,-8,0
HERMANOS GARRID  MARTOS,Corporate,0,9,0,0,9,9
HERMANOS GARRID MARTOS,Corporate,0,1,0,0,1,1
HERMONT,Corporate,0,121,0,0,121,121
HERMONT,RAC,0,15,0,0,15,15
HERRATOR,Corporate,0,3,0,0,3,3
HERRATOR,Private,0,1,0,0,1,1
HERRATOR,RAC,0,1,0,0,1,1
HERRERO,Corporate,0,2,0,0,2,2
HICAVAL,Corporate,0,1,0,0,1,1
HIDRAULICOS JOMAR,Corporate,0,4,0,0,4,4
HIDRAULICOS JOMAR,Private,0,1,0,0,1,1
HIDROMAYORAL,Corporate,0,34,0,0,34,34
HIDROMAYORAL,RAC,0,1,0,0,1,1
HIGER,Corporate,0,27,0,0,27,27
HIGER,RAC,0,4,0,0,4,4
HIRUKEI,Corporate,0,1,0,0,1,1
HISUN,Private,0,5,0,0,5,5
HITRAVI,Corporate,0,3,0,0,3,3
HOBBY,Corporate,0,1,0,0,1,1
HOBBY,Private,0,10,0,0,10,10
HOBBY,RAC,0,3,0,0,3,3
HOFMANN,Corporate,0,1,0,0,1,1
HOLLY E-BEACH,RAC,0,2,0,0,2,2
HONDA,Corporate,3308,3348,3277,31,71,40
HONDA,Private,8060,8020,8003,57,17,-40
HONDA,RAC,137,137,151,-14,-14,0
HONGQI,Corporate,0,1,0,0,1,1
HOTOMOBIL,RAC,0,1,0,0,1,1
HUMBAUR,Corporate,0,1,0,0,1,1
HUMBAUR GMBH,RAC,0,1,0,0,1,1
HURTAN,Corporate,0,6,0,0,6,6
HURTAN,Private,0,3,0,0,3,3
HURTAN,RAC,0,5,0,0,5,5
HYMER,Corporate,0,23,0,0,23,23
HYMER,Private,0,161,0,0,161,161
HYMER,RAC,0,21,0,0,21,21
HYUNDAI,Corporate,46167,47053,47034,-867,19,886
HYUNDAI,Private,110333,109447,109582,751,-135,-886
HYUNDAI,RAC,35843,35843,35611,232,232,0
IBERICA DE ISOTERMIZ,Corporate,0,33,0,0,33,33
IBERICA DE ISOTERMIZ,Private,0,6,0,0,6,6
IBERICA DE ISOTERMIZ,RAC,0,6,0,0,6,6
IBERICA DE ISOTERMIZACIONES,Corporate,0,11,0,0,11,11
IBERICA DE ISOTERMIZACIONES,RAC,0,2,0,0,2,2
ICH-X,Corporate,0,0,5,-5,-5,0
ICH-X,Private,0,0,3,-3,-3,0
ICH-X,RAC,0,0,0,0,0,0
IGH IND GONZLEZ HNOS SA,Corporate,0,2,0,0,2,2
IGH INDUSTRIAS GONZALEZ HERMAN,Corporate,0,1,0,0,1,1
IGLUVAN,Corporate,0,1211,0,0,1211,1211
IGLUVAN,Private,0,92,0,0,92,92
IGLUVAN,RAC,0,328,0,0,328,328
ILERTREN,Corporate,0,5,0,0,5,5
ILUSION,Corporate,0,7,0,0,7,7
ILUSION,Private,0,71,0,0,71,71
ILUSION,RAC,0,75,0,0,75,75
IMO,Corporate,0,2,0,0,2,2
INCASE,Corporate,0,33,0,0,33,33
INCASE,Private,0,2,0,0,2,2
INCASE,RAC,0,1,0,0,1,1
INCIPRESA,Corporate,0,34,0,0,34,34
INDCAR,Corporate,0,41,0,0,41,41
INDCAR,RAC,0,5,0,0,5,5
INDOSAUTO,Corporate,0,1,0,0,1,1
INDUCAE,Corporate,0,2,0,0,2,2
INDUCAE,Private,0,1,0,0,1,1
INDUSAUTO,Corporate,0,31,0,0,31,31
INDUSAUTO,Private,0,187,0,0,187,187
INDUSAUTO,RAC,0,7,0,0,7,7
INDUSTRIE GIOTTILINE SP,RAC,0,1,0,0,1,1
INEOS,Corporate,0,197,224,-224,-27,197
INEOS,Private,0,55,51,-51,4,55
INEOS,RAC,0,18,17,-17,1,18
INFINITI,Corporate,0,12,0,0,12,12
ING. TCA. CARROCERIAS,Corporate,0,2,0,0,2,2
INOXTANK,Corporate,0,1,0,0,1,1
INTEGRALIA,Corporate,0,116,0,0,116,116
INTEGRALIA,RAC,0,2,0,0,2,2
IREGUA,Corporate,0,1,0,0,1,1
IRIZAR,Corporate,0,579,0,0,579,579
IRIZAR,Private,0,3,0,0,3,3
IRIZAR,RAC,0,148,0,0,148,148
IRIZAR E-MOBILITY,Corporate,0,164,0,0,164,164
IRIZAR E-MOBILITY,Private,0,1,0,0,1,1
ISEKI,Corporate,0,1,0,0,1,1
ISEKI,Private,0,1,0,0,1,1
ISUZU,Corporate,0,1827,2720,-2720,-893,1827
ISUZU,Private,0,295,396,-396,-101,295
ISUZU,RAC,0,188,351,-351,-163,188
ITINEO,Corporate,0,7,0,0,7,7
ITINEO,Private,0,129,0,0,129,129
ITINEO,RAC,0,63,0,0,63,63
ITURRI,Corporate,0,27,0,0,27,27
ITURRI,RAC,0,5,0,0,5,5
IVECO,Corporate,0,4776,9533,-9533,-4757,4776
IVECO,Private,0,627,1021,-1021,-394,627
IVECO,RAC,0,4104,6680,-6680,-2576,4104
IVECO BUS,Corporate,0,449,0,0,449,449
IVECO BUS,Private,0,3,0,0,3,3
IVECO BUS,RAC,0,50,0,0,50,50
IVECO DAILY,Corporate,0,2,0,0,2,2
IVECO PEGASO,Corporate,0,1,0,0,1,1
J. GARCIA,Corporate,0,6,0,0,6,6
JAC,Corporate,0,1,0,0,1,1
JAECOO,Corporate,0,1825,1720,-1720,105,1825
JAECOO,Private,0,8007,8050,-8050,-43,8007
JAECOO,RAC,0,997,1053,-1053,-56,997
JAGUAR,Corporate,0,654,582,-582,72,654
JAGUAR,Private,0,261,253,-253,8,261
JAGUAR,RAC,0,71,140,-140,-69,71
JAP,Corporate,0,6,0,0,6,6
JAP,Private,0,1,0,0,1,1
JAP,RAC,0,1,0,0,1,1
JASPE,Corporate,0,9,0,0,9,9
JASPE,RAC,0,61,0,0,61,61
JCB,Corporate,0,1,0,0,1,1
JEANJE,Corporate,0,111,0,0,111,111
JEANJE,Private,0,4,0,0,4,4
JEANJE,RAC,0,406,0,0,406,406
JEBLA,Corporate,0,4,0,0,4,4
JEEP,Corporate,15580,16022,16022,-442,0,442
JEEP,Private,7720,7278,7363,357,-85,-442
JEEP,RAC,8529,8529,8415,114,114,0
JEEP-EBRO,Private,0,1,0,0,1,1
JEEP-VIASA,Private,0,3,0,0,3,3
JIMECA,Corporate,0,75,0,0,75,75
JIMECA,Private,0,12,0,0,12,12
JIMECA,RAC,0,5,0,0,5,5
JIMENEZ,RAC,0,1,0,0,1,1
JLG,Corporate,0,1,0,0,1,1
JOA CAMP,Private,0,20,0,0,20,20
JOA CAMP,RAC,0,13,0,0,13,13
JOFRAN,Corporate,0,1,0,0,1,1
JOHN DEERE,Corporate,0,75,0,0,75,75
JOHN DEERE,Private,0,11,0,0,11,11
JOMAN,Corporate,0,6,0,0,6,6
JOMAN,RAC,0,3,0,0,3,3
JONWAY,Corporate,0,1,0,0,1,1
JOSE MARIA GLEZ DIAZ,Corporate,0,7,0,0,7,7
JOSE R MENENDEZ E HIJOS,Corporate,0,1,0,0,1,1
JOSE R MENENDEZ E HIJOS,Private,0,1,0,0,1,1
JOSE REYES CARROCERO,Corporate,0,66,0,0,66,66
JOSE REYES CARROCERO,Private,0,2,0,0,2,2
JOSE REYES CARROCERO,RAC,0,2,0,0,2,2
JOSE REYES CARROCEROS,Corporate,0,6,0,0,6,6
JOSE REYES CARROCEROS,Private,0,1,0,0,1,1
JOSE REYES CARROCEROS,RAC,0,4,0,0,4,4
JOSE RGUEZ M E HIJOS,Private,0,1,0,0,1,1
JPM,RAC,0,1,0,0,1,1
JPM SAS,Private,0,1,0,0,1,1
JUAN FERIA,Corporate,0,1,0,0,1,1
JUAN SUAREZ,Corporate,0,133,0,0,133,133
JUAN SUAREZ,Private,0,11,0,0,11,11
JULIA CAMPER,Corporate,0,1,0,0,1,1
JULIA CAMPER,Private,0,18,0,0,18,18
JULIA CAMPER,RAC,0,26,0,0,26,26
JULIAN HERMOSA HERRERO,Corporate,0,4,0,0,4,4
JULIAN HERMOSA HERRERO,Private,0,3,0,0,3,3
JUZJADE,Corporate,0,1,0,0,1,1
KAISER-JEEP,Private,0,1,0,0,1,1
KANUS,Private,0,1,0,0,1,1
KARCHER,Corporate,0,7,0,0,7,7
KARMA,Corporate,0,1,1,-1,0,1
KARMA,Private,0,0,0,0,0,0
KARMA,RAC,0,0,0,0,0,0
KARMANN-MOBIL,Private,0,3,0,0,3,3
KARMANN-MOBIL,RAC,0,5,0,0,5,5
KARSAN,Corporate,0,25,0,0,25,25
KARSAN,RAC,0,1,0,0,1,1
KASSBOHRER,Corporate,0,2,0,0,2,2
KG MOBILITY,Corporate,0,1380,1301,-1301,79,1380
KG MOBILITY,Private,0,2480,2498,-2498,-18,2480
KG MOBILITY,RAC,0,1196,1257,-1257,-61,1196
KIA,Corporate,46142,46678,46478,-336,200,536
KIA,Private,112616,112080,112187,429,-107,-536
KIA,RAC,29239,29239,29264,-25,-25,0
KING LONG,Corporate,0,52,0,0,52,52
KING LONG,RAC,0,12,0,0,12,12
KIOTI,Corporate,0,21,0,0,21,21
KIOTI,Private,0,7,0,0,7,7
KL,Corporate,0,2,0,0,2,2
KL,Private,0,3,0,0,3,3
KNAUS,Private,0,275,0,0,275,275
KNAUS,RAC,0,25,0,0,25,25
KTM,Corporate,0,0,0,0,0,0
KTM,Private,0,1,1,-1,0,1
KTM,RAC,0,0,0,0,0,0
KUBOTA,Corporate,0,70,0,0,70,70
KUBOTA,Private,0,4,0,0,4,4
KYC,Corporate,0,1,0,0,1,1
L CITY,Corporate,0,1,0,0,1,1
LA EXTRAORDINARIA,Corporate,0,3,0,0,3,3
LA JUNQUERA,Corporate,0,17,0,0,17,17
LA PLANA,Corporate,0,11,0,0,11,11
LA RUEDA,Corporate,0,1,0,0,1,1
LA RUEDA,Private,0,1,0,0,1,1
LAIKA,Private,0,7,0,0,7,7
LAIKA,RAC,0,4,0,0,4,4
LAIKA CARAVANS,Private,0,3,0,0,3,3
LAIKA CARAVANS,RAC,0,1,0,0,1,1
LAIKA CARAVANS SPA,Corporate,0,1,0,0,1,1
LAIKA CARAVANS SPA,Private,0,49,0,0,49,49
LAIKA CARAVANS SPA,RAC,0,12,0,0,12,12
LAMBERET,Corporate,0,19,0,0,19,19
LAMBERET,RAC,0,2,0,0,2,2
LAMBORGHINI,Corporate,0,4,84,-84,-80,4
LAMBORGHINI,Private,0,6,56,-56,-50,6
LAMBORGHINI,RAC,0,2,29,-29,-27,2
LANCIA,Corporate,0,331,327,-327,4,331
LANCIA,Private,0,56,56,-56,0,56
LANCIA,RAC,0,289,289,-289,0,289
LAND  ROVER,Corporate,0,2,0,0,2,2
LAND ROVER,Corporate,6593,6600,6583,10,17,7
LAND ROVER,Private,2064,2056,2070,-6,-14,-8
LAND ROVER,RAC,739,739,740,-1,-1,0
LAND ROVER SANTANA,Private,0,3,0,0,3,3
LANDINI,Private,0,1,0,0,1,1
LE VOYAGEUR,Private,0,1,0,0,1,1
LEAPMOTOR,Corporate,0,843,598,-598,245,843
LEAPMOTOR,Private,0,2299,1151,-1151,1148,2299
LEAPMOTOR,RAC,0,87,82,-82,5,87
LEMAUTO,Corporate,0,1,0,0,1,1
LEMAUTO,Private,0,2,0,0,2,2
LEVC,Corporate,0,5,5,-5,0,5
LEVC,Private,0,0,0,0,0,0
LEVC,RAC,0,1,1,-1,0,1
LEXUS,Corporate,10923,10984,10958,-35,26,61
LEXUS,Private,13827,13766,13770,57,-4,-61
LEXUS,RAC,1080,1080,1067,13,13,0
LIDER LOWBED,Corporate,0,1,0,0,1,1
LIDERKIT,Corporate,0,60,0,0,60,60
LIDERKIT,Private,0,7,0,0,7,7
LIDERKIT,RAC,0,78,0,0,78,78
LIGIER,Corporate,0,423,0,0,423,423
LIGIER,Private,0,2017,0,0,2017,2017
LIGIER,RAC,0,9,0,0,9,9
LIGIER PROFESSIONAL,Corporate,0,1,0,0,1,1
LIGIER PROFESSIONAL,Private,0,1,0,0,1,1
LINCOLN,Corporate,0,3,0,0,3,3
LINCOLN,Private,0,1,0,0,1,1
LINGZHIDA,Private,0,1,0,0,1,1
LINHAI,Corporate,0,56,0,0,56,56
LINHAI,Private,0,65,0,0,65,65
LINHAI,RAC,0,3,0,0,3,3
LIVAN,Corporate,0,96,87,-87,9,96
LIVAN,Private,0,172,172,-172,0,172
LIVAN,RAC,0,17,22,-22,-5,17
LMC,RAC,0,1,0,0,1,1
LMC CARAVAN GMBH,RAC,0,1,0,0,1,1
LOJO,Corporate,0,2,0,0,2,2
LOJO,Private,0,1,0,0,1,1
LONCIN,Corporate,0,33,0,0,33,33
LONCIN,Private,0,43,0,0,43,43
LORCA,Corporate,0,3,0,0,3,3
LOS MAÑOS,Corporate,0,4,0,0,4,4
LOS MAÑOS,RAC,0,2,0,0,2,2
LOTUS,Corporate,0,15,16,-16,-1,15
LOTUS,Private,0,18,17,-17,1,18
LOTUS,RAC,0,0,0,0,0,0
LOTUS CARS LTD,Corporate,0,1,0,0,1,1
LUCID MOTORS,Corporate,0,5,0,0,5,5
LUIS GARCIA,Corporate,0,2,0,0,2,2
LUIS GARCIA,Private,0,1,0,0,1,1
LVTONG,Corporate,0,1,0,0,1,1
LYNK & CO,Corporate,0,1948,1942,-1942,6,1948
LYNK & CO,Private,0,476,480,-480,-4,476
LYNK & CO,RAC,0,4589,4589,-4589,0,4589
M TORRE,Corporate,0,3,0,0,3,3
MACROCLEAN,Corporate,0,1,0,0,1,1
MACROMER,Corporate,0,2,0,0,2,2
MAD CARROCEROS,Corporate,0,3,0,0,3,3
MAGICAR,Corporate,0,6,0,0,6,6
MAGICAR,RAC,0,3,0,0,3,3
MAGIRUS,Corporate,0,31,0,0,31,31
MAMSA FVO,Corporate,0,7,0,0,7,7
MAN,Corporate,0,1931,2171,-2171,-240,1931
MAN,Private,0,533,594,-594,-61,533
MAN,RAC,0,491,733,-733,-242,491
MAN TGL,Corporate,0,1,0,0,1,1
MANITOU,Corporate,0,1,0,0,1,1
MANUEL ZUÑIGA MARTINEZ,Corporate,0,13,0,0,13,13
MAR,Corporate,0,8,0,0,8,8
MAR,Private,0,1,0,0,1,1
MAR,RAC,0,1,0,0,1,1
MARSHELL,Corporate,0,1,0,0,1,1
MARTIN,Corporate,0,6,0,0,6,6
MASERATI,Corporate,0,610,612,-612,-2,610
MASERATI,Private,0,256,252,-252,4,256
MASERATI,RAC,0,82,85,-85,-3,82
MASSEY-FERGUSON,Private,0,1,0,0,1,1
MATURANA,Corporate,0,10,0,0,10,10
MATURANA,Private,0,3,0,0,3,3
MAXUS,Corporate,0,1822,1983,-1983,-161,1822
MAXUS,Private,0,265,291,-291,-26,265
MAXUS,RAC,0,307,318,-318,-11,307
MAZDA,Corporate,14279,14460,14391,-112,69,181
MAZDA,Private,36168,35987,36076,92,-89,-181
MAZDA,RAC,2357,2357,2317,40,40,0
MAZZOCCHIA,Corporate,0,11,0,0,11,11
MC LOUIS,Corporate,0,13,0,0,13,13
MC LOUIS,Private,0,313,0,0,313,313
MC LOUIS,RAC,0,222,0,0,222,222
MCC AUTOMOTIVE,Private,0,3,0,0,3,3
MCLAREN,Corporate,0,14,14,-14,0,14
MCLAREN,Private,0,9,9,-9,0,9
MCLAREN,RAC,0,1,1,-1,0,1
MCLOUIS,Corporate,0,13,0,0,13,13
MCLOUIS,Private,0,554,0,0,554,554
MCLOUIS,RAC,0,304,0,0,304,304
MEBAUTO,Corporate,0,645,0,0,645,645
MEBAUTO,Private,0,61,0,0,61,61
MEBAUTO,RAC,0,568,0,0,568,568
MECACLIMA,Corporate,0,7,0,0,7,7
MECACLIMA,Private,0,1,0,0,1,1
MELEX,Corporate,0,8,0,0,8,8
MELEX,Private,0,1,0,0,1,1
MENGERLER,Corporate,0,6,0,0,6,6
MENGERLER,RAC,0,2,0,0,2,2
MERCEDES BENZ AG,Corporate,0,4,0,0,4,4
MERCEDES IDILIS,Corporate,0,11,0,0,11,11
MERCEDES IDILIS,RAC,0,2,0,0,2,2
MERCEDES IRIZAR,Corporate,0,7,0,0,7,7
MERCEDES-BENZ,Corporate,94962,91900,91923,3039,-23,-3062
MERCEDES-BENZ,Private,39840,37505,37773,2067,-268,-2335
MERCEDES-BENZ,RAC,29796,26788,27998,1798,-1210,-3008
MERCEDES-BENZ MINIBUS,Private,0,1,0,0,1,1
MERCEDES-V,Corporate,0,4605,4259,-4259,346,4605
MERCEDES-V,Private,0,1187,1325,-1325,-138,1187
MERCEDES-V,RAC,0,3036,2968,-2968,68,3036
MERCURY,Corporate,0,1,0,0,1,1
MERCUS,Corporate,0,1,0,0,1,1
MG,Corporate,8249,8731,8249,0,482,482
MG,Private,81477,80995,81397,80,-402,-482
MG,RAC,15261,15261,15331,-70,-70,0
MICROCAR,Corporate,0,34,0,0,34,34
MICROCAR,Private,0,495,0,0,495,495
MIDI EUROPE,Corporate,0,3,0,0,3,3
MIJARES,Corporate,0,1,0,0,1,1
MINGHONG-POWER,Corporate,0,129,0,0,129,129
MINGHONG-POWER,Private,0,7,0,0,7,7
MINGHONG-POWER,RAC,0,2,0,0,2,2
MINGNUO,Corporate,0,1,0,0,1,1
MINI,Corporate,11668,11784,11783,-115,1,116
MINI,Private,12176,12060,12027,149,33,-116
MINI,RAC,2058,2058,2025,33,33,0
MITSUBISHI,Corporate,5014,5494,5492,-478,2,480
MITSUBISHI,Private,5843,5363,5241,602,122,-480
MITSUBISHI,RAC,4337,4337,4442,-105,-105,0
MITSUBISHI FUSO,Corporate,0,97,0,0,97,97
MITSUBISHI FUSO,Private,0,6,0,0,6,6
MITSUBISHI FUSO,RAC,0,6,0,0,6,6
MITSUBISHI-FUSO,Corporate,0,0,1922,-1922,-1922,0
MITSUBISHI-FUSO,Private,0,0,122,-122,-122,0
MITSUBISHI-FUSO,RAC,0,0,224,-224,-224,0
MLT AUTOMOTIVE,Corporate,0,1,0,0,1,1
MLT AUTOMOTIVE,Private,0,1,0,0,1,1
MOBILVETTA,Private,0,7,0,0,7,7
MOBILVETTA DESIGN,Corporate,0,8,0,0,8,8
MOBILVETTA DESIGN,Private,0,131,0,0,131,131
MOBILVETTA DESIGN,RAC,0,26,0,0,26,26
MOBILVETTA DESIGN SPA,Private,0,1,0,0,1,1
MOBILVETTA DESING,Private,0,11,0,0,11,11
MODELCAR HNOS,Corporate,0,32,0,0,32,32
MODELCAR HNOS,Private,0,1,0,0,1,1
MODELCAR HNOS,RAC,0,25,0,0,25,25
MOKE,Corporate,0,2,5,-5,-3,2
MOKE,Private,0,1,7,-7,-6,1
MOKE,RAC,0,1,7,-7,-6,1
MOKE INTERNATIONAL LTD,Corporate,0,1,0,0,1,1
MOKE INTERNATIONAL LTD,Private,0,7,0,0,7,7
MOKE INTERNATIONAL LTD,RAC,0,7,0,0,7,7
MOLAS,Corporate,0,3,0,0,3,3
MOLAS,Private,0,1,0,0,1,1
MONCAR EUROPA,Corporate,0,21,0,0,21,21
MONCAR EUROPA,Private,0,5,0,0,5,5
MONTULL,Corporate,0,1,0,0,1,1
MONZA,Corporate,0,22,0,0,22,22
MONZA,RAC,0,1,0,0,1,1
MOOVEO,RAC,0,1,0,0,1,1
MORELO,Private,0,1,0,0,1,1
MORELO,RAC,0,3,0,0,3,3
MORGAN,Corporate,0,2,0,0,2,2
MORGAN,Private,0,10,9,-9,1,10
MORGAN,RAC,0,0,0,0,0,0
MOTO STAR,Corporate,0,11,0,0,11,11
MOTO STAR,Private,0,33,0,0,33,33
MOTOWEKTOR,Private,0,1,0,0,1,1
MOVEX,Corporate,0,279,0,0,279,279
MOVEX,Private,0,1,0,0,1,1
MOVEX,RAC,0,85,0,0,85,85
MULTIGOM,Corporate,0,8,0,0,8,8
MULTIGOM,Private,0,5,0,0,5,5
MULTIGOM,RAC,0,2,0,0,2,2
MULTITEL,Corporate,0,54,0,0,54,54
MULTITEL,Private,0,1,0,0,1,1
MULTITEL,RAC,0,75,0,0,75,75
MUSTANG,Private,0,1,0,0,1,1
MW MOTORS,Corporate,0,2,2,-2,0,2
MW MOTORS,Private,0,0,0,0,0,0
MW MOTORS,RAC,0,0,0,0,0,0
MYCSA,Corporate,0,2,0,0,2,2
NARROTRAILER FRUEHAUF,Corporate,0,6,0,0,6,6
NEOPLAN,Corporate,0,1,0,0,1,1
NEW HOLLAND,Corporate,0,2,0,0,2,2
NEW HOLLAND,Private,0,1,0,0,1,1
NEXTEM,Corporate,0,15,20,-20,-5,15
NEXTEM,Private,0,0,0,0,0,0
NEXTEM,RAC,0,10,12,-12,-2,10
NIESMANN BISCHOFF,Corporate,0,1,0,0,1,1
NIESMANN BISCHOFF,Private,0,8,0,0,8,8
NIESMANN+BISCHOFF,Corporate,0,1,0,0,1,1
NISSAN,Corporate,45995,46746,46751,-756,-5,751
NISSAN,Private,41336,40585,41005,331,-420,-751
NISSAN,RAC,13676,13676,12675,1001,1001,0
NOGE,Corporate,0,1,0,0,1,1
NOGE,Private,0,1,0,0,1,1
NOGE,RAC,0,5,0,0,5,5
NORANTZ,Corporate,0,4,0,0,4,4
NORANTZ,Private,0,7,0,0,7,7
NORANTZ,RAC,0,4,0,0,4,4
NOROESTE,Corporate,0,58,0,0,58,58
NOROESTE,Private,0,2,0,0,2,2
NOROESTE,RAC,0,7,0,0,7,7
NORTH CAPE,Private,0,7,0,0,7,7
NORTH CAPE,RAC,0,3,0,0,3,3
NOSMOKE,Corporate,0,3,0,0,3,3
NOSMOKE,Private,0,12,0,0,12,12
NOVARINI,Corporate,0,3,0,0,3,3
ODES,Corporate,0,12,0,0,12,12
ODES,Private,0,19,0,0,19,19
ODL,Corporate,0,2,0,0,2,2
OHM,Corporate,0,1,23,-23,-22,1
OHM,Private,0,0,0,0,0,0
OHM,RAC,0,2,3,-3,-1,2
OIL&STEEL,Corporate,0,45,0,0,45,45
OIL&STEEL,Private,0,1,0,0,1,1
OIL&STEEL,RAC,0,26,0,0,26,26
OLIAT,Corporate,0,3,0,0,3,3
OLIAT,Private,0,1,0,0,1,1
OMARS,Corporate,0,1,0,0,1,1
OMODA,Corporate,0,3739,3557,-3557,182,3739
OMODA,Private,0,16325,16409,-16409,-84,16325
OMODA,RAC,0,1855,1953,-1953,-98,1855
ONTINYENT,Corporate,0,1,0,0,1,1
OPAI,Private,0,1,0,0,1,1
OPEL,Corporate,53326,56700,56701,-3375,-1,3374
OPEL,Private,22229,18855,21633,596,-2778,-3374
OPEL,RAC,28405,28405,27105,1300,1300,0
OTOKAR,Corporate,0,139,0,0,139,139
OTOKAR,RAC,0,64,0,0,64,64
PALFINGER,Corporate,0,25,0,0,25,25
PALFINGER,Private,0,1,0,0,1,1
PALFINGER,RAC,0,74,0,0,74,74
PALFINGER PLATFORMS,Corporate,0,17,0,0,17,17
PALFINGER PLATFORMS,RAC,0,3,0,0,3,3
PANADERO,Private,0,1,0,0,1,1
PANAMA,Corporate,0,11,0,0,11,11
PANAMA,Private,0,145,0,0,145,145
PANAMA,RAC,0,20,0,0,20,20
PEGASO,Corporate,0,1,0,0,1,1
PEGASO,Private,0,2,0,0,2,2
PEQUEMAR,Corporate,0,4,0,0,4,4
PERIANES,Corporate,0,46,0,0,46,46
PERIANES,Private,0,6,0,0,6,6
PERTASA,Corporate,0,38,0,0,38,38
PERTASA,Private,0,3,0,0,3,3
PERTASA,RAC,0,1,0,0,1,1
PEUGEOT,Corporate,116034,119517,119518,-3484,-1,3483
PEUGEOT,Private,57675,54192,58084,-409,-3892,-3483
PEUGEOT,RAC,52054,52054,52736,-682,-682,0
PEÑA,Corporate,0,1,0,0,1,1
PEÑA,Private,0,2,0,0,2,2
PIAGGIO,Corporate,0,326,522,-522,-196,326
PIAGGIO,Private,0,20,19,-19,1,20
PIAGGIO,RAC,0,25,61,-61,-36,25
PILOTCAR,Corporate,0,4,0,0,4,4
PILOTCAR,Private,0,2,0,0,2,2
PILOTCAR,RAC,0,2,0,0,2,2
PILOTE,Corporate,0,4,0,0,4,4
PILOTE,Private,0,241,0,0,241,241
PILOTE,RAC,0,59,0,0,59,59
PIQUERSA,Corporate,0,12,0,0,12,12
PIQUERSA,Private,0,1,0,0,1,1
PIRINEUS,Corporate,0,40,0,0,40,40
PIRINEUS,Private,0,1,0,0,1,1
PLA,RAC,0,1,0,0,1,1
POESSI,Private,0,1,0,0,1,1
POESSI,RAC,0,1,0,0,1,1
POESSL,Corporate,0,3,0,0,3,3
POESSL,Private,0,33,0,0,33,33
POESSL,RAC,0,16,0,0,16,16
POLARIS,Corporate,0,293,0,0,293,293
POLARIS,Private,0,275,0,0,275,275
POLARIS,RAC,0,8,0,0,8,8
POLESTAR,Corporate,0,1390,1344,-1344,46,1390
POLESTAR,Private,0,273,275,-275,-2,273
POLESTAR,RAC,0,549,593,-593,-44,549
POLIGRUA,Corporate,0,2,0,0,2,2
POLYCAR,Corporate,0,7,0,0,7,7
POLYCAR,Private,0,3,0,0,3,3
PONCIN VEHICLES,Corporate,0,1,0,0,1,1
PONIENTE,Corporate,0,19,0,0,19,19
PONIENTE,Private,0,4,0,0,4,4
PONIENTE,RAC,0,2,0,0,2,2
PONTIAC,Corporate,0,2,0,0,2,2
PONTIAC,Private,0,1,0,0,1,1
PORSCHE,Corporate,5990,6003,5900,90,103,13
PORSCHE,Private,4009,3996,3975,34,21,-13
PORSCHE,RAC,508,508,614,-106,-106,0
POSSI,Private,0,6,0,0,6,6
POSSI,RAC,0,4,0,0,4,4
POSSL,Corporate,0,5,0,0,5,5
POSSL,Private,0,79,0,0,79,79
POSSL,RAC,0,8,0,0,8,8
PROCHASIS,Corporate,0,16,0,0,16,16
PRONATC,Corporate,0,7,0,0,7,7
PRONATC,Private,0,2,0,0,2,2
PRONATC,RAC,0,3,0,0,3,3
PROTEC FIRE,Corporate,0,139,0,0,139,139
PROTEC FIRE,RAC,0,12,0,0,12,12
PUJOL,Corporate,0,213,0,0,213,213
PUJOL,Private,0,4,0,0,4,4
PUJOL,RAC,0,55,0,0,55,55
PULSAR EXPO S.R.O.,Corporate,0,1,0,0,1,1
PUMA,Corporate,0,1,0,0,1,1
QJMOTOR,Corporate,0,7,0,0,7,7
QJMOTOR,Private,0,11,0,0,11,11
QUADDY,Corporate,0,73,0,0,73,73
QUADDY,Private,0,58,0,0,58,58
QUADDY,RAC,0,33,0,0,33,33
RAID SERVICES 4X4 S.L,Corporate,0,1,0,0,1,1
RAM,Corporate,0,3,0,0,3,3
RANDGER,Corporate,0,5,0,0,5,5
RANDGER,Private,0,138,0,0,138,138
RANDGER,RAC,0,20,0,0,20,20
RANGE ROVER,Private,0,1,0,0,1,1
RANGER,Private,0,1,0,0,1,1
RAPID,Corporate,0,3,0,0,3,3
RAPID,Private,0,30,0,0,30,30
RAPID,RAC,0,5,0,0,5,5
RAPIDO,Corporate,0,13,0,0,13,13
RAPIDO,Private,0,204,0,0,204,204
RAPIDO,RAC,0,7,0,0,7,7
RAVO,Corporate,0,1,0,0,1,1
RECAPOL,Corporate,0,667,0,0,667,667
RECAPOL,Private,0,45,0,0,45,45
RECAPOL,RAC,0,459,0,0,459,459
REGA,Corporate,0,3,0,0,3,3
REGA,Private,0,3,0,0,3,3
REGARD,Corporate,0,1,0,0,1,1
REHATRANS,Corporate,0,315,0,0,315,315
REHATRANS,Private,0,42,0,0,42,42
REHATRANS,RAC,0,32,0,0,32,32
REMAOP,Corporate,0,7,0,0,7,7
REMASFRI,Corporate,0,8,0,0,8,8
REMASFRI,RAC,0,2,0,0,2,2
REMOTAL,Corporate,0,2,0,0,2,2
REMOTAL,Private,0,1,0,0,1,1
RENAULT,Corporate,147254,153084,153085,-5831,-1,5830
RENAULT,Private,95185,89355,95634,-449,-6279,-5830
RENAULT,RAC,34928,34928,34168,760,760,0
RENAULT TRUCKS,Corporate,0,11,2211,-2211,-2200,11
RENAULT TRUCKS,Private,0,2,358,-358,-356,2
RENAULT TRUCKS,RAC,0,2,1151,-1151,-1149,2
RENAULT TRUCKS SAS,Corporate,0,7,0,0,7,7
RENAULT TRUCKS SAS,Private,0,1,0,0,1,1
RENLI,RAC,0,1,0,0,1,1
REVOLSA,Corporate,0,1,0,0,1,1
REWACO,Private,0,2,0,0,2,2
REYCAR,Corporate,0,37,0,0,37,37
REYCAR,Private,0,1,0,0,1,1
REYCAR,RAC,0,1,0,0,1,1
RIGUAL,Corporate,0,1,0,0,1,1
RIMOR,Corporate,0,4,0,0,4,4
RIMOR,Private,0,48,0,0,48,48
RIMOR,RAC,0,124,0,0,124,124
RIUDACARR,Corporate,0,16,0,0,16,16
RIUDACARR,Private,0,3,0,0,3,3
ROBETA,Private,0,1,0,0,1,1
ROBETA,RAC,0,5,0,0,5,5
ROBLES,Corporate,0,1,0,0,1,1
RODRIGUEZ LOPEZ AUTO,Corporate,0,180,0,0,180,180
RODRIGUEZ LOPEZ AUTO,Private,0,1512,0,0,1512,1512
RODRIGUEZ LOPEZ AUTO,RAC,0,589,0,0,589,589
ROGA,Corporate,0,15,0,0,15,15
ROGA,Private,0,2,0,0,2,2
ROLLER,RAC,0,1,0,0,1,1
ROLLER TEAM,Corporate,0,12,0,0,12,12
ROLLER TEAM,Private,0,442,0,0,442,442
ROLLER TEAM,RAC,0,316,0,0,316,316
ROLLS-ROYCE,Corporate,0,5,5,-5,0,5
ROLLS-ROYCE,Private,0,6,4,-4,2,6
ROLLS-ROYCE,RAC,0,0,0,0,0,0
ROMERO,Corporate,0,49,0,0,49,49
ROMERO,Private,0,3,0,0,3,3
ROMERO,RAC,0,7,0,0,7,7
ROMINSTAL SEGRIA,Corporate,0,1,0,0,1,1
ROMU,Corporate,0,485,0,0,485,485
ROMU,Private,0,112,0,0,112,112
ROMU,RAC,0,244,0,0,244,244
ROS-ROCA,Corporate,0,13,0,0,13,13
ROS-ROCA,RAC,0,1,0,0,1,1
ROSENBAUER,Corporate,0,34,0,0,34,34
ROTOMAR,Corporate,0,80,0,0,80,80
ROTOMAR,Private,0,3,0,0,3,3
ROTOMAR,RAC,0,9,0,0,9,9
RTF,Corporate,0,3,0,0,3,3
RUNHORSE,Corporate,0,2,0,0,2,2
S.M.,Corporate,0,3,0,0,3,3
SAHER,Corporate,0,1,0,0,1,1
SALEO-KRANE,Corporate,0,4,0,0,4,4
SAMSUNG,Corporate,0,1,0,0,1,1
SAN COSME Y SAN DAMIAN,Corporate,0,2,0,0,2,2
SAN COSME Y SAN DAMIAN,Private,0,1,0,0,1,1
SANTANA,Corporate,0,8,8,-8,0,8
SANTANA,Private,0,0,0,0,0,0
SANTANA,RAC,0,0,0,0,0,0
SARTRUCK,Corporate,0,188,0,0,188,188
SARTRUCK,Private,0,6,0,0,6,6
SARTRUCK,RAC,0,61,0,0,61,61
SATURN,Corporate,0,1,0,0,1,1
SCANIA,Corporate,0,89,0,0,89,89
SCANIA,Private,0,1,0,0,1,1
SCANIA,RAC,0,2,0,0,2,2
SCANIA CVAB,Corporate,0,1,0,0,1,1
SCION,Corporate,0,1,0,0,1,1
SCORA,Corporate,0,41,0,0,41,41
SCORA,Private,0,1,0,0,1,1
SCORA,RAC,0,25,0,0,25,25
SD SERVICES,Corporate,0,2,0,0,2,2
SEA-ELNAGH,RAC,0,1,0,0,1,1
SEAT,Corporate,64639,67469,67472,-2833,-3,2830
SEAT,Private,81979,79149,81546,433,-2397,-2830
SEAT,RAC,43328,43328,41022,2306,2306,0
SEG,Corporate,0,2,0,0,2,2
SEG,Private,0,6,0,0,6,6
SEGOTRAILER,Corporate,0,3,0,0,3,3
SEGOTRAILER,Private,0,1,0,0,1,1
SEGWAY,Corporate,0,75,0,0,75,75
SEGWAY,Private,0,140,0,0,140,140
SEGWAY,RAC,0,4,0,0,4,4
SEMICARFRAN SL,Corporate,0,189,0,0,189,189
SEMICARFRAN SL,Private,0,28,0,0,28,28
SEMICARFRAN SL,RAC,0,191,0,0,191,191
"SEMICARFRAN,S.L",Corporate,0,155,0,0,155,155
"SEMICARFRAN,S.L",Private,0,22,0,0,22,22
"SEMICARFRAN,S.L",RAC,0,103,0,0,103,103
SERES,Corporate,0,107,96,-96,11,107
SERES,Private,0,21,23,-23,-2,21
SERES,RAC,0,3,3,-3,0,3
SERRANO,Corporate,0,3,0,0,3,3
SERRANO,RAC,0,1,0,0,1,1
SERVI CAR,Corporate,0,54,0,0,54,54
SERVI CAR,RAC,0,2,0,0,2,2
SERVICAR,Corporate,0,100,0,0,100,100
SERVICAR,Private,0,2,0,0,2,2
SERVICAR,RAC,0,15,0,0,15,15
SETRA,Corporate,0,33,0,0,33,33
SETRA,RAC,0,14,0,0,14,14
SHARENGO ZHIDOU,Corporate,0,1,0,0,1,1
SHINERAY,Corporate,0,5,89,-89,-84,5
SHINERAY,Private,0,3,937,-937,-934,3
SHINERAY,RAC,0,0,580,-580,-580,0
SIGLER,Corporate,0,3,0,0,3,3
SIGLER,Private,0,4,0,0,4,4
SIGLER,RAC,0,20,0,0,20,20
SILA,Corporate,0,84,0,0,84,84
SILA,RAC,0,2,0,0,2,2
SILENCE,Corporate,0,175,0,0,175,175
SILENCE,Private,0,394,0,0,394,394
SILENCE,RAC,0,32,0,0,32,32
SIN MARCA,Corporate,0,2579,0,0,2579,2579
SIN MARCA,Private,0,472,0,0,472,472
SIN MARCA,RAC,0,1329,0,0,1329,1329
SKODA,Corporate,49529,49529,48344,1185,1185,0
SKODA,Private,41139,41139,41078,61,61,0
SKODA,RAC,21754,21754,22965,-1211,-1211,0
SKYWELL,Corporate,0,13,12,-12,1,13
SKYWELL,Private,0,2,2,-2,0,2
SKYWELL,RAC,0,0,0,0,0,0
SMART,Corporate,0,1352,1351,-1351,1,1352
SMART,Private,0,1109,1078,-1078,31,1109
SMART,RAC,0,216,238,-238,-22,216
SNOEKS,Corporate,0,2,0,0,2,2
SNOEKS,Private,0,1,0,0,1,1
SNOEKS AUTOMOTIVE,Corporate,0,7,0,0,7,7
SNOEKS AUTOMOTIVE,Private,0,1,0,0,1,1
SOCAGE,Corporate,0,249,0,0,249,249
SOCAGE,Private,0,5,0,0,5,5
SOCAGE,RAC,0,222,0,0,222,222
SOCAGE S.R.L.,Corporate,0,2,0,0,2,2
SOCAGE S.R.L.,RAC,0,1,0,0,1,1
SOLARIS,Corporate,0,378,0,0,378,378
SOLARIS,RAC,0,3,0,0,3,3
SOLIS,Private,0,2,0,0,2,2
SOMONTE,Corporate,0,7,0,0,7,7
SOMONTE,Private,0,2,0,0,2,2
SOMONTE,RAC,0,1,0,0,1,1
SORIBERICA,Corporate,0,628,0,0,628,628
SORTIMO,Corporate,0,5719,0,0,5719,5719
SORTIMO,Private,0,2,0,0,2,2
SORTIMO,RAC,0,1,0,0,1,1
SPORTEQUIPE,Corporate,0,8,0,0,8,8
SPORTEQUIPE,Private,0,9,3,-3,6,9
SPORTEQUIPE,RAC,0,1,0,0,1,1
SSANGYONG,Corporate,0,3148,3148,-3148,0,3148
SSANGYONG,Private,0,2853,3077,-3077,-224,2853
SSANGYONG,RAC,0,1997,1997,-1997,0,1997
STELLANTIS,Private,0,4,0,0,4,4
STELLANTIS,RAC,0,6,0,0,6,6
STELLANTIS EUROPE S.P.A.,Private,0,16,0,0,16,16
STELLANTIS EUROPE S.P.A.,RAC,0,2,0,0,2,2
STERCKEMAN,Private,0,2,0,0,2,2
STEYR,Corporate,0,1,0,0,1,1
STEYR DAIMLER PUCH,Private,0,2,0,0,2,2
STIL CONVERSION,Corporate,0,49,0,0,49,49
STIL CONVERSION,Private,0,267,0,0,267,267
STIL CONVERSION,RAC,0,120,0,0,120,120
STILL,Private,0,2,0,0,2,2
STOEWER,Private,0,1,0,0,1,1
STORTI,Corporate,0,1,0,0,1,1
STRTRAC,Corporate,0,1,0,0,1,1
STX,Corporate,0,28,0,0,28,28
STX,Private,0,4,0,0,4,4
STX,RAC,0,3,0,0,3,3
SUBARU,Corporate,0,1696,1710,-1710,-14,1696
SUBARU,Private,0,2302,2266,-2266,36,2302
SUBARU,RAC,0,714,714,-714,0,714
SUBIELA,Corporate,0,879,0,0,879,879
SUBIELA,Private,0,21,0,0,21,21
SUBIELA,RAC,0,32,0,0,32,32
SUCARRATS,Corporate,0,22,0,0,22,22
SUN LIVING,Corporate,0,2,0,0,2,2
SUN LIVING,Private,0,89,0,0,89,89
SUN LIVING,RAC,0,90,0,0,90,90
SUNSUNDEGUI,Corporate,0,39,0,0,39,39
SUNSUNDEGUI,RAC,0,23,0,0,23,23
SURTRUCK,Corporate,0,88,0,0,88,88
SURTRUCK,RAC,0,1,0,0,1,1
SUZUKI,Corporate,4587,4668,4275,312,393,81
SUZUKI,Private,11669,11588,11625,44,-37,-81
SUZUKI,RAC,2357,2357,2695,-338,-338,0
SUZUKI SANTANA,Private,0,1,0,0,1,1
SVOS,Corporate,0,7,0,0,7,7
SWITCH,Corporate,0,2,0,0,2,2
SWITCH,RAC,0,1,0,0,1,1
SWM,Corporate,0,91,0,0,91,91
SWM,Private,0,936,0,0,936,936
SWM,RAC,0,580,0,0,580,580
SYESVE,Corporate,0,1,0,0,1,1
T Y B TORREBLANCA,Corporate,0,1,0,0,1,1
T.R.AUDI,Corporate,0,1,0,0,1,1
TADAMA,Corporate,0,1,0,0,1,1
TADAMA,Private,0,1,0,0,1,1
TAGASA,Corporate,0,10,0,0,10,10
TAGASA,Private,0,1,0,0,1,1
TAGASA,RAC,0,1,0,0,1,1
TAILON,Corporate,0,5,0,0,5,5
TAILON,Private,0,1,0,0,1,1
TALLERES AGUILAR,Corporate,0,99,0,0,99,99
TALLERES AGUILAR,Private,0,16,0,0,16,16
TALLERES AGUILAR,RAC,0,14,0,0,14,14
TALLERES ALFONSO,Corporate,0,1,0,0,1,1
TALLERES ARTIETA,Corporate,0,3,0,0,3,3
TALLERES ARTIETA,Private,0,1,0,0,1,1
TALLERES JOFRAUTO,Corporate,0,2,0,0,2,2
TALLERES LAS GANDARAS,Corporate,0,12,0,0,12,12
TALLERES PRAT,Corporate,0,5,0,0,5,5
TALLERES PRAT,Private,0,3,0,0,3,3
TALLERES PRAT,RAC,0,1,0,0,1,1
TALLERES PRAT RUSIÑOL,Corporate,0,235,0,0,235,235
TALLERES PRAT RUSIÑOL,Private,0,30,0,0,30,30
TALLERES PRAT RUSIÑOL,RAC,0,38,0,0,38,38
TALLERES PRAT-RUSIÑOL,Corporate,0,14,0,0,14,14
TALLERES PRAT-RUSIÑOL,Private,0,3,0,0,3,3
TAMAME,Corporate,0,35,0,0,35,35
TAMAME,Private,0,5,0,0,5,5
TAMAME,RAC,0,7,0,0,7,7
TAMBRE,Corporate,0,8,0,0,8,8
TAMBRE,Private,0,2,0,0,2,2
TAZZARI,Private,0,1,0,0,1,1
TAZZARI,RAC,0,7,0,0,7,7
TCI,Corporate,0,1,0,0,1,1
TCM-TOYO,Corporate,0,1,0,0,1,1
TECHOIL,Corporate,0,1,0,0,1,1
TECNO TRAILER MURCIA,Corporate,0,17,0,0,17,17
TECNO TRAILER MURCIA,Private,0,1,0,0,1,1
TECNOCARROCERA,Corporate,0,176,0,0,176,176
TECNOCARROCERA,Private,0,27,0,0,27,27
TECNOCARROCERA,RAC,0,92,0,0,92,92
TECNOCARSA,Corporate,0,154,0,0,154,154
TECNOCARSA,Private,0,11,0,0,11,11
TECNOCARSA,RAC,0,32,0,0,32,32
TECNOCARSA SLL,Corporate,0,6,0,0,6,6
"TECNOCARSA, S.L.",Corporate,0,22,0,0,22,22
"TECNOCARSA, S.L.",Private,0,1,0,0,1,1
"TECNOCARSA, S.L.",RAC,0,6,0,0,6,6
TECNOGRUA,Corporate,0,6,0,0,6,6
TECNOGRUA,Private,0,1,0,0,1,1
TECNOVE,Corporate,0,224,0,0,224,224
TECNOVE,Private,0,35,0,0,35,35
TECNOVE,RAC,0,4,0,0,4,4
TECNOVE CUSTOM TRUCKS,Corporate,0,17,0,0,17,17
TECNOVE FIBERGLASS,Corporate,0,236,0,0,236,236
TECNOVE FIBERGLASS,Private,0,19,0,0,19,19
TECNOVE FIBERGLASS,RAC,0,426,0,0,426,426
TEICAR,Corporate,0,6,0,0,6,6
TEICAR,RAC,0,1,0,0,1,1
TEKAYDINLAR,Corporate,0,15,0,0,15,15
TEKAYDINLAR,RAC,0,3,0,0,3,3
TELSA INNOVACION,Corporate,0,1,0,0,1,1
TEMSA,Corporate,0,94,0,0,94,94
TEMSA,Private,0,3,0,0,3,3
TEMSA,RAC,0,13,0,0,13,13
TENAX,Corporate,0,145,0,0,145,145
TERRADAS,Corporate,0,130,0,0,130,130
TERRADAS,Private,0,1,0,0,1,1
TERRADAS,RAC,0,6,0,0,6,6
TESLA,Corporate,8963,9225,8519,444,706,262
TESLA,Private,36705,36443,37103,-398,-660,-262
TESLA,RAC,308,308,307,1,1,0
TESLA MOTORS,Corporate,0,1,0,0,1,1
TEYCARS,Corporate,0,1,0,0,1,1
TEYME,Corporate,0,1,0,0,1,1
TGB,Corporate,0,8,0,0,8,8
TGB,Private,0,24,0,0,24,24
THEAULT,Corporate,0,1,0,0,1,1
THERMOBUS,Corporate,0,7,0,0,7,7
THERMOBUS,Private,0,1,0,0,1,1
THERMOEUROP,Corporate,0,20,0,0,20,20
THERMOEUROP,Private,0,2,0,0,2,2
THERMOEUROP,RAC,0,9,0,0,9,9
THV,Corporate,0,3,0,0,3,3
TMMA,Corporate,0,3,0,0,3,3
TMMA,Private,0,1,0,0,1,1
TODOGRUAS,Corporate,0,1,0,0,1,1
TOQUERO,Corporate,0,6,0,0,6,6
TOQUERO BLANQUEZ,Private,0,1,0,0,1,1
TORO,Corporate,0,42,0,0,42,42
TORO,Private,0,2,0,0,2,2
TOTH ES FIAI,Corporate,0,3,0,0,3,3
TOTH ES FIAI,Private,0,96,0,0,96,96
TOTH ES FIAI,RAC,0,31,0,0,31,31
TOYOTA,Corporate,105870,108233,108234,-2364,-1,2363
TOYOTA,Private,182151,179788,182450,-299,-2662,-2363
TOYOTA,RAC,21039,21039,20703,336,336,0
TRANSGRUAS,Corporate,0,10,0,0,10,10
TRANSGRUAS,Private,0,1,0,0,1,1
TRANSGRUAS,RAC,0,2,0,0,2,2
TRANSGRUMA,Corporate,0,1,0,0,1,1
TRANSPOL,Corporate,0,122,0,0,122,122
TRANSPOL,Private,0,25,0,0,25,25
TRANSPOL,RAC,0,18,0,0,18,18
TRECASA,Corporate,0,2,0,0,2,2
TREMONIA MOBILITY,Corporate,0,5,0,0,5,5
TRIGANO,Corporate,0,1,0,0,1,1
TRIGANO,Private,0,4,0,0,4,4
TRIGANO,RAC,0,1,0,0,1,1
TRIGANO S.P.A.,Private,0,1,0,0,1,1
TRIKE BOOM,Private,0,2,0,0,2,2
TRIPOD,Corporate,0,6,0,0,6,6
TRIPOD,Private,0,46,0,0,46,46
TRIUMPH,Private,0,4,0,0,4,4
TRPC,Corporate,0,16,0,0,16,16
TRPC,RAC,0,1,0,0,1,1
TRUCK DEAL,Corporate,0,25,0,0,25,25
TRUCK DEAL,Private,0,1,0,0,1,1
TRUCK DEAL,RAC,0,7,0,0,7,7
TSD,Corporate,0,94,0,0,94,94
TSD,RAC,0,209,0,0,209,209
TT URO,Private,0,1,0,0,1,1
TURISTREN,Private,0,1,0,0,1,1
TVI,Corporate,0,29,0,0,29,29
TVI,RAC,0,11,0,0,11,11
TYN.E,Corporate,0,3,0,0,3,3
UAZ,Private,0,1,0,0,1,1
UBEMAR,Corporate,0,6,0,0,6,6
ULTRAND,Corporate,0,32,0,0,32,32
ULTRAND,Private,0,2,0,0,2,2
ULTRAND,RAC,0,5,0,0,5,5
UNVI,Corporate,0,76,0,0,76,76
UNVI,Private,0,1,0,0,1,1
UP SRL,Corporate,0,10,0,0,10,10
UP SRL,RAC,0,1,0,0,1,1
UP V6,Corporate,0,2,0,0,2,2
URBAN TRUCKS,Corporate,0,5,0,0,5,5
URBAPLUS,Corporate,0,6,0,0,6,6
UREÑA,Corporate,0,8,0,0,8,8
UREÑA,RAC,0,2,0,0,2,2
URO,Corporate,0,2,0,0,2,2
URO,Private,0,1,0,0,1,1
UROMAC,Corporate,0,2,0,0,2,2
VAG,Corporate,0,7,0,0,7,7
VALLEJO,Corporate,0,60,0,0,60,60
VALLEJO,Private,0,3,0,0,3,3
VALLEJO,RAC,0,4,0,0,4,4
VALLOR,Corporate,0,74,0,0,74,74
VALLOR,Private,0,6,0,0,6,6
VALLOR,RAC,0,41,0,0,41,41
VALSAT,Corporate,0,106,0,0,106,106
VALTRA,Corporate,0,2,0,0,2,2
VALTRA,Private,0,2,0,0,2,2
VALVERAUTO,Corporate,0,2,0,0,2,2
VALVERAUTO,Private,0,2,0,0,2,2
VAZ,Private,0,1,0,0,1,1
VDL,Corporate,0,9,0,0,9,9
VDL,RAC,0,6,0,0,6,6
VDL BUS,Corporate,0,1,0,0,1,1
VEBLINTER,Corporate,0,256,0,0,256,256
VEBLINTER,Private,0,6,0,0,6,6
VEMASUR,Corporate,0,75,0,0,75,75
VEMASUR,RAC,0,10,0,0,10,10
VESPINO,Private,0,1,0,0,1,1
VESYRO,Corporate,0,4,0,0,4,4
VESYRO,Private,0,1,0,0,1,1
VICTOR HERNANDEZ,Corporate,0,6,0,0,6,6
VICTOR HERNANDEZ,Private,0,1,0,0,1,1
VIEL CARROCERIAS,Corporate,0,18,0,0,18,18
VITALE,Corporate,0,11,0,0,11,11
VITALE,Private,0,4,0,0,4,4
VLOCON,Corporate,0,4,0,0,4,4
VLOCON,Private,0,2,0,0,2,2
VM COMPETICION,Corporate,0,1,0,0,1,1
VOLCAT,Corporate,0,2,0,0,2,2
VOLKNER,Corporate,0,1,0,0,1,1
VOLKSWAGEN,Corporate,115897,116492,116267,-370,225,595
VOLKSWAGEN,Private,91677,91164,91433,244,-269,-513
VOLKSWAGEN,RAC,48682,48687,51774,-3092,-3087,5
VOLKSWAGEN VW,Corporate,0,3,0,0,3,3
VOLKSWAGEN VW,Private,0,2,0,0,2,2
"VOLKSWAGEN, VW",Corporate,0,4,0,0,4,4
"VOLKSWAGEN, VW",Private,0,5,0,0,5,5
VOLKSWAGEN-AUTOVERO,Corporate,0,1,0,0,1,1
VOLQUE Y CARROC GALICIA,Corporate,0,7,0,0,7,7
VOLQUETES DEL SUR,Corporate,0,11,0,0,11,11
VOLQUETES DEL SUR,RAC,0,1,0,0,1,1
VOLQUETES GONZALVEZ,Corporate,0,99,0,0,99,99
VOLQUETES GONZALVEZ,Private,0,9,0,0,9,9
VOLQUETES GONZALVEZ,RAC,0,13,0,0,13,13
VOLQUETES Y CAR GALICIA,Corporate,0,10,0,0,10,10
VOLQUETES Y CAR GALICIA,Private,0,1,0,0,1,1
VOLQUETES Y CARROCERIAS GALICI,Corporate,0,7,0,0,7,7
VOLTEGO,Corporate,0,7,0,0,7,7
VOLTEGO,RAC,0,1,0,0,1,1
VOLVO,Corporate,27952,28394,28395,-443,-1,442
VOLVO,Private,15321,14879,14624,697,255,-442
VOLVO,RAC,4841,4841,4811,30,30,0
VOYAH,Corporate,0,34,34,-34,0,34
VOYAH,Private,0,2,2,-2,0,2
VOYAH,RAC,0,0,0,0,0,0
VPS,Corporate,0,47,0,0,47,47
VPS,Private,0,5,0,0,5,5
VPS,RAC,0,18,0,0,18,18
VST,Private,0,1,0,0,1,1
VSVE,Corporate,0,318,0,0,318,318
VSVE,Private,0,1,0,0,1,1
VSVE,RAC,0,85,0,0,85,85
WACKER NEUSON,Corporate,0,3,0,0,3,3
WEINSBERG,Corporate,0,4,0,0,4,4
WEINSBERG,Private,0,273,0,0,273,273
WEINSBERG,RAC,0,76,0,0,76,76
WESTFALIA,Corporate,0,21,0,0,21,21
WESTFALIA,Private,0,125,0,0,125,125
WESTFALIA,RAC,0,2,0,0,2,2
WESTFALIA MOBIL GMBH,Corporate,0,4,0,0,4,4
WESTFALIA MOBIL GMBH,Private,0,3,0,0,3,3
WESTFIELD,Private,0,1,0,0,1,1
WILLYS,Private,0,2,0,0,2,2
WILLYS OVERLAND,Private,0,2,0,0,2,2
WMA,Corporate,0,3,0,0,3,3
WMA MODERN,Corporate,0,1,0,0,1,1
WXEVERBRIGHT,Corporate,0,17,0,0,17,17
WXEVERBRIGHT,Private,0,3,0,0,3,3
XINGYUE,Corporate,0,1,0,0,1,1
XINGYUN,Corporate,0,2,0,0,2,2
XPENG,Corporate,0,296,293,-293,3,296
XPENG,Private,0,465,463,-463,2,465
XPENG,RAC,0,2,7,-7,-5,2
YAGUE,Corporate,0,126,0,0,126,126
YAGUE,Private,0,5,0,0,5,5
YAGUE,RAC,0,10,0,0,10,10
"YATIAN, GDYATIAN",Corporate,0,2,0,0,2,2
"YATIAN, GDYATIAN",Private,0,4,0,0,4,4
YEPABELY,Corporate,0,1,0,0,1,1
YEPABELY,Private,0,1,0,0,1,1
YOLDI,Corporate,0,74,0,0,74,74
YOLDI,Private,0,7,0,0,7,7
YUDO,Corporate,0,50,54,-54,-4,50
YUDO,Private,0,29,29,-29,0,29
YUDO,RAC,0,1,1,-1,0,1
YUTONG,Corporate,0,25,0,0,25,25
YUTONG,RAC,0,28,0,0,28,28
ZAGO,Corporate,0,7,0,0,7,7
ZAGO AUTOMOTIVE,Corporate,0,1236,0,0,1236,1236
ZAGO AUTOMOTIVE,Private,0,25,0,0,25,25
ZAGO AUTOMOTIVE,RAC,0,81,0,0,81,81
ZAMARBU,Corporate,0,71,0,0,71,71
ZARAGOZATRAILER,Corporate,0,2,0,0,2,2
ZARAGOZATRAILER,Private,0,1,0,0,1,1
ZEEHO,Private,0,1,0,0,1,1
ZEROID,Corporate,0,1,2,-2,-1,1
ZEROID,Private,0,0,0,0,0,0
ZEROID,RAC,0,0,0,0,0,0
ZHEJIANG,Corporate,0,1,0,0,1,1
ZHEJIANG,Private,0,1,0,0,1,1
ZHIDOU,Corporate,0,10,0,0,10,10
ZHIDOU,Private,0,17,0,0,17,17
ZHIDOU,RAC,0,1,0,0,1,1
