Mk,Va,Cn_va
ABARTH,1AEB0000A0,500
ABARTH,2AEB0000A0,600E
ALFA ROMEO,0APA413BC6,TONALE
ALFA ROMEO,3AEA0000A0,ALFA ROMEO JUNIOR
ALFA ROMEO,3AEB0000A0,ALFA ROMEO JUNIOR
ALFA ROMEO,3AGT312AB3,ALFA ROMEO JUNIOR
ALFA ROMEO,ACA4,GIULIA
ALFA ROMEO,AUA4,GIULIA
ALFA ROMEO,AWA2,GIULIA
ALFA ROMEO,AXA2A,STELVIO
ALFA ROMEO,AXS2A,STELVIO QUADRIFOGLIO
ALFA ROMEO,AXT2A,STELVIO
ALFA ROMEO,AXW1A,STELVIO
ASTON MARTIN,C,VANTAGE
ASTON MARTIN,G,DBX707
AUDI,A2DECAQ1,RS 4 AVANT
AUDI,A2DECCQ1,RS 4 AVANT
AUDI,A2DMKCQ1,S4 AVANT
AUDI,A2DMSAF1,A4 AVANT
AUDI,A2DTNBF1,A4 AVANT
AUDI,ABM21AH1,A6 AV E-TRON PERFORMANCE
AUDI,ABMQ3BQ1,S6 AV E-TRON
AUDI,ADMGHQ1,A6 AVANT
AUDI,ADMKDQ1,S6 AVANT
AUDI,ADYGBQ1,RS 6 AVANT
AUDI,ADYGBQ2,RS 6 AVANT
AUDI,C2DTPAF1,A5 COUPE
AUDI,CDMWAQ1,R8 COUPE
AUDI,GDMGKQ1,A8
AUDI,H2DTPAQ1,A4 ALLROAD QUATTRO
AUDI,HDLZAQ1,A6 ALLROAD QUATTRO
AUDI,HDNNEQ1,A3 ALLSTREET
AUDI,HDTPAQ1,A6 ALLROAD QUATTRO
AUDI,HDUCBF1,A3 ALLSTREET PHEV 150
AUDI,K2DMSAF1,A5 CABRIOLET
AUDI,K2DTNAF1,A5 CABRIOLET
AUDI,L2DTNAF1,A4 LIMOUSINE
AUDI,L2DTNBF1,A4 LIMOUSINE
AUDI,LDFYAF1,A3 LIMOUSINE
AUDI,LDMGKQ1,A8
AUDI,LDRYAQ1,A6 50 TFSI E
AUDI,S2DECAQ1,RS 5 SPORTBACK
AUDI,S2DECCQ1,RS 5 SPORTBACK
AUDI,S2DMKCQ1,S5 SPORTBACK
AUDI,S2DMTAQ1,A5 SPORTBACK
AUDI,S2DTNAF1,A5 SPORTBACK
AUDI,S2DTPAF1,A5 SPORTBACK
AUDI,S2DTPAQ1,A5 SPORTBACK
AUDI,S2DWZBQ1,A5 LIMOUSINE
AUDI,S2DXABF1,AUDI Q5 SB
AUDI,SBD2VQ2,E-TRON GT
AUDI,SBD7PAH1,Q4 SPORTBACK 45 E-TRON
AUDI,SBD7PBQ1,Q4 SPORTBACK 45 E-TRON
AUDI,SBL1FAH1,Q4 SPORTBACK 40 E-TRON
AUDI,SBL1FH1,Q4 SPORTBACK 40 E-TRON
AUDI,SBL1IAQ1,Q8 SPORTBACK 50 E-TRON
AUDI,SBL1NAQ1,SQ6 SB E-TRON
AUDI,SBL1WQ1,RS E-TRON GT
AUDI,SBM0CAQ1,S E-TRON GT
AUDI,SBM19AQ1,A6 SB E-TRON QUATTRO
AUDI,SBM1JAQ1,Q8 SPORTBACK 55 E-TRON
AUDI,SBMD2AQ2,RS E-TRON GT PERFORMANCE
AUDI,SBMQ3AQ1,SQ8 SPORTBACK E-TRON
AUDI,SBMQ3BQ1,S6 SB E-TRON
AUDI,SBMQ3CQ1,E-TRON GT
AUDI,SBMQ3CQ2,E-TRON GT
AUDI,SDGEAF1,A3 40 TFSIE
AUDI,SDLAAF1,A3 SPORTBACK
AUDI,SDMGAQ1,A7 SPORTBACK
AUDI,SDMKDQ1,S7 SPORTBACK
AUDI,SDMKDQ2,S7 SPORTBACK
AUDI,SDPXAQ1,Q8
AUDI,SDTPAF1,A7 SPORTBACK
AUDI,SDTPAQ1,Q5 SPORTBACK
AUDI,SDTSBF1,A3 SPORTBACK
AUDI,SDUCBF1,A3 SPORTBACK PHEV 150
AUDI,SDWNBQ2,RS Q8
AUDI,SDXNBQ1,Q3 SPORTBACK
AUDI,XBD7PAH1,Q4 45 E-TRON
AUDI,XBD7PBQ1,Q4 45 E-TRON
AUDI,XBL1EAH1,Q4 35 E-TRON
AUDI,XBL1FAH1,Q4 40 E-TRON
AUDI,XBL1FH1,Q4 40 E-TRON
AUDI,XBL1IAQ1,Q8 50 E-TRON
AUDI,XBL1IBQ1,Q4 55 E-TRON
AUDI,XBM0BAH1,Q6 SUV E-TRON
AUDI,XBM9TQ1,Q4 50 E-TRON
AUDI,XDCBEQ1,Q7 55 TFSI E
AUDI,XDGEAF1,Q3 E-TRON
AUDI,XDNNEQ1,Q3
AUDI,XDTNAF1,Q5
AUDI,XDTRBF1,Q2
AUDI,XDTSBF1,Q3
AUDI,XDTTCF1,Q2
AUTOMOBILI LAMBORGHINI S.P.A.,A E A A,URUS
AUTOMOBILI LAMBORGHINI S.P.A.,A1,HURACAN
AUTOMOBILI LAMBORGHINI S.P.A.,AA22,REVUELTO
AUTOMOBILI LAMBORGHINI S.P.A.,ACAA,URUS
AUTOMOBILI LAMBORGHINI S.P.A.,ADAA,URUS
AUTOMOBILI LAMBORGHINI S.P.A.,B E A A,URUS
AUTOMOBILI LAMBORGHINI S.P.A.,B1,HURACAN
AUTOMOBILI LAMBORGHINI S.P.A.,G2,HURACAN
BAIC,A3F1PA,X55
BENTLEY,AD4VAF,BENTAYGA S V8
BENTLEY,AD5XAE,BENTAYGA S V8
BENTLEY,AG4WBF,BENTAYGA AZURE HYBRID
BENTLEY,AG5WBF,BENTAYGA HYBRID
BENTLEY,AG5WBG,BENTAYGA AZURE HYBRID
BENTLEY,B4CYDD,FLYING SPUR MULLINER HYBRID
BENTLEY,B4DWEEC,FLYING SPUR MULLINER
BENTLEY,B4DWFFB,FLYING SPUR AZURE
BENTLEY,B5AZAD,FLYING SPUR SPEED EDITION 12
BENTLEY,B5CYDD,FLYING SPUR AZURE HYBRID
BENTLEY,B5DWEEC,FLYING SPUR MULLINER
BENTLEY,B5DWEED,FLYING SPUR SPEED
BENTLEY,C4BXBD,CONTINENTAL GT S V8
BENTLEY,C4DWEED,CONTINENTAL GT SPEED
BENTLEY,C4DWEFC,CONTINENTAL GT MULLINER
BENTLEY,C4DWEFD,CONTINENTAL GT SPEED
BENTLEY,C4DWFEA,CONTINENTAL GT
BENTLEY,C4DWFFA,CONTINENTAL GT
BENTLEY,C4DWFFB,CONTINENTAL GT AZURE
BENTLEY,D4AZCD,CONTINENTAL GTC SPEED EDITION 12
BENTLEY,D4BXBD,CONTINENTAL GTC AZURE V8
BENTLEY,D4DWEEC,CONTINENTAL GTC MULLINER
BENTLEY,D4DWEED,CONTINENTAL GTC SPEED
BENTLEY,D4DWEFC,CONTINENTAL GTC MULLINER
BENTLEY,D4DWFFA,CONTINENTAL GTC
BENTLEY,D4DWFFB,CONTINENTAL GTC AZURE
BMW,11AT,420I
BMW,11AW,M440I XDRIVE
BMW,11CF,IX XDRIVE40
BMW,11CS,XM 50E
BMW,11DM,M2
BMW,11DT,X4 XDRIVE20I
BMW,11EF,X1 M35I XDRIVE
BMW,11FL,520D
BMW,11FZ,318D
BMW,11GB,M3 COMPETITION M XDRIVE
BMW,11GH,218D
BMW,11GV,520I
BMW,11GW,520D
BMW,18FS,320E
BMW,21AX,420D
BMW,21CS,XM
BMW,21EA,225E XDRIVE ACTIVE TOURER
BMW,21EF,X1 XDRIVE25E
BMW,21FZ,320D
BMW,21GE,M135 XDRIVE
BMW,21GF,120D
BMW,21GL,M340I XDRIVE
BMW,25DN,X3 M40D
BMW,25GR,X3 40D XDRIVE
BMW,28FU,318D
BMW,31AK,220I
BMW,31AM,218D
BMW,31CA,X4 XDRIVE20D
BMW,31CF,IX M60
BMW,31CG,530E XDRIVE
BMW,31CS,XM LABEL
BMW,31GB,M3 CS
BMW,31GG,M235 XDRIVE
BMW,31GV,530E XDRIVE
BMW,31GW,540D XDRIVE
BMW,31HH,I5 M60 XDRIVE
BMW,31HR,IX3 50 XDRIVE
BMW,41AZ,M4 COMPETITION M XDRIVE
BMW,41CF,IX XDRIVE45
BMW,41DU,IX3
BMW,41EH,750E XDRIVE
BMW,41EX,X6 M60I XDRIVE
BMW,41FF,M340I XDRIVE
BMW,41FK,I5 M60 XDRIVE
BMW,41GN,X2 SDRIVE20D
BMW,41GV,550E XDRIVE
BMW,41HG,I5 M60 XDRIVE
BMW,41HK,M4 CS
BMW,48FF,M340I XDRIVE
BMW,51AP,430I
BMW,51AU,420D
BMW,51AX,430D XDRIVE
BMW,51BX,230E XDRIVE ACTIVE TOURER
BMW,51CF,IX XDRIVE60
BMW,51EH,M760E XDRIVE
BMW,51FY,320E XDRIVE
BMW,51GM,IX2 EDRIVE20
BMW,55BZ,X3 SDRIVE18D
BMW,61AT,M440I XDRIVE
BMW,61AY,M3 CS
BMW,61CF,IX M70 XDRIVE
BMW,61EF,IX1 XDRIVE30
BMW,61FU,M340D XDRIVE
BMW,61HG,I5 EDRIVE40
BMW,61HH,I5 M60 XDRIVE
BMW,65GP,X3 30E XDRIVE
BMW,68FF,330I
BMW,71AU,M440D XDRIVE
BMW,71BY,220D ACTIVE TOURER
BMW,71DB,440I XDRIVE
BMW,71EG,IX1 EDRIVE20
BMW,71GP,X3 M50 XDRIVE
BMW,71HD,I4 M60 XDRIVE
BMW,81AZ,3.0 CSL
BMW,81DA,M440I XDRIVE
BMW,81DB,420I
BMW,81EH,I7 M70 XDRIVE
BMW,81FY,M340I XDRIVE
BMW,81GE,120
BMW,81GM,X2 M35I XDRIVE
BMW,85DP,X3 M40I
BMW,AE21,840I
BMW,BC41,M850I XDRIVE
BMW,CY81,X6 M50I
BMW,DZ21,840I
BMW,FY41,M850I XDRIVE
BMW,GV21,840I
BMW,HF11,Z4 SDRIVE20I
BMW,YH11,X2 SDRIVE18I
BMW,YN91,X2 XDRIVE25E
BYD,H2F1C,BYD DOLPHIN
BYD,HH2F1C,SEAL 6 DM-I TOURING
BYD,M2D1C,TANG EV
BYD,ME2D1C,BYD SEALION 7
BYD,ME2F1C,BYD SEAL U
BYD,ME2R1C,BYD SEALION 7
BYD,MH2D1C,BYD SEAL U DM-I
BYD,MH2F1C,BYD SEAL U DM-I
BYD,SE2D1C,BYD SEAL
BYD,SE2R1C,BYD SEAL
BYD,SH2F1C,SEAL 6 DM-I
CITROEN,BE6FB,JUMPER
CITROEN,DBHZ,C4 PICASSO BLUEHDI 120 SS EAT6 POLICIA
CITROEN,DHNY,C4 PICASSO PURETECH 130 SS EAT6 POLICIA
CITROEN,E,C4X BLUEHDI 130 SS EAT8 PLUS (SOLO STOCK)
CITROEN,EEHZ7C,SPACETOURER JUMPY
CITROEN,EEHZ7P,SPACETOURER JUMPY
CITROEN,J/YHVM,JUMPY
CITROEN,P,NUEVO CITROEN E-C3 AIRCROSS ELECTRICO 113CV MAX
CITROEN,XHMR,C3 ORIGIN PURETECH 83 SS MAX
CUPRA,BEBJCL1FX2,BORN 150 KW 58 62 KWH
CUPRA,BECWAD8SX2,BORN 170 KW 77 82 KWH
CUPRA,BECWBD8SX2,BORN 170 KW 58 62 KWH
CUPRA,BEDCCD8SX2,BORN 170 KW 60 63 KWH
CUPRA,BEDCCM0AX2,BORN 150 KW 60 63 KWH
CUPRA,CBDFYAX0,CUPRA LEON
CUPRA,CBDGEAX0,CUPRA LEON E-HYBRID150
CUPRA,CBDNNAX0,CUPRA LEON
CUPRA,CBDUCBX0,CUPRA LEON E-HYBRID150
CUPRA,CFDNNAX0,CUPRA LEON SP
CUPRA,CXDNNAX1,CUPRA ATECA
CUPRA,CXDNPAX0,FORMENTOR
CUPRA,CXDNPDX0,FORMENTOR
CUPRA,CXDPCAX0,FORMENTOR
CUPRA,XDUCBX0,TERRAMAR E-HYBRID
CUPRA,XEDFAD7PX2,TAVASCAN
CUPRA,XEDFAD7PX2L,TAVASCAN
CUPRA,XX1EDL1IX1,TAVASCAN
CUPRA,XX1EDL1IX1L,TAVASCAN
CUPRA,XX1EEL1IX1L,TAVASCAN
DACIA,DHD2,DUSTER
DACIA,DHD4,DUSTER
DACIA,DHE2,DUSTER
DACIA,PE2,DUSTER
DACIA,PG2,DUSTER
DACIA,PG4,DUSTER
DACIA,PH2,DUSTER
DACIA,PL2,DUSTER
DACIA,SG2,BIGSTER
DACIA,SG4,BIGSTER
DACIA,SH2,BIGSTER
DACIA,SL2,BIGSTER
DFSK,----,IX5
DFSK,DXK6470AS2F,580
DFSK,DXK6470AS3H,FENGON 600
DFSK,DXK6471AS3H,FENGON 5
DFSK,DXK6481AS1PHEVH,DFSK E5
DFSK,DXK7000KDBEV,SERES 3
DFSK,DXK7150KD1H,FENGON 500
DONGFENG,ABEAA,BOX
DR,A,DR3.0
DR,S0DFL,EVO7
DR,SC0FL,EVO 5
DS AUTOMOBILES,4,N 4 PLUG-IN HYBRID ETOILE ALCANTARA
DS AUTOMOBILES,J,DS 3 E-TENSE ETOILE
DS AUTOMOBILES,N,N 4 E-TENSE ETOILE ALCANTARA
EBRO,DPL4BL,S700
EBRO,FHL4GL,S900 PHEV
EBRO,FPL4BL,S800
EVO,S0DFL,EVO7
EVO,SC0FL,EVO 5
FERRARI,AB,FERRARI 12CILINDRI
FERRARI,AD,FERRARI 12CILINDRI SPIDER
FERRARI,AH,FERRARI PUROSANGUE
FERRARI,BC,FERRARI ROMA SPIDER
FERRARI,HF,SF90 XX STRADALE
FERRARI,HG,SF90 SPIDER
FERRARI,KA,296 GTB
FERRARI,KC,296 GTS
FIAT,AXW13,500X
FIAT,AYD1B,FIAT 500
FIAT,DH6AU,DUCATO
FIAT,G,DOBLO
FIAT,G2TFE,BARON 22
FIAT,HXM1B,FIAT TIPO
FIAT,N,SCUDO
FIAT,R,PANDA
FIAT,S,SCUDO
FIAT,SXM1B,FIAT TIPO
FIAT,T,PANDA
FIAT,WXM1B,FIAT TIPO
FIAT,WXN1A,FIAT TIPO
FORD,ACDTREX0,TOURNEO CONNECT
FORD,ACDXRAX1,TOURNEO CONNECT
FORD,AFDTREX0,TOURNEO CONNECT
FORD,AFDXDEX0,TOURNEO CONNECT
FORD,AFDXRAX1,TOURNEO CONNECT
FORD,AFDXRDX0,TOURNEO CONNECT
FORD,B7NB21BX,TOURNEO COURIER
FORD,B7NB21MX,TOURNEO COURIER
FORD,B7NB21X,TOURNEO COURIER
FORD,BGDA1FBX,KUGA
FORD,BGDA1FDX,KUGA
FORD,BGDA1FEX,KUGA
FORD,BGDA1FSX,KUGA
FORD,BGDA1FX,KUGA
FORD,BGDC1FDX,KUGA
FORD,BGDC1FEX,KUGA
FORD,BGDC1FSX,KUGA
FORD,BGDC1FX,KUGA
FORD,BGDC4FBX,KUGA
FORD,BGDC4FDX,KUGA
FORD,BGDC4FEX,KUGA
FORD,BGDC4FSX,KUGA
FORD,BGDC4FX,KUGA
FORD,BJDA1FX,KUGA
FORD,BJFA1KCX,TRANSIT CUSTOM
FORD,BJFA1TBX,TOURNEO CUSTOM
FORD,BKFA1ECX,TRANSIT
FORD,BKFA1EDX,TRANSIT
FORD,BKFA1TAYF,INDEPENDENCE RE
FORD,BKFB1KAY,TRANSIT CUSTOM
FORD,BKFB1TDY,TOURNEO CUSTOM
FORD,BKFC1ECX,TRANSIT
FORD,BQWA4YX,EXPLORER
FORD,C0DA1RX,EXPLORER
FORD,C0DA1SX,CAPRI
FORD,C0JA12X,PUMA
FORD,C0NA21BX,TOURNEO COURIER
FORD,C0NA21MX,TOURNEO COURIER
FORD,C0NA21X,TOURNEO COURIER
FORD,C1DA1RX,EXPLORER
FORD,C1DA1SX,CAPRI
FORD,C1LM2YX,MUSTANG MACH-E
FORD,C2DA4RX,EXPLORER
FORD,C2DA4SX,CAPRI
FORD,EHDA1RX,EXPLORER
FORD,EHL72YX,MUSTANG MACH-E
FORD,EHL72YZ,MUSTANG MACH-E
FORD,EKRA2KBX,TRANSIT CUSTOM
FORD,EKRA2TCX,TOURNEO CUSTOM
FORD,ELLX4YZ,MUSTANG MACH-E
FORD,ELRA2TDX,TOURNEO CUSTOM
FORD,EML42YX,MUSTANG MACH-E
FORD,EML42YZ,MUSTANG MACH-E
FORD,ENL54YZ,MUSTANG MACH-E
FORD,M0DC1NX,FOCUS
FORD,MF8F2BX,MUSTANG
FORD,P0FA1ECX,TRANSIT
FORD,Q0JA12X,PUMA
FORD,UPDA1FDX,KUGA
FORD,UPDA1FX,KUGA
FORD,Y9DA1NX,FOCUS
HONDA,FL502,CIVIC TYPE R
HONDA,GR301,JAZZ
HONDA,GR302,JAZZ
HONDA,GR303,JAZZ
HONDA,GR601,JAZZ
HONDA,GR602,JAZZ
HONDA,GR603,JAZZ
HONDA,RS101,E:NY1
HONDA,RS501,CR-V
HONDA,RS502,CR-V
HONDA,RS503,CR-V
HONDA,RS601,CR-V
HONDA,RS603,CR-V
HONDA,RS801,CR-V
HONDA,RS802,CR-V
HONDA,RV501,HR-V
HONDA,RV502,HR-V
HONDA,RV503,HR-V
HONDA,RZ401,ZR-V
HONDA,RZ403,ZR-V
HURTAN,*,GRAND ALBAYCIN
HYUNDAI,A5E22,IONIQ 5
HYUNDAI,A5P31,I10
HYUNDAI,A5P51,I10
HYUNDAI,A7P14,SANTA FE
HYUNDAI,A7P24,SANTA FE
HYUNDAI,B5P31,I10
HYUNDAI,B5P41,I30 N
HYUNDAI,B5P51,I20
HYUNDAI,B5P81,I 30
HYUNDAI,B5P91,I20 N
HYUNDAI,BAP81,I 30
HYUNDAI,BBP61,I 30
HYUNDAI,BBP71,I 30
HYUNDAI,BBP91,I 30
HYUNDAI,BCP61,I 30
HYUNDAI,BCP91,I 30
HYUNDAI,BEP61,I 30
HYUNDAI,BEP91,I 30
HYUNDAI,C5P11,BAYON
HYUNDAI,C5P51,BAYON
HYUNDAI,F4E12,INSTER
HYUNDAI,F5D41,TUCSON
HYUNDAI,F5D54,TUCSON
HYUNDAI,F5E11,KONA
HYUNDAI,F5E32,KONA
HYUNDAI,F5E54,IONIQ 5
HYUNDAI,F5E74,IONIQ5 N
HYUNDAI,F5P11,TUCSON
HYUNDAI,F5P12,KONA
HYUNDAI,F5P22,KONA
HYUNDAI,F5P31,TUCSON
HYUNDAI,F5P32,KONA
HYUNDAI,F5P34,KONA
HYUNDAI,F5P41,TUCSON
HYUNDAI,F5P42,KONA
HYUNDAI,F5P44,TUCSON
HYUNDAI,F5P51,"TUCSON,IX35"
HYUNDAI,F5P52,KONA
HYUNDAI,F5P71,TUCSON
HYUNDAI,F5P81,TUCSON
HYUNDAI,F5P94,TUCSON
HYUNDAI,F6E34,IONIQ 9
HYUNDAI,F7E12,IONIQ 9
HYUNDAI,F7E24,IONIQ 9
HYUNDAI,F7E34,IONIQ 9
HYUNDAI,F9P12,STARIA
INEOS,1B4C,INEOS GRENADIER
JAECOO,DE00BL,JAECOO5 EV
JAECOO,DHL4BL,JAECOO7 PHEV
JAECOO,DPL4GL,JAECOO7
JAGUAR,DDADF0,JAGUAR F-TYPE
JAGUAR,DHCDC0,JAGUAR F-TYPE
JAGUAR,HMDDC0,JAGUAR F-PACE
JAGUAR,HMDEC0,JAGUAR F-PACE
JAGUAR,HOAECB,JAGUAR E-PACE
JAGUAR,HTBDC0,JAGUAR F-PACE
JAGUAR,HTBDD0,JAGUAR E-PACE
JAGUAR,HTBED0,JAGUAR E-PACE
JAGUAR,HTDDD0,JAGUAR E-PACE
JEEP,1AEA0000A0,AVENGER
JEEP,1AGT312AB3,AVENGER
JEEP,A,COMPASS
JEEP,AXT23,RENEGADE
JEEP,AXU1B,RENEGADE
JEEP,AXW14,RENEGADE
JEEP,C,COMPASS
JEEP,JCACG,GRAND CHEROKEE
JEEP,JHMFF,COMPASS
JEEP,JHPFP,COMPASS
KG MOBILITY,AETL,REXTON
KG MOBILITY,BA2L,TORRES EVX
KG MOBILITY,CY2L,TORRES
KG MOBILITY,CYTL,TORRES
KG MOBILITY,DH2L,TORRES ACTYON
KG MOBILITY,DY2L,TORRES
KIA,B5P11,CEED
KIA,B5P21,CEED
KIA,B5P31,CEED
KIA,B5P41,CEED
KIA,B5P51,CEED
KIA,BAP21,PROCEED
KIA,BAP41,PROCEED
KIA,BAP51,PROCEED
KIA,BCDA1,XCEED
KIA,BCP101,XCEED
KIA,BCP111,XCEED
KIA,BCP21,XCEED
KIA,BCP41,XCEED
KIA,BCP71,XCEED
KIA,BCP81,XCEED
KIA,C5E11,NIRO
KIA,C5P11,NIRO
KIA,C5P21,NIRO
KIA,C5P51,STONIC
KIA,C5P61,STONIC
KIA,C5P81,STONIC
KIA,F4E22,EV4
KIA,F4P11,PICANTO
KIA,F5D11,SPORTAGE
KIA,F5D21,SPORTAGE
KIA,F5D24,SPORTAGE
KIA,F5DA1,CEED
KIA,F5E12,EV3
KIA,F5E22,EV3
KIA,F5E44,EV6
KIA,F5E54,EV6
KIA,F5E64,EV6 GT
KIA,F5P11,SPORTAGE
KIA,F5P24,SPORTAGE
KIA,F5P34,SPORTAGE
KIA,F5P41,SPORTAGE
KIA,F5P44,SPORTAGE
KIA,F5P51,CEED
KIA,F5P54,SPORTAGE
KIA,F5P61,SPORTAGE
KIA,F5P64,SPORTAGE
KIA,F5P71,PICANTO
KIA,F5P81,PICANTO
KIA,F5PA1,PICANTO
KIA,F5PB1,PICANTO
KIA,F6E34,EV9
KIA,F7D12,SORENTO
KIA,F7D14,SORENTO
KIA,F7E12,EV9
KIA,F7E34,EV9
KIA,F7H12,SORENTO
KIA,F7H14,SORENTO
KIA,F7H24,SORENTO
LANCIA,H,YPSILON
LANCIA,P,YPSILON
LAND ROVER,CNGDH0,RANGE ROVER EVOQUE
LAND ROVER,CNGEH0,RANGE ROVER EVOQUE
LAND ROVER,CODDC0,DISCOVERY SPORT
LAND ROVER,CODEC0,DISCOVERY SPORT
LAND ROVER,CODFC0,DISCOVERY SPORT
LAND ROVER,HMCDC0,RANGE ROVER VELAR
LAND ROVER,HMCEC0,RANGE ROVER VELAR
LAND ROVER,HMCFC0,RANGE ROVER VELAR
LAND ROVER,HODDC0,RANGE ROVER EVOQUE
LAND ROVER,HODEC0,RANGE ROVER EVOQUE
LAND ROVER,HODFC0,RANGE ROVER EVOQUE
LAND ROVER,HRDDC0,RANGE ROVER
LAND ROVER,HTADC0,RANGE ROVER VELAR
LAND ROVER,HTAEC0,RANGE ROVER VELAR
LAND ROVER,HTEFD0,RANGE ROVER EVOQUE
LAND ROVER,HTFDD0,RANGE ROVER EVOQUE
LAND ROVER,HUAFC0,RANGE ROVER SPORT
LAND ROVER,HUBDC0,RANGE ROVER SPORT
LAND ROVER,HUBEC0,RANGE ROVER SPORT
LAND ROVER,HUBFC0,RANGE ROVER SPORT
LAND ROVER,HUCDC0,RANGE ROVER
LAND ROVER,HUCFC0,RANGE ROVER
LAND ROVER,HXEDC0,RANGE ROVER
LAND ROVER,HXEEC0,RANGE ROVER
LAND ROVER,HXEFC0,RANGE ROVER
LAND ROVER,HXFEC0,RANGE ROVER SPORT
LAND ROVER,HYDDC0,RANGE ROVER
LAND ROVER,HYEDC0,RANGE ROVER SPORT
LAND ROVER,HYEEC0,RANGE ROVER SPORT
LAND ROVER,HYEFC0,RANGE ROVER SPORT
LAND ROVER,IUCEC0,RANGE ROVER
LAND ROVER,IXEDC0,RANGE ROVER
LAND ROVER,IXFEC0,RANGE ROVER
LAND ROVER,IXGDC0,RANGE ROVER SPORT
LAND ROVER,IXGEC0,RANGE ROVER SPORT
LAND ROVER,IYDEC0,RANGE ROVER
LAND ROVER,IYDFC0,RANGE ROVER
LAND ROVER,NHFEC0,DEFENDER
LAND ROVER,NHHEC0,DEFENDER
LAND ROVER,NHHFC0,DEFENDER
LAND ROVER,NPDDC0,DEFENDER
LAND ROVER,NUEDC0,DEFENDER
LAND ROVER,OIKFC0,DEFENDER
LAND ROVER,OPDDC0,DEFENDER
LAND ROVER,OUAFC0,DEFENDER
LAND ROVER,PUEEC0,DEFENDER
LEAPMOTOR,0000,C10
LEAPMOTOR,0010,T03
LEAPMOTOR,AB2EE,B10
LEXUS,AAWH15(F),LEXUS LM350H
LEXUS,AAWH15(N),LEXUS LM350H
LEXUS,AAZH25(WA),LEXUS NX350H
LEXUS,AXZH10(E),LEXUS ES300H
LEXUS,GVF55(E),LEXUS LS500H
LEXUS,MAYH15(W),LEXUS LBX
LEXUS,TALH17(W),LEXUS RX500H
LIVAN,5DPL4,X3 PRO
LYNK&CO,2PNLZ1,LYNK  CO 08
LYNK&CO,A01,LYNK  CO 01
LYNK&CO,A02,LYNK  CO 02
LYNK&CO,GFF,LYNK  CO 01
MASERATI,0AEA0000C0,GRECALE FOLGORE
MASERATI,0AGT630BC8,GRECALE TROFEO
MASERATI,2AGT630CC8,GRANCABRIO TROFEO
MASERATI,6E4,QUATTROPORTE S Q4
MASERATI,6F2,QUATTROPORTE GT
MASERATI,7E4,GHIBLI MODENA S Q4
MASERATI,7L2,GHIBLI GT HYBRID
MASERATI,CAE,MC20
MASERATI,RAE,MC20 CIELO
MAXUS,800,MAXUS EUNIQ 5
MAZDA,4EC,MAZDA CX-60
MAZDA,6HZ,MAZDA2
MAZDA,6SG,MAZDA3
MAZDA,6W1,MAZDA CX-5
MAZDA,6W2,MAZDA CX-5
MAZDA,6WJ,MAZDA MX-30
MAZDA,GW2,MAZDA CX-5
MERCEDES-AMG,938UTB,AMG GT 55 4MATIC+
MERCEDES-AMG,QX8HTB,AMG GT 63 S 4MATIC+
MERCEDES-AMG,QX8XTB,AMG GT 63 S E PERFORMANCE
MERCEDES-AMG,S18VTB,AMG PURESPEED
MERCEDES-AMG,S417TA,AMG SL 43
MERCEDES-AMG,S44UTA,AMG SL 43
MERCEDES-AMG,S48WTB,AMG SL 63 S E PERFORMANCE
MERCEDES-AMG,S98VTB,MAYBACH SL 680
MERCEDES-AMG,Z38ZT0,AMG GT BLACK SERIES
MERCEDES-BENZ,1301A0,CLA 250+
MERCEDES-BENZ,1301Z0,CLA 250+
MERCEDES-BENZ,130CA1,CLA 350 4MATIC
MERCEDES-BENZ,130CZ1,CLA 350 4MATIC
MERCEDES-BENZ,3254T1,AMG CLA 45 S 4MATIC+
MERCEDES-BENZ,328QT2,CLA 250 E
MERCEDES-BENZ,32H7T2,CLA 200
MERCEDES-BENZ,32H9T2,CLA 180
MERCEDES-BENZ,331ET2,CLA 220 D
MERCEDES-BENZ,334MT2,CLA 250 E
MERCEDES-BENZ,338QT2,CLA 250 E
MERCEDES-BENZ,33H7T2,CLA 200
MERCEDES-BENZ,33H9T2,CLA 180
MERCEDES-BENZ,46EBA0,EQE 300
MERCEDES-BENZ,46EBB0,EQE 300
MERCEDES-BENZ,46ECBA,EQE 350+
MERCEDES-BENZ,46EEB1,EQE 350 4MATIC
MERCEDES-BENZ,46EEBB,EQE 350 4MATIC
MERCEDES-BENZ,46EFA1,EQE 500 4MATIC
MERCEDES-BENZ,46EFB1,EQE 500 4MATIC
MERCEDES-BENZ,46EGA1,EQE 500 4MATIC
MERCEDES-BENZ,46EIA0,EQE 300
MERCEDES-BENZ,46EJB0,EQE 350+
MERCEDES-BENZ,46EJBA,EQE 350+
MERCEDES-BENZ,46EKBB,AMG EQE 43 4MATIC
MERCEDES-BENZ,46EYB1,EQE 350 4MATIC
MERCEDES-BENZ,51EBA0,EQE 300
MERCEDES-BENZ,51EBBA,EQE 300
MERCEDES-BENZ,51EIA0,EQE 300
MERCEDES-BENZ,51ESAB,AMG EQE 53 4MATIC+
MERCEDES-BENZ,66EGBB,EQS 500 4MATIC
MERCEDES-BENZ,66EWAB,EQS 450 4MATIC
MERCEDES-BENZ,66EWBB,EQS 450 4MATIC
MERCEDES-BENZ,69ETBB,MAYBACH EQS 680
MERCEDES-BENZ,71EAB0,EQS 450+
MERCEDES-BENZ,71ECB0,EQS 350
MERCEDES-BENZ,71EDB0,EQS 450+
MERCEDES-BENZ,71EGB1,EQS 500 4MATIC
MERCEDES-BENZ,71EHA1,EQS 580 4MATIC
MERCEDES-BENZ,71EHB1,EQS 580 4MATIC
MERCEDES-BENZ,71ETA1,AMG EQS 53 4MATIC+
MERCEDES-BENZ,837PTB,AMG GLC 63S E PERFORMANCE
MERCEDES-BENZ,867PTB,AMG GLC 63S E PERFORMANCE
MERCEDES-BENZ,B21JT1,GLE 350 DE 4MATIC
MERCEDES-BENZ,B21PT1,GLE 350 DE 4MATIC
MERCEDES-BENZ,B223T1,GLE 400 D 4MATIC
MERCEDES-BENZ,B26VT1,AMG GLE 53 HYBRID
MERCEDES-BENZ,B26YT1,AMG GLE 53 HYBRID
MERCEDES-BENZ,B28PT1,AMG GLE 63 S 4MATIC+
MERCEDES-BENZ,B31GT1,GLE 350 DE 4MATIC COUPE
MERCEDES-BENZ,B31LT1,GLE 300 D 4MATIC COUPE
MERCEDES-BENZ,B31PT1,GLE 350 DE 4MATIC COUPE
MERCEDES-BENZ,B36UT1,AMG GLE 53 4MATIC+ COUPE
MERCEDES-BENZ,B36VT1,AMG GLE 53 HYBRID COUPE
MERCEDES-BENZ,B36YT1,AMG GLE 53 HYBRID COUPE
MERCEDES-BENZ,B38PT1,AMG GLE 63 S 4MATIC+COUPE
MERCEDES-BENZ,B78PT1,AMG GLS 63 4MATIC+
MERCEDES-BENZ,BM8MT1,MAYBACH GLS 600
MERCEDES-BENZ,C76TT1,G 500
MERCEDES-BENZ,CNEZZ1,G 580
MERCEDES-BENZ,H00ATA,C 200 D
MERCEDES-BENZ,H01LT0,C 300 D
MERCEDES-BENZ,H046TA,C 300
MERCEDES-BENZ,H05DT0,C 300 E
MERCEDES-BENZ,H087TB,AMG C 43 4MATIC+
MERCEDES-BENZ,H20ATA,C 200 D
MERCEDES-BENZ,H217TB,AMG C 43 4MATIC
MERCEDES-BENZ,H21LT0,C 300 D
MERCEDES-BENZ,H246TA,C 300
MERCEDES-BENZ,H287TB,AMG C 43 4MATIC+
MERCEDES-BENZ,I021T0,S 350 D
MERCEDES-BENZ,I022T0,S 350 D
MERCEDES-BENZ,I022TB,S 350 D 4MATIC
MERCEDES-BENZ,I06PT0,S 580 E
MERCEDES-BENZ,I06RT0,S 450 E
MERCEDES-BENZ,I06RTA,S 450 E
MERCEDES-BENZ,I06TT1,S 500 4MATIC
MERCEDES-BENZ,I06TTB,S 500 4MATIC
MERCEDES-BENZ,I08RT1,S 580 4MATIC
MERCEDES-BENZ,I122T1,S 350 D 4MATIC
MERCEDES-BENZ,I122TB,S 350 D 4MATIC
MERCEDES-BENZ,I16RT0,S 450 E
MERCEDES-BENZ,I16TT1,S 500 4MATIC
MERCEDES-BENZ,I16TTB,S 500 4MATIC
MERCEDES-BENZ,I18RT1,S 580 4MATIC
MERCEDES-BENZ,I98RT1,S 580 MAYBACH
MERCEDES-BENZ,J005T0,E 300 DE
MERCEDES-BENZ,J05DT0,E 300 E
MERCEDES-BENZ,J05PTA,E 200
MERCEDES-BENZ,K1U31350TXX,SPRINTER
MERCEDES-BENZ,K1U51350GXX,SPRINTER
MERCEDES-BENZ,K1U51350TXX,SPRINTER
MERCEDES-BENZ,K1W61350RXX,SPRINTER
MERCEDES-BENZ,K2U11350GXX,SPRINTER
MERCEDES-BENZ,K2W61350GXX,SPRINTER
MERCEDES-BENZ,K2W61350RXX,SPRINTER
MERCEDES-BENZ,K2W62350BXXAF,SPRINTER
MERCEDES-BENZ,KLE45350MXX,EQV 300
MERCEDES-BENZ,KLE45350NXX,EQV 300
MERCEDES-BENZ,KLU41320EXX,CLASE V
MERCEDES-BENZ,KLU41320NXX,CLASE V
MERCEDES-BENZ,KLU43320EXX,CLASE V
MERCEDES-BENZ,KLU4L310EXX,V 220 D
MERCEDES-BENZ,KOE45350PXX,EVITO TOURER
MERCEDES-BENZ,KOM61310NXX,VITO TOURER
MERCEDES-BENZ,KOU21310MXX,VITO TOURER
MERCEDES-BENZ,KOU21320SXX,VITO TOURER
MERCEDES-BENZ,KOU23320VXX,VITO TOURER
MERCEDES-BENZ,KOU2L320VXX,VITO TOURER
MERCEDES-BENZ,KOU41310MXX,VITO TOURER
MERCEDES-BENZ,KOU41320SXX,VITO TOURER
MERCEDES-BENZ,KOU41320VXX,VITO TOURER
MERCEDES-BENZ,KOU43320SXX,VITO TOURER
MERCEDES-BENZ,KOU43320VXX,VITO TOURER
MERCEDES-BENZ,KOU4L310MXX,VITO TOURER
MERCEDES-BENZ,KOU4L320SXX,VITO TOURER
MERCEDES-BENZ,KOU4L320VXX,VITO TOURER
MERCEDES-BENZ,KOU61320SXX,VITO TOURER
MERCEDES-BENZ,KOU61320VXX,VITO TOURER
MERCEDES-BENZ,KOU71310NXX,VITO TOURER
MERCEDES-BENZ,KOU71320SXX,VITO TOURER
MERCEDES-BENZ,KOU71320VXX,VITO TOURER
MERCEDES-BENZ,KOU7L320SXX,VITO TOURER
MERCEDES-BENZ,L304T0,CLE 220D
MERCEDES-BENZ,L35DT0,CLE 300 E
MERCEDES-BENZ,L35PT0,CLE 200
MERCEDES-BENZ,L35PTA,CLE 200
MERCEDES-BENZ,MHU4L310NXX,M. P. HORIZON 220 D
MERCEDES-BENZ,MHU61310NXX,MARCO POLO
MERCEDES-BENZ,MKU63310NXX,MARCO POLO 250 D
MERCEDES-BENZ,MKU6L320NXX,MARCO POLO 250 D
MERCEDES-BENZ,MKU7L310NXX,MARCO POLO 300 D
MERCEDES-BENZ,MXM61280VXX,VITO
MERCEDES-BENZ,MXM6L280VXX,VITO
MERCEDES-BENZ,MXU21300UXX,VITO
MERCEDES-BENZ,MXU2L310NXX,VITO
MERCEDES-BENZ,MXU41280VXX,VITO
MERCEDES-BENZ,MXU41310NXX,VITO
MERCEDES-BENZ,MXU41320VXX,VITO
MERCEDES-BENZ,MXU43300UXX,VITO
MERCEDES-BENZ,MXU43320VXX,VITO
MERCEDES-BENZ,MXU4L300UXX,VITO
MERCEDES-BENZ,MXU4L320VXX,VITO
MERCEDES-BENZ,MXU73300UXX,VITO
MERCEDES-BENZ,O01CT2,B 200 D
MERCEDES-BENZ,O01ET2,B 220 D
MERCEDES-BENZ,O04MT2,B 250 E
MERCEDES-BENZ,OH4MT2,GLA 250 E
MERCEDES-BENZ,OH51T1,AMG GLA 35
MERCEDES-BENZ,OH8QT2,GLA 250 E
MERCEDES-BENZ,OJ02Z2,EQA 250+
MERCEDES-BENZ,OJ06Z1,EQA 350 4MATIC
MERCEDES-BENZ,OJEQZ2,EQA 250
MERCEDES-BENZ,OJERZ1,EQA 300 4MATIC
MERCEDES-BENZ,OX51T1,AMG GLB 35
MERCEDES-BENZ,OXH9T2,GLB 180
MERCEDES-BENZ,OY06Z1,EQB 350 4MATIC
MERCEDES-BENZ,OY07Z1,EQB 300 4MATIC
MERCEDES-BENZ,R314T0,C 220 D
MERCEDES-BENZ,T314T0,E 220 D
MERCEDES-BENZ,T314T1,E 220 D 4MATIC
MERCEDES-BENZ,T385T0,E 350
MERCEDES-BENZ,T414T0,E 220 D
MERCEDES-BENZ,U01IT0,E 300 DE
MERCEDES-BENZ,U2U31350RXX,SPRINTER
MERCEDES-BENZ,V2W61350BXXW3,SPRINTER 319 CDI
MERCEDES-BENZ,X010T2,A 180 D
MERCEDES-BENZ,X01CT2,A 200 D
MERCEDES-BENZ,X04JT2,A 180
MERCEDES-BENZ,X04MT2,A 250 E
MERCEDES-BENZ,X24MT2,A 250 E
MERCEDES-BENZ,X251T1,AMG A 35
MERCEDES-BENZ,X28QT2,A 250 E
MG,1AB1PA,MG ZS
MG,1AB1PG,MG ZS
MG,1EAB1EI,MG ZS EV
MG,1EAB2EI,MG MARVEL R ELECTRIC
MG,1EAB3EI,MG MARVEL R ELECTRIC
MG,1EAB4EI,MG4 ELECTRIC
MG,2EAC1EI,MG5 ELECTRIC
MG,3PAB1OH,MG EHS PLUG-IN HYBRID
MG,AE2EE,MG CYBERSTER
MG,AE3EE,MG CYBERSTER
MINI,11DJ,COOPER SE
MINI,11GA,COUNTRYMAN C
MINI,11GC,COOPER E
MINI,11HF,JCW E
MINI,21GA,COUNTRYMAN S ALL4
MINI,21GC,COOPER SE
MINI,21HF,JCW ACEMAN E
MINI,31DK,COOPER
MINI,31GA,JCW COUNTRYMAN ALL4
MINI,31GC,ACEMAN E
MINI,31GD,JCW
MINI,31GX,JCW
MINI,51GA,COUNTRYMAN SE ALL4
MINI,61GA,COUNTRYMAN D
MINI,81GC,ACEMAN SE
MITSUBISHI,A0411,SPACE STAR 120 MPI KAITEKI
MITSUBISHI,BG2,COLT 100T GLP MOTION
MITSUBISHI,BH2,COLT 160 HEV KAITEKI
MITSUBISHI,GL321,ECLIPSE CROSS PHEV KAITEKI 4WD
MORGAN,B,PLUS FOUR
NISSAN,C,NISSAN QASHQAI
NISSAN,NKA,TOWNSTAR
NISSAN,NKJ,TOWNSTAR
OMODA,DE00BL,OMODA5 EV
OMODA,DHL4BL,OMODA5 HEV
OMODA,DPL4BL,OMODA5
OMODA,FHL4GL,OMODA 9 PHEV
OPEL,EA023DB12,CROSSLAND ELEGANCE PACK 1.2 GAS AT6 S S 130CV (96K
OPEL,EA025DB12,CROSSLAND ELEGANCE PACK 1.2 GAS MT6 S S 110CV (81K
OPEL,EEHZ7P,ZAFIRA
OPEL,Z,COMBO-E LIFE L ELEGANCE PLUS ELECTRICO 100KW   136
PEUGEOT,DVS/S,TRAVELLER
PEUGEOT,YHVM,EXPERT ERKE
POLESTAR,VSEU,POLESTAR 2
POLESTAR,VSFC,POLESTAR 2
POLESTAR,VSFD,POLESTAR 2
POLESTAR,VSFE,POLESTAR 2
POLESTAR,VSFF,POLESTAR 2
POLESTAR,YKEA,POLESTAR 3
POLESTAR,YKEE,POLESTAR 3
POLESTAR,YKEJ,POLESTAR 3
POLESTAR,ZPB,POLESTAR 4
PORSCHE,CA12,718 CAYMAN
PORSCHE,CB12,718 CAYMAN S
PORSCHE,CB22,911 CARRERA 4S
PORSCHE,CC22,911 CARRERA 4 GTS
PORSCHE,CE22,911 TURBO 50
PORSCHE,CH11,911 S T
PORSCHE,CH12,911 GT3 RS
PORSCHE,CL12,911 CARRERA S
PORSCHE,CL22,CAYENNE E-HYBRID
PORSCHE,CT22,CAYENNE TURBO E-HYBRID
PORSCHE,GA12,PANAMERA
PORSCHE,GA22,PANAMERA 4
PORSCHE,HA12,MACAN
PORSCHE,HA22,MACAN 4
PORSCHE,HB22,MACAN 4S
PORSCHE,HC22,MACAN TURBO
PORSCHE,JM12,TAYCAN
PORSCHE,JM22,TAYCAN 4
PORSCHE,JO22,TAYCAN TURBO
PORSCHE,JP22,TAYCAN TURBO S
PORSCHE,JS22,TAYCAN TURBO GT
PORSCHE,KA12,911 CARRERA
PORSCHE,KA22,911 CARRERA 4
PORSCHE,KB22,911 CARRERA 4S
PORSCHE,KC22,911 CARRERA 4 GTS
PORSCHE,KE22,911 TURBO S
PORSCHE,KK11,911 CARRERA T
PORSCHE,KK12,911 CARRERA
PORSCHE,KL12,911 CARRERA S
PORSCHE,KL22,911 CARRERA 4S
PORSCHE,SK22,CAYENNE
PORSCHE,SL22,CAYENNE E-HYBRID
PORSCHE,SM12,TAYCAN
PORSCHE,TL22,911 TARGA 4S
RENAULT,2BV2,TWINGO
RENAULT,BD2,CLIO
RENAULT,BF2,CLIO
RENAULT,BG2,CLIO
RENAULT,DP4,RAFALE
RENAULT,HE2,CAPTUR
RENAULT,JM,MASTER
RENAULT,KF2,MEGANE SPORT TOURER
RENAULT,RHE,RENAULT 4 E-TECH ELECTRIC
RENAULT,RKC,KANGOO
RENAULT,RKH,KANGOO
RENAULT,RPF,KANGOO
SEAT,SBDFYAX0,SEAT LEON
SEAT,SBDGEAX0,SEAT LEON E-HYBRID150
SEAT,SBDLAAX0,SEAT LEON
SEAT,SBDUCBX0,SEAT LEON E-HYBRID150
SEAT,SFDFYAX0,SEAT LEON SP
SEAT,SFDGEAX0,SEAT LEON SP E-HYBRID150
SEAT,SFDLAAX0,SEAT LEON SP
SEAT,XDBYA,ARONA
SEAT,XDGEAX0,TARRACO
SEAT,XDLAA,ARONA
SEAT,XDTSAX0,TARRACO
SEAT,XDXDBX0,TARRACO
SERES,SKE6470SBEVA5S,SERES 5
SERES,SKE6470SBEVR2,SERES 5
SERES,SKE7000BEVF5,SERES 3
SHINERAY,SY6422,
SIN MARCA,AADXPAX0,SUPERB
SIN MARCA,ACDXRBX1,KAROQ
SIN MARCA,ACVDXNBX1,KODIAQ
SIN MARCA,DXDBX0AC4,T-ROC
SIN MARCA,SDXPAF1,Q3 SPORTBACK
SKODA,AADFYAX0,OCTAVIA
SKODA,AADGEAX0,OCTAVIA
SKODA,AADGEBX01,SUPERB
SKODA,AADHFAX0,OCTAVIA
SKODA,AADLAAX0,OCTAVIA
SKODA,AADNNEX0,SUPERB
SKODA,AADNNEX1,OCTAVIA
SKODA,AADNPBX1,SUPERB
SKODA,AADPCAX01,SUPERB
SKODA,AADTRDX0,OCTAVIA
SKODA,AADTTCX0,OCTAVIA
SKODA,AADXDEX0,OCTAVIA
SKODA,ABCDLAAX0,KAMIQ
SKODA,ABCDUSBX0,KAMIQ
SKODA,ABCEDCCL1FX2,ENYAQ 60
SKODA,ABCX1EDD7PX1,ENYAQ 85X
SKODA,ABCX1EDL1IX1,ENYAQ RS
SKODA,ABDLAAX0,FABIA
SKODA,ABDUSBX0,FABIA
SKODA,ABDXDGX0,FABIA
SKODA,ABEBJAL1FX2,ENYAQ 80
SKODA,ABEBJCL1LX2,ENYAQ 60
SKODA,ABLEDCAL1EX2,ELROQ 50
SKODA,ABLEDCCL1FX2,ELROQ 60
SKODA,ABLX1EDD7PX1,ELROQ 85X
SKODA,ABLX1EDL1IX1,ELROQ RS
SKODA,ABSDLAAX0,SCALA
SKODA,ABSDUSBX0,SCALA
SKODA,ABX1EBL1GX1,ENYAQ RS
SKODA,ABX1EBL1RX1,ENYAQ 80X
SKODA,ACDFYAX0,OCTAVIA
SKODA,ACDGEAX0,OCTAVIA
SKODA,ACDHFAX0,OCTAVIA
SKODA,ACDNNEX0,SUPERB
SKODA,ACDNPAX0,OCTAVIA RS
SKODA,ACDTRDX0,OCTAVIA
SKODA,ACDTSBX01,SUPERB
SKODA,ACDTTCX0,OCTAVIA
SKODA,ACDTTCX1,KAROQ
SKODA,ACEDFAD7PX2,ENYAQ 85
SKODA,ACNEDCCL1FX2,ENYAQ 60
SKODA,ACNEDFAD7PX2,ENYAQ 85
SKODA,ACNX1EDD7PX1,ENYAQ 85X
SKODA,ACNX1EDL1IX1,ENYAQ RS
SKODA,ACX1EBL1GX1,ENYAQ RS
SKODA,ACX1EDD7PX1,ENYAQ 85X
SPORTEQUIPE,D E 2 2 T L,SPORTEQUIPE 6
SPORTEQUIPE,F P 2 K B L,SPORTEQUIPE 8
SPORTEQUIPE,S0V4L,ICH-X K3
SPORTEQUIPE,SD0L4L,X K2
SSANGYONG,AA2L,KORANDO E-MOTION
SSANGYONG,AETL,REXTON
SSANGYONG,AY2L,TIVOLI
SSANGYONG,CYTL,TORRES
SUBARU,GXE,CROSSTREK
SUBARU,SKE,FORESTER
SUBARU,ZD8,BRZ
SUZUKI,AD2S,S-CROSS
SUZUKI,AH2S,S-CROSS
SUZUKI,BD2S,S-CROSS
SUZUKI,BH2S,S-CROSS
SUZUKI,CA3S,SWIFT
SUZUKI,CEDS,SWIFT
SUZUKI,DD1S,VITARA
SUZUKI,DEDS,SWIFT
SUZUKI,DH1S,VITARA
SUZUKI,ED1S,VITARA
SUZUKI,EH1S,VITARA
SUZUKI,H91S,IGNIS
SUZUKI,J91S,IGNIS
SUZUKI,ZWE219(W),SUZUKI SWACE
SWM,JKC6460B6S1-5,G03F
SWM,JKC6460B6S1-7,G03F
SWM,JKC6460F5CA,G01
SWM,JKC6460F5ZA,G01
SWM,JKC6461B6S1,G01
SWM,JKC6470F5CA,G01F
SWM,JKC6470F5ZA,G01F
SWM,JKC6470Q6CY,G05
SWM,JKC6471B6S0,G01F
SWM,JKC6471B6S1,G01 PRO
SWM,JKC6480B6S0,G05
SWM,JKC6480B6S1,G05
TESLA,E5LD,MODEL 3
TESLA,E6LR,MODEL 3
TESLA,H5LD,MODEL 3
TESLA,H5LR,MODEL 3
TESLA,H5MR,MODEL 3
TESLA,H6LR,MODEL 3
TESLA,H6MR,MODEL 3
TESLA,SB1D,MODEL S
TESLA,XB1D,MODEL X
TESLA,XB1T,MODEL X
TESLA,Y5LR,MODEL Y
TESLA,Y6LR,MODEL Y
TESLA,Y7CR,MODEL Y
TESLA,YB6MR,MODEL Y
TESLA,YS5LD,MODEL Y
TESLA,YS5LR,MODEL Y
TESLA,YS5MD,MODEL Y
TESLA,YS5MR,MODEL Y
TESLA,YS6MR,MODEL Y
TOYOTA,AXUH78(R),TOYOTA HIGHLANDER
TOYOTA,AXVH71(E),TOYOTA CAMRY
TOYOTA,DB05,TOYOTA SUPRA A90FE
TOYOTA,DB25,TOYOTA SUPRA
TOYOTA,DB45,TOYOTA SUPRA
TOYOTA,GDJ150(MC),TOYOTA LAND CRUISER (150 SERIE
TOYOTA,GDJ150(MF),TOYOTA LAND CRUISER (150 SERIE
TOYOTA,GDJ250(N),TOYOTA LAND CRUISER
TOYOTA,GDJ251(N),TOYOTA LAND CRUISER
TOYOTA,JPD20(E),TOYOTA MIRAI
TOYOTA,MAXH20(H),TOYOTA C-HR
TOYOTA,MAXH25(H),TOYOTA C-HR
TOYOTA,MXPA11(H),TOYOTA YARIS
TOYOTA,MXPJ10(H),TOYOTA YARIS CROSS
TOYOTA,MZEH19(H),TOYOTA COROLLA
TOYOTA,R,PROACE CITY VERSO
TOYOTA,XEAM10(W),TOYOTA BZ4X
TOYOTA,XEAM11(W),TOYOTA BZ4X
TOYOTA,ZVG13(H),TOYOTA COROLLA
TSD,K2W62350BXX,SPRINTER
VOLKSWAGEN,4ACEBJAL1FX2,ID.4 PRO 150 KW
VOLKSWAGEN,4ACEBJAL1TX2,ID.4 PRO 128 KW
VOLKSWAGEN,4ACEDCAL1EX2,ID.4 PURE 125KW
VOLKSWAGEN,4ACX1EBL1GX1,ID.4 GTX 220 KW
VOLKSWAGEN,5ACEBJAL1FX2,ID.5 PRO 150 KW
VOLKSWAGEN,5ACEBJAL1TX2,ID.5 PRO 128 KW
VOLKSWAGEN,5ACEDCAL1EX2,ID.5 PURE 125KW
VOLKSWAGEN,5ACEDFAD7PX2,ID.5 PRO 210KW
VOLKSWAGEN,5ACX1EBL1GX1,ID.5 GTX 220 KW
VOLKSWAGEN,5ACX1EDL1IX1,ID.5 GTX 250KW
VOLKSWAGEN,ABDLAC,POLO
VOLKSWAGEN,ABDNNAX0,ARTEON
VOLKSWAGEN,ABDNND,POLO
VOLKSWAGEN,ABDSGD,POLO
VOLKSWAGEN,ABEDFBD7PX2,ID.7 PRO S
VOLKSWAGEN,ABX1EDJ8AX1,ID.7 GTX
VOLKSWAGEN,ACDFYAX0,GOLF
VOLKSWAGEN,ACDGEBX0,PASSAT
VOLKSWAGEN,ACDLAAX0,GOLF
VOLKSWAGEN,ACDNPBX1,TIGUAN
VOLKSWAGEN,ACDPBAX0,GOLF
VOLKSWAGEN,ACDPYC2,TOUAREG
VOLKSWAGEN,ACDTRAX0,PASSAT
VOLKSWAGEN,ACDTRBX0,GOLF
VOLKSWAGEN,ACDTRDX0,GOLF
VOLKSWAGEN,ACDTSAX0,PASSAT
VOLKSWAGEN,ACDTSBX0,TIGUAN
VOLKSWAGEN,ACDTUAX1,PASSAT
VOLKSWAGEN,ACDXDB,TAIGO
VOLKSWAGEN,ACEBJAL1FX2,ID. BUZZ PRO 150 KW
VOLKSWAGEN,ACEBJCL1FX2,ID.3 PRO 150 KW
VOLKSWAGEN,ACEDCAL1EX2,ID.3 PURE 125 KW
VOLKSWAGEN,ACEDCCM0AX2,ID.3 PRO 150 KW
VOLKSWAGEN,ACEDFAD7PX2,ID.7 TOURER PRO
VOLKSWAGEN,ACEEWAL1AX2,ID.3 GTX PERF. 240 KW
VOLKSWAGEN,ACX1EDJ8AX1,ID.7 TOURER GTX
VOLKSWAGEN,AFECNAD7PX2,ID. BUZZ PRO KR 210 KW
VOLKSWAGEN,AFECNBD7PX2,ID. BUZZ PRO LR 210 KW
VOLKSWAGEN,AFX1EDJ8AX1,ID. BUZZ GTX LR 250 KW
VOLKSWAGEN,BCFA1CBX,CARAVELLE
VOLKSWAGEN,BCFA1CCX,CARAVELLE
VOLKSWAGEN,BCFA1GBX,TRANSPORTER
VOLKSWAGEN,BDZLAX0,CALIFORNIA
VOLKSWAGEN,DLAAX0AC4,T-ROC
VOLKSWAGEN,DTRDX0AC4,T-ROC
VOLKSWAGEN,DTTAX0AC4,T-ROC
VOLKSWAGEN,DUSAX0AE2,T-ROC
VOLKSWAGEN,DXDBAF,TOURAN
VOLKSWAGEN,DXDBX0AC,T-ROC
VOLKSWAGEN,DXDEX0AC,T-ROC
VOLKSWAGEN,DXPAAC,TOURAN
VOLKSWAGEN,DXPAAF,TOURAN
VOLKSWAGEN,EKRA2CAX,CARAVELLE
VOLKSWAGEN,EKRA2CCX,CARAVELLE
VOLKSWAGEN,MDGEAX0,MULTIVAN
VOLKSWAGEN,MDRNBX0,MULTIVAN
VOLKSWAGEN,VBDRNBX0,CALIFORNIA
VOLKSWAGEN,VGDMZA308X0,KOMBI
VOLKSWAGEN,VGDNAA308X0,KOMBI
VOLKSWAGEN,VGDNAB280X0,KOMBI
VOLKSWAGEN,VGDNAB308X0,KOMBI
VOLKSWAGEN,VSDNAA308X0,CALIFORNIA BEACH
VOLKSWAGEN,VTDUCAX1,CALIFORNIA
VOLKSWAGEN,VTDZLAX0,CALIFORNIA
VOLVO,1SDD,ES90
VOLVO,2YEK,EX30 CROSS COUNTRY
VOLVO,2ZEK,EX30
VOLVO,LFH5,XC90
VOLVO,LFK2,XC90
VOLVO,PSK2,S90
VOLVO,PSK9,S90
VOLVO,PWK5,V90
VOLVO,PZK5,V90 CROSS COUNTRY
VOLVO,TCEN,EX90
VOLVO,TFEE,EX90
VOLVO,TFEV,EX90
VOLVO,UZH1,XC60
VOLVO,UZK5,XC60
VOLVO,UZK9,XC60
VOLVO,XKEB,EC40
VOLVO,XKEP,C40
VOLVO,XZEF,XC40
VOLVO,XZEP,XC40
VOLVO,XZL4,XC40
VOLVO,ZSH5,S60
VOLVO,ZSH7,S60
VOLVO,ZSK8,S60
VOLVO,ZWK5,V60
VOLVO,ZZK5,V60 CROSS COUNTRY
VOLVO,ZZL1,V60 CROSS COUNTRY
VOYAH,0E4A,FREE
XPENG,E2L,G9
YUDO,BE21F1C,YUDO 3
