dealer_name,point_of_sale,postcode,city,latitude,longitude,source_url
ORVECAME,ORVECAME (FUERTEVENTURA),35600,Puerto del Rosario (Fuerteventura),28.49376,-13.86704,https://www.volvocars.com/es/dealers/concesionarios-talleres/
ORVECAME,ORVECAME (LANZAROTE),35509,Lanzarote (Canarias),28.95735,-13.59753,https://www.volvocars.com/es/dealers/concesionarios-talleres/
ORVECAME,ORVECAME (GRAN CANARIA),35014,Las Palmas (Canarias),28.101115,-15.435397,https://www.volvocars.com/es/dealers/concesionarios-talleres/
ORVECAME,ORVECAME (TENERIFE),38108,Santa Cruz de Tenerife (Canarias),28.44846,-16.29321,https://www.volvocars.com/es/dealers/concesionarios-talleres/
SURAUTO,SURAUTO (ALGECIRAS),11204,Algeciras (Cádiz),36.14936,-5.455299,https://www.volvocars.com/es/dealers/concesionarios-talleres/
VYPSA,VYPSA (MARBELLA),29670,Marbella (Málaga),36.49408,-4.989595,https://www.volvocars.com/es/dealers/concesionarios-talleres/
VYPSA,VYPSA (MÁLAGA),29004,Málaga,36.68408,-4.466397,https://www.volvocars.com/es/dealers/concesionarios-talleres/
INDACAR,INDACAR (ALMERÍA),04230,Almería,36.87271,-2.4446,https://www.volvocars.com/es/dealers/concesionarios-talleres/
SURAUTO SHERRY,SURAUTO SHERRY (JEREZ DE LA FRONTERA),11407,Jerez de la Frontera (Cádiz),36.70868,-6.113655,https://www.volvocars.com/es/dealers/concesionarios-talleres/
ARISTA,ARISTA (GRANADA),18015,Granada,37.20083,-3.650958,https://www.volvocars.com/es/dealers/concesionarios-talleres/
SEDAUTO,SEDAUTO (CARTAGENA),30310,Cartagena (Murcia),37.62672,-1.001515,https://www.volvocars.com/es/dealers/concesionarios-talleres/
TURISMOS LA RAZA,TURISMOS LA RAZA (SEVILLA),41013,Sevilla,37.36354,-5.957602,https://www.volvocars.com/es/dealers/concesionarios-talleres/
CODIMOTOR,CODIMOTOR (SEVILLA),41007,Sevilla (Avda. Fdez. Murube),37.394719,-5.944258,https://www.volvocars.com/es/dealers/concesionarios-talleres/
CODIMOTOR,CODIMOTOR (HUELVA),21007,Huelva,37.26459,-6.924015,https://www.volvocars.com/es/dealers/concesionarios-talleres/
CASMAR JAÉN,CASMAR JAÉN (JAÉN),23009,Jaén,37.79333,-3.780664,https://www.volvocars.com/es/dealers/concesionarios-talleres/
SEDAUTO,SEDAUTO (MURCIA),30100,Murcia,38.0143,-1.1019,https://www.volvocars.com/es/dealers/concesionarios-talleres/
VYPSA,VYPSA (CÓRDOBA),14014,Córdoba,37.90347,-4.725236,https://www.volvocars.com/es/dealers/concesionarios-talleres/
ANKARA MOTOR,ANKARA MOTOR (ELCHE),03204,Elche (Alicante),38.25668,-0.702648,https://www.volvocars.com/es/dealers/concesionarios-talleres/
ANKARA MOTOR,ANKARA MOTOR (ALICANTE),03006,Alicante,38.34475,-0.526067,https://www.volvocars.com/es/dealers/concesionarios-talleres/
AUTO SWEDEN,"AUTO SWEDEN (GANDÍA, Exposición)",46701,Gandía (Valencia),38.97573,-0.183452,https://www.volvocars.com/es/dealers/concesionarios-talleres/
PROVEHIMA,PROVEHIMA (ALBACETE),02080,Albacete,39.02113,-1.887148,https://www.volvocars.com/es/dealers/concesionarios-talleres/
VYPSA,VYPSA (CIUDAD REAL),13005,Ciudad Real,38.99125,-3.902067,https://www.volvocars.com/es/dealers/concesionarios-talleres/
MAVENSA,MAVENSA (BADAJOZ),06008,Badajoz,38.87428,-6.956491,https://www.volvocars.com/es/dealers/concesionarios-talleres/
AUTO SWEDEN,AUTO SWEDEN (VALENCIA),46010,Valencia (C/Aben Al Abbar),39.467,-0.35271,https://www.volvocars.com/es/dealers/concesionarios-talleres/
VEDAT VALENCIA,VEDAT VALENCIA (VALENCIA),46015,Valencia,39.4785,-0.400003,https://www.volvocars.com/es/dealers/concesionarios-talleres/
AUTOVIDAL,AUTOVIDAL (PALMA DE MALLORCA),07009,Palma de Mallorca (Baleares),39.607096,2.668225,https://www.volvocars.com/es/dealers/concesionarios-talleres/
MAVENSA,MAVENSA (CÁCERES),10001,Cáceres,39.48642,-6.418933,https://www.volvocars.com/es/dealers/concesionarios-talleres/
VEDAT VALENCIA,VEDAT VALENCIA (CASTELLÓN),12004,Castellón,39.99184,-0.048955,https://www.volvocars.com/es/dealers/concesionarios-talleres/
VIÑARÁS PREMIUM,VIÑARÁS PREMIUM (TOLEDO),45280,Olias del Rey (Toledo),39.91341,-4.007887,https://www.volvocars.com/es/dealers/concesionarios-talleres/
VIÑARÁS PREMIUM,VIÑARÁS PREMIUM (ILLESCAS),45200,Illescas (Toledo),40.154352,-3.822956,https://www.volvocars.com/es/dealers/concesionarios-talleres/
DITEVO MADRID,DITEVO MADRID (ALCORCÓN),28922,Alcorcón (Madrid),40.35778,-3.825441,https://www.volvocars.com/es/dealers/concesionarios-talleres/
DITEVO MADRID,DITEVO MADRID (MENDEZ ALVARO),28045,Madrid (C/Méndez Álvaro),40.40079,-3.68621,https://www.volvocars.com/es/dealers/concesionarios-talleres/
AUTO ELIA,"AUTO ELIA (C/ Goya, 99)",28009,Madrid (C/Goya),40.42479,-3.673907,https://www.volvocars.com/es/dealers/concesionarios-talleres/
AUTO ELIA,AUTO ELIA (MADRID/C. Alcalá),28027,Madrid (C/Alcalá),40.43942,-3.632773,https://www.volvocars.com/es/dealers/concesionarios-talleres/
AUTO ELIA,"AUTO ELIA (MADRID/C. Calidón, 7)",28043,Madrid,40.4488,-3.651149,https://www.volvocars.com/es/dealers/concesionarios-talleres/
BATTINVER,BATTINVER (CASTELLANA),28046,Madrid,40.4505,-3.690172,https://www.volvocars.com/es/dealers/concesionarios-talleres/
AUTO ELIA,AUTO ELIA (ALCALÁ DE HENARES),28805,Alcalá de Henares (Madrid),40.49423,-3.347617,https://www.volvocars.com/es/dealers/concesionarios-talleres/
BATTINVER,BATTINVER (MAJADAHONDA),28220,Majadahonda (Madrid),40.45781,-3.872234,https://www.volvocars.com/es/dealers/concesionarios-talleres/
AUTO ELIA,AUTO ELIA (MADRID/C. Sinesio Delgado),28029,Madrid,40.47202,-3.705745,https://www.volvocars.com/es/dealers/concesionarios-talleres/
BATTINVER,BATTINVER (ALCOBENDAS),28108,Alcobendas (Madrid),40.52876,-3.654014,https://www.volvocars.com/es/dealers/concesionarios-talleres/
AUTO ELIA,"AUTO ELIA (GUADALAJARA, Exposición)",19004,Guadalajara (C/Fco.Aritio),40.64368,-3.179769,https://www.volvocars.com/es/dealers/concesionarios-talleres/
EUROCATUR,EUROCATUR (ÁVILA),05004,Ávila,40.66337,-4.677879,https://www.volvocars.com/es/dealers/concesionarios-talleres/
TARRACO CENTER,TARRACO CENTER (TARRAGONA),43006,Tarragona,41.11441,1.219968,https://www.volvocars.com/es/dealers/concesionarios-talleres/
MERENAUTO,MERENAUTO (SALAMANCA),37184,Salamanca,40.99176,-5.640432,https://www.volvocars.com/es/dealers/concesionarios-talleres/
RONDA 15,RONDA 15 (CORNELLÁ DE LLOBREGAT),08940,Cornellá (Barcelona),41.3535,2.081469,https://www.volvocars.com/es/dealers/concesionarios-talleres/
DITEVO BARCELONA,DITEVO BARCELONA (SANT JUST DESVERN),08960,Sant Just Desvern (Barcelona),41.37909,2.07088,https://www.volvocars.com/es/dealers/concesionarios-talleres/
DITEVO BARCELONA,DITEVO BARCELONA,08029,Barcelona (C/Berlín),41.38357,2.139501,https://www.volvocars.com/es/dealers/concesionarios-talleres/
RONDA 15,RONDA 15 (BARCELONA/C. Les Corts),08028,Barcelona (C/Les Corts),41.3859,2.128504,https://www.volvocars.com/es/dealers/concesionarios-talleres/
RONDA 15,RONDA 15 (BARCELONA/Vía Augusta),08021,Barcelona (Vía Augusta),41.39795,2.137963,https://www.volvocars.com/es/dealers/concesionarios-talleres/
DITEVO BARCELONA,DITEVO BARCELONA (LA MAQUINISTA),08030,Barcelona,41.4427691657,2.2005011312,https://www.volvocars.com/es/dealers/concesionarios-talleres/
DITEVO BARCELONA,DITEVO BARCELONA (SANT CUGAT),08190,Sant Cugat del Vallés (Barcelona),41.480169,2.05793,https://www.volvocars.com/es/dealers/concesionarios-talleres/
TURISMES VALLÈS,TURISMES VALLÈS (SABADELL),08205,Sabadell (Barcelona),41.53717,2.096564,https://www.volvocars.com/es/dealers/concesionarios-talleres/
VOLMAR,VOLMAR (MATARÓ),08302,Mataró (Barcelona),41.5245,2.427142,https://www.volvocars.com/es/dealers/concesionarios-talleres/
TURISMES VALLÈS,TURISMES VALLÈS (TERRASSA),08225,Terrasa (Barcelona),41.5768,2.0173,https://www.volvocars.com/es/dealers/concesionarios-talleres/
MOTORCAT PREMIUM,MOTORCAT PREMIUM (IGUALADA),08700,Igualada (Barcelona),41.59195,1.625501,https://www.volvocars.com/es/dealers/concesionarios-talleres/
LLEMOSA,LLEMOSA (LLEIDA),25191,Lleida,41.62289,0.665024,https://www.volvocars.com/es/dealers/concesionarios-talleres/
COMERCIAL AUTOCENTRE,COMERCIAL AUTOCENTRE (GRANOLLERS),08401,Granollers (Barcelona),41.60091,2.276911,https://www.volvocars.com/es/dealers/concesionarios-talleres/
AUTOMÓVILES SÁNCHEZ,AUTOMÓVILES SÁNCHEZ (ZARAGOZA),50011,Zaragoza,41.66173,-0.927507,https://www.volvocars.com/es/dealers/concesionarios-talleres/
MOTORCAT PREMIUM,MOTORCAT PREMIUM (MANRESA),08241,Manresa (Barcelona),41.72886,1.831559,https://www.volvocars.com/es/dealers/concesionarios-talleres/
PALAUSA,PALAUSA (VALLADOLID),47012,Valladolid,41.60173,-4.700502,https://www.volvocars.com/es/dealers/concesionarios-talleres/
AUTOMÓVILES JOSÉ DE DIOS,AUTOMÓVILES JOSÉ DE DIOS (ZAMORA/Avda. Galicia),49024,Zamora (Ctra. Villacastín),41.52101,-5.755419,https://www.volvocars.com/es/dealers/concesionarios-talleres/
MOTORCAT PREMIUM,MOTORCAT PREMIUM (GURB),08503,Gurb (Barcelona),41.944841,2.243734,https://www.volvocars.com/es/dealers/concesionarios-talleres/
TURISMES GIRONA,TURISMES GIRONA (GIRONA),17005,Girona,41.95939,2.805987,https://www.volvocars.com/es/dealers/concesionarios-talleres/
LLEMOSA,LLEMOSA (HUESCA),22004,Huesca,42.1309,-0.415531,https://www.volvocars.com/es/dealers/concesionarios-talleres/
PALAUSA,PALAUSA (PALENCIA),34003,Palencia,41.99816,-4.50751,https://www.volvocars.com/es/dealers/concesionarios-talleres/
TURISMES GIRONA,TURISMES GIRONA (FIGUERES),17600,Figueres (Girona),42.26638,2.974634,https://www.volvocars.com/es/dealers/concesionarios-talleres/
AUTO OLSAN,AUTO OLSAN (BURGOS),09001,Burgos,42.303311,-3.703938,https://www.volvocars.com/es/dealers/concesionarios-talleres/
AUTO AGRISA,AUTO AGRISA (LOGROÑO),26006,Logroño (La Rioja),42.47224,-2.410919,https://www.volvocars.com/es/dealers/concesionarios-talleres/
NAVARSUECIA AUTOMOVILES,NAVARSUECIA AUTOMOVILES (NOAÍN/NAVARRA),31110,Noaín (Navarra),42.77017,-1.630829,https://www.volvocars.com/es/dealers/concesionarios-talleres/
VENDEL CARS,VENDEL CARS (LEÓN),24191,León,42.59038,-5.613451,https://www.volvocars.com/es/dealers/concesionarios-talleres/
AUTO E. ARREGUI,AUTO E. ARREGUI (VITORIA/Portal Betoño),01013,Vitoria (Portal Betoño) (Álava),42.85973,-2.660107,https://www.volvocars.com/es/dealers/concesionarios-talleres/
BALPER,BALPER (VIGO),36213,Vigo (Pontevedra),42.19902,-8.761596,https://www.volvocars.com/es/dealers/concesionarios-talleres/
BALPER,BALPER (OURENSE),32001,Ourense,42.35535,-7.905231,https://www.volvocars.com/es/dealers/concesionarios-talleres/
AUTO SUECIA,AUTO SUECIA (HERNANI),20120,Hernani (Guipúzcoa),43.27718,-1.989397,https://www.volvocars.com/es/dealers/concesionarios-talleres/
CARWAGEN,CARWAGEN (ERANDIO),48950,Erandio (Vizcaya),43.29201,-2.96059,https://www.volvocars.com/es/dealers/concesionarios-talleres/
BALPER,BALPER (LUGO),27003,Lugo,43.04129,-7.571747,https://www.volvocars.com/es/dealers/concesionarios-talleres/
SELECTIVE MOTOR,SELECTIVE MOTOR (SANTANDER),39011,Santander (Cantabria),43.44938,-3.830999,https://www.volvocars.com/es/dealers/concesionarios-talleres/
MERENAUTO,MERENAUTO (SANTIAGO DE COMPOSTELA),15890,S. Compostela,42.91033,-8.516426,https://www.volvocars.com/es/dealers/concesionarios-talleres/
AUTO SALÓN IMPORTACIONES,AUTO SALÓN IMPORTACIONES (OVIEDO),33010,Oviedo (Asturias),43.37055,-5.817622,https://www.volvocars.com/es/dealers/concesionarios-talleres/
AUTO SALÓN IMPORTACIONES,AUTO SALÓN IMPORTACIONES (GIJÓN),33211,Gijón (Asturias),43.51052,-5.688581,https://www.volvocars.com/es/dealers/concesionarios-talleres/
MERENAUTO,MERENAUTO (A CORUÑA),15172,A Coruña,43.32946,-8.367438,https://www.volvocars.com/es/dealers/concesionarios-talleres/
